{
  "train": {
    "annotation_dir": "E:\\VOC\\VOC2012_train_val\\Annotations",
    "num_images": 17125,
    "images_with_no_boxes": 8,
    "total_valid_boxes": 35676,
    "invalid_boxes": 0,
    "per_class_counts": [
      911,
      753,
      1169,
      902,
      1329,
      638,
      2105,
      1266,
      2443,
      642,
      635,
      1571,
      760,
      763,
      15753,
      1055,
      878,
      592,
      672,
      839
    ],
    "per_class_image_freq": [
      709,
      583,
      803,
      539,
      744,
      457,
      1211,
      1124,
      1170,
      334,
      564,
      1329,
      523,
      565,
      9282,
      567,
      356,
      530,
      583,
      618
    ],
    "class_presence_ratio": [
      0.0414014598540146,
      0.03404379562043796,
      0.04689051094890511,
      0.03147445255474453,
      0.043445255474452556,
      0.026686131386861312,
      0.07071532846715328,
      0.06563503649635037,
      0.06832116788321167,
      0.019503649635036497,
      0.03293430656934306,
      0.07760583941605839,
      0.03054014598540146,
      0.03299270072992701,
      0.542014598540146,
      0.03310948905109489,
      0.020788321167883213,
      0.030948905109489052,
      0.03404379562043796,
      0.03608759124087591
    ],
    "missing_classes": [],
    "class_imbalance_ratio": 26.6097972972973,
    "boxes_per_image": {
      "min": 0,
      "max": 39,
      "mean": 2.083270072992701
    }
  },
  "val": {
    "annotation_dir": "E:\\VOC\\VOC2012_train_val\\Annotations",
    "num_images": 17125,
    "images_with_no_boxes": 8,
    "total_valid_boxes": 35676,
    "invalid_boxes": 0,
    "per_class_counts": [
      911,
      753,
      1169,
      902,
      1329,
      638,
      2105,
      1266,
      2443,
      642,
      635,
      1571,
      760,
      763,
      15753,
      1055,
      878,
      592,
      672,
      839
    ],
    "per_class_image_freq": [
      709,
      583,
      803,
      539,
      744,
      457,
      1211,
      1124,
      1170,
      334,
      564,
      1329,
      523,
      565,
      9282,
      567,
      356,
      530,
      583,
      618
    ],
    "class_presence_ratio": [
      0.0414014598540146,
      0.03404379562043796,
      0.04689051094890511,
      0.03147445255474453,
      0.043445255474452556,
      0.026686131386861312,
      0.07071532846715328,
      0.06563503649635037,
      0.06832116788321167,
      0.019503649635036497,
      0.03293430656934306,
      0.07760583941605839,
      0.03054014598540146,
      0.03299270072992701,
      0.542014598540146,
      0.03310948905109489,
      0.020788321167883213,
      0.030948905109489052,
      0.03404379562043796,
      0.03608759124087591
    ],
    "missing_classes": [],
    "class_imbalance_ratio": 26.6097972972973,
    "boxes_per_image": {
      "min": 0,
      "max": 39,
      "mean": 2.083270072992701
    }
  }
}