{
  "epoch": 28,
  "train_loss": 0.3569279412810619,
  "train_loss_breakdown": {
    "giou": 0.3079647912845745,
    "objectness": 0.014820434700801865,
    "class": 0.03414271551223433
  },
  "val_loss": 3.837861937235345,
  "val_loss_breakdown": {
    "giou": 0.48321197062198606,
    "objectness": 0.014578254893102304,
    "class": 3.3400717130555146
  },
  "train_pos_per_image": 2.3833916083916082,
  "val_pos_per_image": 2.376717032967033,
  "metrics": {
    "mAP": 6.880205182824284e-05,
    "per_class_ap": {
      "0": 0.0,
      "1": 0.0,
      "2": 0.0,
      "3": 0.0,
      "4": 0.0,
      "5": 0.0,
      "6": 0.0,
      "7": 0.0,
      "8": 0.0,
      "9": 0.0,
      "10": 0.0,
      "11": 0.0,
      "12": 0.0,
      "13": 0.0,
      "14": 0.0013760410947725177,
      "15": 0.0,
      "16": 0.0,
      "17": 0.0,
      "18": 0.0,
      "19": 0.0
    },
    "per_class_counts": {
      "14": {
        "gt": 4372,
        "pred": 42,
        "tp": 14,
        "fp": 28,
        "final_recall": 0.0032021957449615,
        "final_precision": 0.3333333432674408
      }
    },
    "mean_iou": 0.628989896603993
  },
  "val_confidence": {
    "count": 42,
    "mean": 0.2288804054260254,
    "median": 0.21638011932373047,
    "p90": 0.2726215124130249
  },
  "label_stats": {
    "train": {
      "annotation_dir": "E:\\VOC\\VOC2012_train_val\\Annotations",
      "num_images": 17125,
      "images_with_no_boxes": 8,
      "total_valid_boxes": 35676,
      "invalid_boxes": 0,
      "per_class_counts": [
        911,
        753,
        1169,
        902,
        1329,
        638,
        2105,
        1266,
        2443,
        642,
        635,
        1571,
        760,
        763,
        15753,
        1055,
        878,
        592,
        672,
        839
      ],
      "per_class_image_freq": [
        709,
        583,
        803,
        539,
        744,
        457,
        1211,
        1124,
        1170,
        334,
        564,
        1329,
        523,
        565,
        9282,
        567,
        356,
        530,
        583,
        618
      ],
      "class_presence_ratio": [
        0.0414014598540146,
        0.03404379562043796,
        0.04689051094890511,
        0.03147445255474453,
        0.043445255474452556,
        0.026686131386861312,
        0.07071532846715328,
        0.06563503649635037,
        0.06832116788321167,
        0.019503649635036497,
        0.03293430656934306,
        0.07760583941605839,
        0.03054014598540146,
        0.03299270072992701,
        0.542014598540146,
        0.03310948905109489,
        0.020788321167883213,
        0.030948905109489052,
        0.03404379562043796,
        0.03608759124087591
      ],
      "missing_classes": [],
      "class_imbalance_ratio": 26.6097972972973,
      "boxes_per_image": {
        "min": 0,
        "max": 39,
        "mean": 2.083270072992701
      }
    },
    "val": {
      "annotation_dir": "E:\\VOC\\VOC2012_train_val\\Annotations",
      "num_images": 17125,
      "images_with_no_boxes": 8,
      "total_valid_boxes": 35676,
      "invalid_boxes": 0,
      "per_class_counts": [
        911,
        753,
        1169,
        902,
        1329,
        638,
        2105,
        1266,
        2443,
        642,
        635,
        1571,
        760,
        763,
        15753,
        1055,
        878,
        592,
        672,
        839
      ],
      "per_class_image_freq": [
        709,
        583,
        803,
        539,
        744,
        457,
        1211,
        1124,
        1170,
        334,
        564,
        1329,
        523,
        565,
        9282,
        567,
        356,
        530,
        583,
        618
      ],
      "class_presence_ratio": [
        0.0414014598540146,
        0.03404379562043796,
        0.04689051094890511,
        0.03147445255474453,
        0.043445255474452556,
        0.026686131386861312,
        0.07071532846715328,
        0.06563503649635037,
        0.06832116788321167,
        0.019503649635036497,
        0.03293430656934306,
        0.07760583941605839,
        0.03054014598540146,
        0.03299270072992701,
        0.542014598540146,
        0.03310948905109489,
        0.020788321167883213,
        0.030948905109489052,
        0.03404379562043796,
        0.03608759124087591
      ],
      "missing_classes": [],
      "class_imbalance_ratio": 26.6097972972973,
      "boxes_per_image": {
        "min": 0,
        "max": 39,
        "mean": 2.083270072992701
      }
    }
  },
  "val_debug_batch": {
    "images": [
      {
        "image_id": "2008_000002",
        "orig_size": [
          500,
          375
        ],
        "num_gt": 1,
        "num_pred_val_thresh": 0,
        "avg_obj_logit": -6.423697471618652,
        "num_pred_low_thresh": 0
      },
      {
        "image_id": "2008_000003",
        "orig_size": [
          500,
          333
        ],
        "num_gt": 2,
        "num_pred_val_thresh": 0,
        "avg_obj_logit": -6.441458702087402,
        "num_pred_low_thresh": 0
      },
      {
        "image_id": "2008_000007",
        "orig_size": [
          500,
          375
        ],
        "num_gt": 1,
        "num_pred_val_thresh": 0,
        "avg_obj_logit": -6.265405654907227,
        "num_pred_low_thresh": 4,
        "pred_to_gt_iou_mean": 0.15062542259693146,
        "gt_to_pred_iou_mean": 0.19713863730430603
      },
      {
        "image_id": "2008_000009",
        "orig_size": [
          500,
          375
        ],
        "num_gt": 2,
        "num_pred_val_thresh": 0,
        "avg_obj_logit": -6.68787956237793,
        "num_pred_low_thresh": 0
      }
    ]
  }
}