{
  "epoch": 42,
  "train_loss": 0.17737274243385642,
  "train_loss_breakdown": {
    "giou": 0.14593956992551163,
    "objectness": 0.014695326718208673,
    "class": 0.01673784576261976
  },
  "val_loss": 4.023504815545383,
  "val_loss_breakdown": {
    "giou": 0.4692920335967626,
    "objectness": 0.014477111514949414,
    "class": 3.539735673578804
  },
  "train_pos_per_image": 2.3797202797202797,
  "val_pos_per_image": 2.376717032967033,
  "metrics": {
    "mAP": 0.0001564633275847882,
    "per_class_ap": {
      "0": 0.0,
      "1": 0.0,
      "2": 0.0,
      "3": 0.0,
      "4": 0.0,
      "5": 0.0,
      "6": 0.0,
      "7": 0.0,
      "8": 0.0,
      "9": 0.0,
      "10": 0.0,
      "11": 0.0,
      "12": 0.0,
      "13": 0.0,
      "14": 0.0031292664352804422,
      "15": 0.0,
      "16": 0.0,
      "17": 0.0,
      "18": 0.0,
      "19": 0.0
    },
    "per_class_counts": {
      "14": {
        "gt": 4372,
        "pred": 116,
        "tp": 37,
        "fp": 79,
        "final_recall": 0.008462945930659771,
        "final_precision": 0.31896552443504333
      }
    },
    "mean_iou": 0.6285107543593959
  },
  "val_confidence": {
    "count": 118,
    "mean": 0.23163893818855286,
    "median": 0.22133593261241913,
    "p90": 0.2678021192550659
  },
  "label_stats": {
    "train": {
      "annotation_dir": "E:\\VOC\\VOC2012_train_val\\Annotations",
      "num_images": 17125,
      "images_with_no_boxes": 8,
      "total_valid_boxes": 35676,
      "invalid_boxes": 0,
      "per_class_counts": [
        911,
        753,
        1169,
        902,
        1329,
        638,
        2105,
        1266,
        2443,
        642,
        635,
        1571,
        760,
        763,
        15753,
        1055,
        878,
        592,
        672,
        839
      ],
      "per_class_image_freq": [
        709,
        583,
        803,
        539,
        744,
        457,
        1211,
        1124,
        1170,
        334,
        564,
        1329,
        523,
        565,
        9282,
        567,
        356,
        530,
        583,
        618
      ],
      "class_presence_ratio": [
        0.0414014598540146,
        0.03404379562043796,
        0.04689051094890511,
        0.03147445255474453,
        0.043445255474452556,
        0.026686131386861312,
        0.07071532846715328,
        0.06563503649635037,
        0.06832116788321167,
        0.019503649635036497,
        0.03293430656934306,
        0.07760583941605839,
        0.03054014598540146,
        0.03299270072992701,
        0.542014598540146,
        0.03310948905109489,
        0.020788321167883213,
        0.030948905109489052,
        0.03404379562043796,
        0.03608759124087591
      ],
      "missing_classes": [],
      "class_imbalance_ratio": 26.6097972972973,
      "boxes_per_image": {
        "min": 0,
        "max": 39,
        "mean": 2.083270072992701
      }
    },
    "val": {
      "annotation_dir": "E:\\VOC\\VOC2012_train_val\\Annotations",
      "num_images": 17125,
      "images_with_no_boxes": 8,
      "total_valid_boxes": 35676,
      "invalid_boxes": 0,
      "per_class_counts": [
        911,
        753,
        1169,
        902,
        1329,
        638,
        2105,
        1266,
        2443,
        642,
        635,
        1571,
        760,
        763,
        15753,
        1055,
        878,
        592,
        672,
        839
      ],
      "per_class_image_freq": [
        709,
        583,
        803,
        539,
        744,
        457,
        1211,
        1124,
        1170,
        334,
        564,
        1329,
        523,
        565,
        9282,
        567,
        356,
        530,
        583,
        618
      ],
      "class_presence_ratio": [
        0.0414014598540146,
        0.03404379562043796,
        0.04689051094890511,
        0.03147445255474453,
        0.043445255474452556,
        0.026686131386861312,
        0.07071532846715328,
        0.06563503649635037,
        0.06832116788321167,
        0.019503649635036497,
        0.03293430656934306,
        0.07760583941605839,
        0.03054014598540146,
        0.03299270072992701,
        0.542014598540146,
        0.03310948905109489,
        0.020788321167883213,
        0.030948905109489052,
        0.03404379562043796,
        0.03608759124087591
      ],
      "missing_classes": [],
      "class_imbalance_ratio": 26.6097972972973,
      "boxes_per_image": {
        "min": 0,
        "max": 39,
        "mean": 2.083270072992701
      }
    }
  },
  "val_debug_batch": {
    "images": [
      {
        "image_id": "2008_000002",
        "orig_size": [
          500,
          375
        ],
        "num_gt": 1,
        "num_pred_val_thresh": 0,
        "avg_obj_logit": -6.5085272789001465,
        "num_pred_low_thresh": 0
      },
      {
        "image_id": "2008_000003",
        "orig_size": [
          500,
          333
        ],
        "num_gt": 2,
        "num_pred_val_thresh": 0,
        "avg_obj_logit": -6.410664081573486,
        "num_pred_low_thresh": 0
      },
      {
        "image_id": "2008_000007",
        "orig_size": [
          500,
          375
        ],
        "num_gt": 1,
        "num_pred_val_thresh": 0,
        "avg_obj_logit": -6.501537322998047,
        "num_pred_low_thresh": 2,
        "pred_to_gt_iou_mean": 0.13025373220443726,
        "gt_to_pred_iou_mean": 0.18238548934459686
      },
      {
        "image_id": "2008_000009",
        "orig_size": [
          500,
          375
        ],
        "num_gt": 2,
        "num_pred_val_thresh": 0,
        "avg_obj_logit": -6.698673725128174,
        "num_pred_low_thresh": 0
      }
    ]
  }
}