{
  "epoch": 48,
  "train_loss": 0.15125138214105494,
  "train_loss_breakdown": {
    "giou": 0.12075277034167227,
    "objectness": 0.014732989011384494,
    "class": 0.01576562253774593
  },
  "val_loss": 4.011815480785547,
  "val_loss_breakdown": {
    "giou": 0.4679603890341881,
    "objectness": 0.01448635586728035,
    "class": 3.5293687335010824
  },
  "train_pos_per_image": 2.3802447552447554,
  "val_pos_per_image": 2.376717032967033,
  "metrics": {
    "mAP": 0.00013122052769176662,
    "per_class_ap": {
      "0": 0.0,
      "1": 0.0,
      "2": 0.0,
      "3": 0.0,
      "4": 0.0,
      "5": 0.0,
      "6": 0.0,
      "7": 0.0,
      "8": 0.0,
      "9": 0.0,
      "10": 0.0,
      "11": 0.0,
      "12": 0.0,
      "13": 0.0,
      "14": 0.0026244104374200106,
      "15": 0.0,
      "16": 0.0,
      "17": 0.0,
      "18": 0.0,
      "19": 0.0
    },
    "per_class_counts": {
      "14": {
        "gt": 4372,
        "pred": 98,
        "tp": 30,
        "fp": 68,
        "final_recall": 0.0068618482910096645,
        "final_precision": 0.30612245202064514
      }
    },
    "mean_iou": 0.6230488938670005
  },
  "val_confidence": {
    "count": 98,
    "mean": 0.23177127540111542,
    "median": 0.22037747502326965,
    "p90": 0.26662886142730713
  },
  "label_stats": {
    "train": {
      "annotation_dir": "E:\\VOC\\VOC2012_train_val\\Annotations",
      "num_images": 17125,
      "images_with_no_boxes": 8,
      "total_valid_boxes": 35676,
      "invalid_boxes": 0,
      "per_class_counts": [
        911,
        753,
        1169,
        902,
        1329,
        638,
        2105,
        1266,
        2443,
        642,
        635,
        1571,
        760,
        763,
        15753,
        1055,
        878,
        592,
        672,
        839
      ],
      "per_class_image_freq": [
        709,
        583,
        803,
        539,
        744,
        457,
        1211,
        1124,
        1170,
        334,
        564,
        1329,
        523,
        565,
        9282,
        567,
        356,
        530,
        583,
        618
      ],
      "class_presence_ratio": [
        0.0414014598540146,
        0.03404379562043796,
        0.04689051094890511,
        0.03147445255474453,
        0.043445255474452556,
        0.026686131386861312,
        0.07071532846715328,
        0.06563503649635037,
        0.06832116788321167,
        0.019503649635036497,
        0.03293430656934306,
        0.07760583941605839,
        0.03054014598540146,
        0.03299270072992701,
        0.542014598540146,
        0.03310948905109489,
        0.020788321167883213,
        0.030948905109489052,
        0.03404379562043796,
        0.03608759124087591
      ],
      "missing_classes": [],
      "class_imbalance_ratio": 26.6097972972973,
      "boxes_per_image": {
        "min": 0,
        "max": 39,
        "mean": 2.083270072992701
      }
    },
    "val": {
      "annotation_dir": "E:\\VOC\\VOC2012_train_val\\Annotations",
      "num_images": 17125,
      "images_with_no_boxes": 8,
      "total_valid_boxes": 35676,
      "invalid_boxes": 0,
      "per_class_counts": [
        911,
        753,
        1169,
        902,
        1329,
        638,
        2105,
        1266,
        2443,
        642,
        635,
        1571,
        760,
        763,
        15753,
        1055,
        878,
        592,
        672,
        839
      ],
      "per_class_image_freq": [
        709,
        583,
        803,
        539,
        744,
        457,
        1211,
        1124,
        1170,
        334,
        564,
        1329,
        523,
        565,
        9282,
        567,
        356,
        530,
        583,
        618
      ],
      "class_presence_ratio": [
        0.0414014598540146,
        0.03404379562043796,
        0.04689051094890511,
        0.03147445255474453,
        0.043445255474452556,
        0.026686131386861312,
        0.07071532846715328,
        0.06563503649635037,
        0.06832116788321167,
        0.019503649635036497,
        0.03293430656934306,
        0.07760583941605839,
        0.03054014598540146,
        0.03299270072992701,
        0.542014598540146,
        0.03310948905109489,
        0.020788321167883213,
        0.030948905109489052,
        0.03404379562043796,
        0.03608759124087591
      ],
      "missing_classes": [],
      "class_imbalance_ratio": 26.6097972972973,
      "boxes_per_image": {
        "min": 0,
        "max": 39,
        "mean": 2.083270072992701
      }
    }
  },
  "val_debug_batch": {
    "images": [
      {
        "image_id": "2008_000002",
        "orig_size": [
          500,
          375
        ],
        "num_gt": 1,
        "num_pred_val_thresh": 0,
        "avg_obj_logit": -6.5239667892456055,
        "num_pred_low_thresh": 0
      },
      {
        "image_id": "2008_000003",
        "orig_size": [
          500,
          333
        ],
        "num_gt": 2,
        "num_pred_val_thresh": 0,
        "avg_obj_logit": -6.450250625610352,
        "num_pred_low_thresh": 0
      },
      {
        "image_id": "2008_000007",
        "orig_size": [
          500,
          375
        ],
        "num_gt": 1,
        "num_pred_val_thresh": 0,
        "avg_obj_logit": -6.542930603027344,
        "num_pred_low_thresh": 0
      },
      {
        "image_id": "2008_000009",
        "orig_size": [
          500,
          375
        ],
        "num_gt": 2,
        "num_pred_val_thresh": 0,
        "avg_obj_logit": -6.7203521728515625,
        "num_pred_low_thresh": 0
      }
    ]
  }
}