{
  "epoch": 4,
  "train_loss": 0.675525792155947,
  "val_loss": 0.98515651623408,
  "train_pos_per_image": 10.116071428571429,
  "val_pos_per_image": 4.958333333333333,
  "metrics": {
    "mAP": 0.01562720723450184,
    "per_class_ap": {
      "0": 0.0,
      "1": 0.0,
      "2": 0.0,
      "3": 0.0,
      "4": 0.0,
      "5": 0.09376323968172073
    },
    "mean_iou": 0.6989233514358257
  },
  "label_stats": {
    "label_dir": "C:\\Users\\54544\\OneDrive\\Documents\\GitHub\\YOLO_DDS\\Dental OPG XRAY Dataset\\Augmented_Data\\train\\labels",
    "num_images": 558,
    "total_valid_boxes": 5642,
    "invalid_boxes": 0,
    "per_class_counts": [
      853,
      172,
      729,
      69,
      526,
      3293
    ],
    "boxes_per_image": {
      "min": 1,
      "max": 25,
      "mean": 10.11111111111111
    }
  },
  "val_debug_batch": {
    "images": [
      {
        "image_id": "105_jpg.rf.fc10e27e37bdacf62e154171aa518d6a",
        "orig_size": [
          640,
          315
        ],
        "num_gt": 3,
        "num_pred_val_thresh": 18,
        "avg_obj_logit": -4.90958309173584,
        "num_pred_low_thresh": 30,
        "pred_to_gt_iou_mean": 0.10377942025661469,
        "gt_to_pred_iou_mean": 0.5983330607414246
      },
      {
        "image_id": "122_jpg.rf.7668820b59771bafa96b99ba5411b121",
        "orig_size": [
          640,
          311
        ],
        "num_gt": 7,
        "num_pred_val_thresh": 3,
        "avg_obj_logit": -4.985907554626465,
        "num_pred_low_thresh": 30,
        "pred_to_gt_iou_mean": 0.21961958706378937,
        "gt_to_pred_iou_mean": 0.5835925936698914
      },
      {
        "image_id": "130_jpg.rf.f26cfd39dad7baef3d90c6f98aaa23ab",
        "orig_size": [
          640,
          278
        ],
        "num_gt": 2,
        "num_pred_val_thresh": 14,
        "avg_obj_logit": -4.956122875213623,
        "num_pred_low_thresh": 30,
        "pred_to_gt_iou_mean": 0.06727849692106247,
        "gt_to_pred_iou_mean": 0.5104787349700928
      },
      {
        "image_id": "141_jpg.rf.a7d2f07e8fbc3051dd3f306d89babea4",
        "orig_size": [
          640,
          312
        ],
        "num_gt": 2,
        "num_pred_val_thresh": 6,
        "avg_obj_logit": -4.917132377624512,
        "num_pred_low_thresh": 30,
        "pred_to_gt_iou_mean": 0.031303707510232925,
        "gt_to_pred_iou_mean": 0.33203062415122986
      }
    ]
  }
}