{
  "epoch": 42,
  "train_loss": 0.09732664009290082,
  "val_loss": 1.1102190713087718,
  "train_pos_per_image": 10.121428571428572,
  "val_pos_per_image": 4.958333333333333,
  "metrics": {
    "mAP": 0.12041763216257095,
    "per_class_ap": {
      "0": 0.15079365670681,
      "1": 0.0,
      "2": 0.3956238329410553,
      "3": 0.0,
      "4": 0.02777777798473835,
      "5": 0.14831052720546722
    },
    "mean_iou": 0.7299416137464119
  },
  "label_stats": {
    "label_dir": "C:\\Users\\54544\\OneDrive\\Documents\\GitHub\\YOLO_DDS\\Dental OPG XRAY Dataset\\Augmented_Data\\train\\labels",
    "num_images": 558,
    "total_valid_boxes": 5642,
    "invalid_boxes": 0,
    "per_class_counts": [
      853,
      172,
      729,
      69,
      526,
      3293
    ],
    "boxes_per_image": {
      "min": 1,
      "max": 25,
      "mean": 10.11111111111111
    }
  },
  "val_debug_batch": {
    "images": [
      {
        "image_id": "105_jpg.rf.fc10e27e37bdacf62e154171aa518d6a",
        "orig_size": [
          640,
          315
        ],
        "num_gt": 3,
        "num_pred_val_thresh": 15,
        "avg_obj_logit": -6.017238140106201,
        "num_pred_low_thresh": 30,
        "pred_to_gt_iou_mean": 0.05774855241179466,
        "gt_to_pred_iou_mean": 0.533439576625824
      },
      {
        "image_id": "122_jpg.rf.7668820b59771bafa96b99ba5411b121",
        "orig_size": [
          640,
          311
        ],
        "num_gt": 7,
        "num_pred_val_thresh": 12,
        "avg_obj_logit": -6.1193928718566895,
        "num_pred_low_thresh": 30,
        "pred_to_gt_iou_mean": 0.2656613886356354,
        "gt_to_pred_iou_mean": 0.6717462539672852
      },
      {
        "image_id": "130_jpg.rf.f26cfd39dad7baef3d90c6f98aaa23ab",
        "orig_size": [
          640,
          278
        ],
        "num_gt": 2,
        "num_pred_val_thresh": 14,
        "avg_obj_logit": -6.027304649353027,
        "num_pred_low_thresh": 30,
        "pred_to_gt_iou_mean": 0.09382865577936172,
        "gt_to_pred_iou_mean": 0.8543447256088257
      },
      {
        "image_id": "141_jpg.rf.a7d2f07e8fbc3051dd3f306d89babea4",
        "orig_size": [
          640,
          312
        ],
        "num_gt": 2,
        "num_pred_val_thresh": 9,
        "avg_obj_logit": -6.076324462890625,
        "num_pred_low_thresh": 30,
        "pred_to_gt_iou_mean": 0.09170498698949814,
        "gt_to_pred_iou_mean": 0.5876967906951904
      }
    ]
  }
}