{
  "epoch": 7,
  "train_loss": 0.4373736160142081,
  "val_loss": 0.9271751443545023,
  "train_pos_per_image": 10.10892857142857,
  "val_pos_per_image": 4.958333333333333,
  "metrics": {
    "mAP": 0.03681440278887749,
    "per_class_ap": {
      "0": 0.0357142873108387,
      "1": 0.0,
      "2": 0.111111119389534,
      "3": 0.0,
      "4": 0.0,
      "5": 0.07406102120876312
    },
    "per_class_counts": {
      "0": {
        "gt": 14,
        "pred": 10,
        "tp": 2,
        "fp": 8,
        "final_recall": 0.1428571492433548,
        "final_precision": 0.20000000298023224
      },
      "2": {
        "gt": 18,
        "pred": 7,
        "tp": 3,
        "fp": 4,
        "final_recall": 0.1666666716337204,
        "final_precision": 0.4285714328289032
      },
      "5": {
        "gt": 67,
        "pred": 116,
        "tp": 19,
        "fp": 97,
        "final_recall": 0.28358209133148193,
        "final_precision": 0.16379310190677643
      }
    },
    "mean_iou": 0.7029757285118103
  },
  "label_stats": {
    "train": {
      "label_dir": "C:\\Users\\54544\\OneDrive\\Documents\\GitHub\\YOLO_DDS\\Dental OPG XRAY Dataset\\Augmented_Data\\train\\labels",
      "num_images": 558,
      "total_valid_boxes": 5642,
      "invalid_boxes": 0,
      "per_class_counts": [
        853,
        172,
        729,
        69,
        526,
        3293
      ],
      "boxes_per_image": {
        "min": 1,
        "max": 25,
        "mean": 10.11111111111111
      }
    },
    "valid": {
      "label_dir": "C:\\Users\\54544\\OneDrive\\Documents\\GitHub\\YOLO_DDS\\Dental OPG XRAY Dataset\\Augmented_Data\\valid\\labels",
      "num_images": 23,
      "total_valid_boxes": 115,
      "invalid_boxes": 0,
      "per_class_counts": [
        14,
        4,
        18,
        3,
        9,
        67
      ],
      "boxes_per_image": {
        "min": 1,
        "max": 10,
        "mean": 5.0
      }
    },
    "test": {
      "label_dir": "C:\\Users\\54544\\OneDrive\\Documents\\GitHub\\YOLO_DDS\\Dental OPG XRAY Dataset\\Augmented_Data\\test\\labels",
      "num_images": 23,
      "total_valid_boxes": 102,
      "invalid_boxes": 0,
      "per_class_counts": [
        26,
        5,
        12,
        0,
        5,
        54
      ],
      "boxes_per_image": {
        "min": 2,
        "max": 9,
        "mean": 4.434782608695652
      }
    }
  },
  "val_debug_batch": {
    "images": [
      {
        "image_id": "105_jpg.rf.fc10e27e37bdacf62e154171aa518d6a",
        "orig_size": [
          640,
          315
        ],
        "num_gt": 3,
        "num_pred_val_thresh": 4,
        "avg_obj_logit": -5.2918829917907715,
        "num_pred_low_thresh": 30,
        "pred_to_gt_iou_mean": 0.08203081786632538,
        "gt_to_pred_iou_mean": 0.5555967092514038
      },
      {
        "image_id": "122_jpg.rf.7668820b59771bafa96b99ba5411b121",
        "orig_size": [
          640,
          311
        ],
        "num_gt": 7,
        "num_pred_val_thresh": 1,
        "avg_obj_logit": -5.301821231842041,
        "num_pred_low_thresh": 30,
        "pred_to_gt_iou_mean": 0.2231288105249405,
        "gt_to_pred_iou_mean": 0.5598863959312439
      },
      {
        "image_id": "130_jpg.rf.f26cfd39dad7baef3d90c6f98aaa23ab",
        "orig_size": [
          640,
          278
        ],
        "num_gt": 2,
        "num_pred_val_thresh": 1,
        "avg_obj_logit": -5.329808712005615,
        "num_pred_low_thresh": 28,
        "pred_to_gt_iou_mean": 0.06210312619805336,
        "gt_to_pred_iou_mean": 0.6299557089805603
      },
      {
        "image_id": "141_jpg.rf.a7d2f07e8fbc3051dd3f306d89babea4",
        "orig_size": [
          640,
          312
        ],
        "num_gt": 2,
        "num_pred_val_thresh": 4,
        "avg_obj_logit": -5.268740653991699,
        "num_pred_low_thresh": 30,
        "pred_to_gt_iou_mean": 0.051783885806798935,
        "gt_to_pred_iou_mean": 0.5776077508926392
      }
    ]
  }
}