{
  "epoch": 27,
  "train_loss": 0.16419194101222923,
  "train_loss_breakdown": {
    "giou": 0.12135350656296526,
    "objectness": 0.030065781849303416,
    "class": 0.012772653298452497
  },
  "val_loss": 1.0230357646942139,
  "val_loss_breakdown": {
    "giou": 0.28094400465488434,
    "objectness": 0.01731665851548314,
    "class": 0.724775105714798
  },
  "train_pos_per_image": 10.114285714285714,
  "val_pos_per_image": 4.958333333333333,
  "metrics": {
    "mAP": 0.11998402327299118,
    "per_class_ap": {
      "0": 0.05549588426947594,
      "1": 0.0,
      "2": 0.48660966753959656,
      "3": 0.0,
      "4": 0.0555555559694767,
      "5": 0.1222430095076561
    },
    "per_class_counts": {
      "0": {
        "gt": 14,
        "pred": 28,
        "tp": 3,
        "fp": 25,
        "final_recall": 0.2142857164144516,
        "final_precision": 0.1071428582072258
      },
      "2": {
        "gt": 18,
        "pred": 23,
        "tp": 11,
        "fp": 12,
        "final_recall": 0.6111111044883728,
        "final_precision": 0.47826087474823
      },
      "4": {
        "gt": 9,
        "pred": 4,
        "tp": 1,
        "fp": 3,
        "final_recall": 0.1111111119389534,
        "final_precision": 0.25
      },
      "5": {
        "gt": 67,
        "pred": 279,
        "tp": 41,
        "fp": 238,
        "final_recall": 0.611940324306488,
        "final_precision": 0.14695340394973755
      }
    },
    "mean_iou": 0.7289435984724659
  },
  "val_confidence": {
    "count": 334,
    "mean": 0.33644530177116394,
    "median": 0.3100690245628357,
    "p90": 0.4903038442134857
  },
  "label_stats": {
    "train": {
      "label_dir": "C:\\Users\\54544\\OneDrive\\Documents\\GitHub\\YOLO_DDS\\Dental OPG XRAY Dataset\\Augmented_Data\\train\\labels",
      "num_images": 558,
      "images_with_no_boxes": 0,
      "total_valid_boxes": 5642,
      "invalid_boxes": 0,
      "per_class_counts": [
        853,
        172,
        729,
        69,
        526,
        3293
      ],
      "per_class_image_freq": [
        392,
        104,
        322,
        58,
        225,
        550
      ],
      "class_presence_ratio": [
        0.7025089605734767,
        0.1863799283154122,
        0.5770609318996416,
        0.1039426523297491,
        0.4032258064516129,
        0.985663082437276
      ],
      "missing_classes": [],
      "class_imbalance_ratio": 47.72463768115942,
      "boxes_per_image": {
        "min": 1,
        "max": 25,
        "mean": 10.11111111111111
      }
    },
    "valid": {
      "label_dir": "C:\\Users\\54544\\OneDrive\\Documents\\GitHub\\YOLO_DDS\\Dental OPG XRAY Dataset\\Augmented_Data\\valid\\labels",
      "num_images": 23,
      "images_with_no_boxes": 0,
      "total_valid_boxes": 115,
      "invalid_boxes": 0,
      "per_class_counts": [
        14,
        4,
        18,
        3,
        9,
        67
      ],
      "per_class_image_freq": [
        8,
        3,
        7,
        3,
        6,
        22
      ],
      "class_presence_ratio": [
        0.34782608695652173,
        0.13043478260869565,
        0.30434782608695654,
        0.13043478260869565,
        0.2608695652173913,
        0.9565217391304348
      ],
      "missing_classes": [],
      "class_imbalance_ratio": 22.333333333333332,
      "boxes_per_image": {
        "min": 1,
        "max": 10,
        "mean": 5.0
      }
    },
    "test": {
      "label_dir": "C:\\Users\\54544\\OneDrive\\Documents\\GitHub\\YOLO_DDS\\Dental OPG XRAY Dataset\\Augmented_Data\\test\\labels",
      "num_images": 23,
      "images_with_no_boxes": 0,
      "total_valid_boxes": 102,
      "invalid_boxes": 0,
      "per_class_counts": [
        26,
        5,
        12,
        0,
        5,
        54
      ],
      "per_class_image_freq": [
        14,
        2,
        7,
        0,
        4,
        23
      ],
      "class_presence_ratio": [
        0.6086956521739131,
        0.08695652173913043,
        0.30434782608695654,
        0.0,
        0.17391304347826086,
        1.0
      ],
      "missing_classes": [
        3
      ],
      "class_imbalance_ratio": 10.8,
      "boxes_per_image": {
        "min": 2,
        "max": 9,
        "mean": 4.434782608695652
      }
    }
  },
  "val_debug_batch": {
    "images": [
      {
        "image_id": "105_jpg.rf.fc10e27e37bdacf62e154171aa518d6a",
        "orig_size": [
          640,
          315
        ],
        "num_gt": 3,
        "num_pred_val_thresh": 13,
        "avg_obj_logit": -5.957056522369385,
        "num_pred_low_thresh": 30,
        "pred_to_gt_iou_mean": 0.08930863440036774,
        "gt_to_pred_iou_mean": 0.7465286254882812
      },
      {
        "image_id": "122_jpg.rf.7668820b59771bafa96b99ba5411b121",
        "orig_size": [
          640,
          311
        ],
        "num_gt": 7,
        "num_pred_val_thresh": 10,
        "avg_obj_logit": -6.01917839050293,
        "num_pred_low_thresh": 30,
        "pred_to_gt_iou_mean": 0.27517563104629517,
        "gt_to_pred_iou_mean": 0.6438387632369995
      },
      {
        "image_id": "130_jpg.rf.f26cfd39dad7baef3d90c6f98aaa23ab",
        "orig_size": [
          640,
          278
        ],
        "num_gt": 2,
        "num_pred_val_thresh": 13,
        "avg_obj_logit": -5.958309650421143,
        "num_pred_low_thresh": 30,
        "pred_to_gt_iou_mean": 0.07824908196926117,
        "gt_to_pred_iou_mean": 0.8038914203643799
      },
      {
        "image_id": "141_jpg.rf.a7d2f07e8fbc3051dd3f306d89babea4",
        "orig_size": [
          640,
          312
        ],
        "num_gt": 2,
        "num_pred_val_thresh": 13,
        "avg_obj_logit": -5.940741539001465,
        "num_pred_low_thresh": 30,
        "pred_to_gt_iou_mean": 0.07778619229793549,
        "gt_to_pred_iou_mean": 0.7248483896255493
      }
    ]
  }
}