{
  "epoch": 14,
  "train_loss": 0.2673394718340465,
  "train_loss_breakdown": {
    "giou": 0.19947963846581324,
    "objectness": 0.03416152596473694,
    "class": 0.0336983083281666
  },
  "val_loss": 1.0240490436553955,
  "val_loss_breakdown": {
    "giou": 0.29060226182142895,
    "objectness": 0.019048236931363743,
    "class": 0.7143985430399576
  },
  "train_pos_per_image": 10.107142857142858,
  "val_pos_per_image": 4.958333333333333,
  "metrics": {
    "mAP": 0.09950754791498184,
    "per_class_ap": {
      "0": 0.10000000894069672,
      "1": 0.0,
      "2": 0.3194444477558136,
      "3": 0.0,
      "4": 0.0555555559694767,
      "5": 0.12204530835151672
    },
    "per_class_counts": {
      "0": {
        "gt": 14,
        "pred": 10,
        "tp": 2,
        "fp": 8,
        "final_recall": 0.1428571492433548,
        "final_precision": 0.20000000298023224
      },
      "2": {
        "gt": 18,
        "pred": 11,
        "tp": 6,
        "fp": 5,
        "final_recall": 0.3333333432674408,
        "final_precision": 0.5454545617103577
      },
      "4": {
        "gt": 9,
        "pred": 4,
        "tp": 1,
        "fp": 3,
        "final_recall": 0.1111111119389534,
        "final_precision": 0.25
      },
      "5": {
        "gt": 67,
        "pred": 276,
        "tp": 39,
        "fp": 237,
        "final_recall": 0.5820895433425903,
        "final_precision": 0.14130434393882751
      }
    },
    "mean_iou": 0.710224840257849
  },
  "val_confidence": {
    "count": 301,
    "mean": 0.31351444125175476,
    "median": 0.28168442845344543,
    "p90": 0.4550459384918213
  },
  "label_stats": {
    "train": {
      "label_dir": "C:\\Users\\54544\\OneDrive\\Documents\\GitHub\\YOLO_DDS\\Dental OPG XRAY Dataset\\Augmented_Data\\train\\labels",
      "num_images": 558,
      "images_with_no_boxes": 0,
      "total_valid_boxes": 5642,
      "invalid_boxes": 0,
      "per_class_counts": [
        853,
        172,
        729,
        69,
        526,
        3293
      ],
      "per_class_image_freq": [
        392,
        104,
        322,
        58,
        225,
        550
      ],
      "class_presence_ratio": [
        0.7025089605734767,
        0.1863799283154122,
        0.5770609318996416,
        0.1039426523297491,
        0.4032258064516129,
        0.985663082437276
      ],
      "missing_classes": [],
      "class_imbalance_ratio": 47.72463768115942,
      "boxes_per_image": {
        "min": 1,
        "max": 25,
        "mean": 10.11111111111111
      }
    },
    "valid": {
      "label_dir": "C:\\Users\\54544\\OneDrive\\Documents\\GitHub\\YOLO_DDS\\Dental OPG XRAY Dataset\\Augmented_Data\\valid\\labels",
      "num_images": 23,
      "images_with_no_boxes": 0,
      "total_valid_boxes": 115,
      "invalid_boxes": 0,
      "per_class_counts": [
        14,
        4,
        18,
        3,
        9,
        67
      ],
      "per_class_image_freq": [
        8,
        3,
        7,
        3,
        6,
        22
      ],
      "class_presence_ratio": [
        0.34782608695652173,
        0.13043478260869565,
        0.30434782608695654,
        0.13043478260869565,
        0.2608695652173913,
        0.9565217391304348
      ],
      "missing_classes": [],
      "class_imbalance_ratio": 22.333333333333332,
      "boxes_per_image": {
        "min": 1,
        "max": 10,
        "mean": 5.0
      }
    },
    "test": {
      "label_dir": "C:\\Users\\54544\\OneDrive\\Documents\\GitHub\\YOLO_DDS\\Dental OPG XRAY Dataset\\Augmented_Data\\test\\labels",
      "num_images": 23,
      "images_with_no_boxes": 0,
      "total_valid_boxes": 102,
      "invalid_boxes": 0,
      "per_class_counts": [
        26,
        5,
        12,
        0,
        5,
        54
      ],
      "per_class_image_freq": [
        14,
        2,
        7,
        0,
        4,
        23
      ],
      "class_presence_ratio": [
        0.6086956521739131,
        0.08695652173913043,
        0.30434782608695654,
        0.0,
        0.17391304347826086,
        1.0
      ],
      "missing_classes": [
        3
      ],
      "class_imbalance_ratio": 10.8,
      "boxes_per_image": {
        "min": 2,
        "max": 9,
        "mean": 4.434782608695652
      }
    }
  },
  "val_debug_batch": {
    "images": [
      {
        "image_id": "105_jpg.rf.fc10e27e37bdacf62e154171aa518d6a",
        "orig_size": [
          640,
          315
        ],
        "num_gt": 3,
        "num_pred_val_thresh": 13,
        "avg_obj_logit": -5.611776828765869,
        "num_pred_low_thresh": 30,
        "pred_to_gt_iou_mean": 0.0861426293849945,
        "gt_to_pred_iou_mean": 0.7361379265785217
      },
      {
        "image_id": "122_jpg.rf.7668820b59771bafa96b99ba5411b121",
        "orig_size": [
          640,
          311
        ],
        "num_gt": 7,
        "num_pred_val_thresh": 9,
        "avg_obj_logit": -5.670055389404297,
        "num_pred_low_thresh": 30,
        "pred_to_gt_iou_mean": 0.2746346890926361,
        "gt_to_pred_iou_mean": 0.6370970010757446
      },
      {
        "image_id": "130_jpg.rf.f26cfd39dad7baef3d90c6f98aaa23ab",
        "orig_size": [
          640,
          278
        ],
        "num_gt": 2,
        "num_pred_val_thresh": 15,
        "avg_obj_logit": -5.613976955413818,
        "num_pred_low_thresh": 30,
        "pred_to_gt_iou_mean": 0.07966835051774979,
        "gt_to_pred_iou_mean": 0.8378205299377441
      },
      {
        "image_id": "141_jpg.rf.a7d2f07e8fbc3051dd3f306d89babea4",
        "orig_size": [
          640,
          312
        ],
        "num_gt": 2,
        "num_pred_val_thresh": 11,
        "avg_obj_logit": -5.605679035186768,
        "num_pred_low_thresh": 30,
        "pred_to_gt_iou_mean": 0.0448891706764698,
        "gt_to_pred_iou_mean": 0.4463040232658386
      }
    ]
  }
}