{
  "epoch": 48,
  "train_loss": 0.08455846919012922,
  "val_loss": 1.0564078986644745,
  "train_pos_per_image": 10.121428571428572,
  "val_pos_per_image": 4.958333333333333,
  "metrics": {
    "mAP": 0.16299039125442505,
    "per_class_ap": {
      "0": 0.07983193546533585,
      "1": 0.0,
      "2": 0.6135197877883911,
      "3": 0.0,
      "4": 0.12222222983837128,
      "5": 0.16236838698387146
    },
    "per_class_counts": {
      "0": {
        "gt": 14,
        "pred": 24,
        "tp": 2,
        "fp": 22,
        "final_recall": 0.1428571492433548,
        "final_precision": 0.0833333358168602
      },
      "2": {
        "gt": 18,
        "pred": 33,
        "tp": 13,
        "fp": 20,
        "final_recall": 0.7222222089767456,
        "final_precision": 0.39393940567970276
      },
      "4": {
        "gt": 9,
        "pred": 10,
        "tp": 3,
        "fp": 7,
        "final_recall": 0.3333333432674408,
        "final_precision": 0.30000001192092896
      },
      "5": {
        "gt": 67,
        "pred": 298,
        "tp": 46,
        "fp": 252,
        "final_recall": 0.6865671873092651,
        "final_precision": 0.15436241030693054
      }
    },
    "mean_iou": 0.7321822361813651
  },
  "label_stats": {
    "train": {
      "label_dir": "C:\\Users\\54544\\OneDrive\\Documents\\GitHub\\YOLO_DDS\\Dental OPG XRAY Dataset\\Augmented_Data\\train\\labels",
      "num_images": 558,
      "total_valid_boxes": 5642,
      "invalid_boxes": 0,
      "per_class_counts": [
        853,
        172,
        729,
        69,
        526,
        3293
      ],
      "boxes_per_image": {
        "min": 1,
        "max": 25,
        "mean": 10.11111111111111
      }
    },
    "valid": {
      "label_dir": "C:\\Users\\54544\\OneDrive\\Documents\\GitHub\\YOLO_DDS\\Dental OPG XRAY Dataset\\Augmented_Data\\valid\\labels",
      "num_images": 23,
      "total_valid_boxes": 115,
      "invalid_boxes": 0,
      "per_class_counts": [
        14,
        4,
        18,
        3,
        9,
        67
      ],
      "boxes_per_image": {
        "min": 1,
        "max": 10,
        "mean": 5.0
      }
    },
    "test": {
      "label_dir": "C:\\Users\\54544\\OneDrive\\Documents\\GitHub\\YOLO_DDS\\Dental OPG XRAY Dataset\\Augmented_Data\\test\\labels",
      "num_images": 23,
      "total_valid_boxes": 102,
      "invalid_boxes": 0,
      "per_class_counts": [
        26,
        5,
        12,
        0,
        5,
        54
      ],
      "boxes_per_image": {
        "min": 2,
        "max": 9,
        "mean": 4.434782608695652
      }
    }
  },
  "val_debug_batch": {
    "images": [
      {
        "image_id": "105_jpg.rf.fc10e27e37bdacf62e154171aa518d6a",
        "orig_size": [
          640,
          315
        ],
        "num_gt": 3,
        "num_pred_val_thresh": 11,
        "avg_obj_logit": -6.031250953674316,
        "num_pred_low_thresh": 30,
        "pred_to_gt_iou_mean": 0.0697813481092453,
        "gt_to_pred_iou_mean": 0.581849217414856
      },
      {
        "image_id": "122_jpg.rf.7668820b59771bafa96b99ba5411b121",
        "orig_size": [
          640,
          311
        ],
        "num_gt": 7,
        "num_pred_val_thresh": 11,
        "avg_obj_logit": -6.094323635101318,
        "num_pred_low_thresh": 30,
        "pred_to_gt_iou_mean": 0.24887587130069733,
        "gt_to_pred_iou_mean": 0.6388621926307678
      },
      {
        "image_id": "130_jpg.rf.f26cfd39dad7baef3d90c6f98aaa23ab",
        "orig_size": [
          640,
          278
        ],
        "num_gt": 2,
        "num_pred_val_thresh": 19,
        "avg_obj_logit": -6.030039310455322,
        "num_pred_low_thresh": 30,
        "pred_to_gt_iou_mean": 0.0790649875998497,
        "gt_to_pred_iou_mean": 0.8181808590888977
      },
      {
        "image_id": "141_jpg.rf.a7d2f07e8fbc3051dd3f306d89babea4",
        "orig_size": [
          640,
          312
        ],
        "num_gt": 2,
        "num_pred_val_thresh": 12,
        "avg_obj_logit": -6.066577911376953,
        "num_pred_low_thresh": 30,
        "pred_to_gt_iou_mean": 0.073583222925663,
        "gt_to_pred_iou_mean": 0.632466733455658
      }
    ]
  }
}