{
  "epoch": 33,
  "train_loss": 0.13162523518715585,
  "train_loss_breakdown": {
    "giou": 0.09231667891144753,
    "objectness": 0.028937161999887655,
    "class": 0.010371394601783582
  },
  "val_loss": 1.042122334241867,
  "val_loss_breakdown": {
    "giou": 0.27027879158655804,
    "objectness": 0.016935312654823065,
    "class": 0.7549082090457281
  },
  "train_pos_per_image": 10.125,
  "val_pos_per_image": 4.958333333333333,
  "metrics": {
    "mAP": 0.13749851286411285,
    "per_class_ap": {
      "0": 0.09183673560619354,
      "1": 0.0,
      "2": 0.5464166402816772,
      "3": 0.0,
      "4": 0.0555555559694767,
      "5": 0.13118217885494232
    },
    "per_class_counts": {
      "0": {
        "gt": 14,
        "pred": 24,
        "tp": 3,
        "fp": 21,
        "final_recall": 0.2142857164144516,
        "final_precision": 0.125
      },
      "2": {
        "gt": 18,
        "pred": 31,
        "tp": 13,
        "fp": 18,
        "final_recall": 0.7222222089767456,
        "final_precision": 0.4193548262119293
      },
      "4": {
        "gt": 9,
        "pred": 8,
        "tp": 1,
        "fp": 7,
        "final_recall": 0.1111111119389534,
        "final_precision": 0.125
      },
      "5": {
        "gt": 67,
        "pred": 302,
        "tp": 43,
        "fp": 259,
        "final_recall": 0.641791045665741,
        "final_precision": 0.1423841118812561
      }
    },
    "mean_iou": 0.7478349318871131
  },
  "val_confidence": {
    "count": 365,
    "mean": 0.3432658314704895,
    "median": 0.31551504135131836,
    "p90": 0.5120111107826233
  },
  "label_stats": {
    "train": {
      "label_dir": "C:\\Users\\54544\\OneDrive\\Documents\\GitHub\\YOLO_DDS\\Dental OPG XRAY Dataset\\Augmented_Data\\train\\labels",
      "num_images": 558,
      "images_with_no_boxes": 0,
      "total_valid_boxes": 5642,
      "invalid_boxes": 0,
      "per_class_counts": [
        853,
        172,
        729,
        69,
        526,
        3293
      ],
      "per_class_image_freq": [
        392,
        104,
        322,
        58,
        225,
        550
      ],
      "class_presence_ratio": [
        0.7025089605734767,
        0.1863799283154122,
        0.5770609318996416,
        0.1039426523297491,
        0.4032258064516129,
        0.985663082437276
      ],
      "missing_classes": [],
      "class_imbalance_ratio": 47.72463768115942,
      "boxes_per_image": {
        "min": 1,
        "max": 25,
        "mean": 10.11111111111111
      }
    },
    "valid": {
      "label_dir": "C:\\Users\\54544\\OneDrive\\Documents\\GitHub\\YOLO_DDS\\Dental OPG XRAY Dataset\\Augmented_Data\\valid\\labels",
      "num_images": 23,
      "images_with_no_boxes": 0,
      "total_valid_boxes": 115,
      "invalid_boxes": 0,
      "per_class_counts": [
        14,
        4,
        18,
        3,
        9,
        67
      ],
      "per_class_image_freq": [
        8,
        3,
        7,
        3,
        6,
        22
      ],
      "class_presence_ratio": [
        0.34782608695652173,
        0.13043478260869565,
        0.30434782608695654,
        0.13043478260869565,
        0.2608695652173913,
        0.9565217391304348
      ],
      "missing_classes": [],
      "class_imbalance_ratio": 22.333333333333332,
      "boxes_per_image": {
        "min": 1,
        "max": 10,
        "mean": 5.0
      }
    },
    "test": {
      "label_dir": "C:\\Users\\54544\\OneDrive\\Documents\\GitHub\\YOLO_DDS\\Dental OPG XRAY Dataset\\Augmented_Data\\test\\labels",
      "num_images": 23,
      "images_with_no_boxes": 0,
      "total_valid_boxes": 102,
      "invalid_boxes": 0,
      "per_class_counts": [
        26,
        5,
        12,
        0,
        5,
        54
      ],
      "per_class_image_freq": [
        14,
        2,
        7,
        0,
        4,
        23
      ],
      "class_presence_ratio": [
        0.6086956521739131,
        0.08695652173913043,
        0.30434782608695654,
        0.0,
        0.17391304347826086,
        1.0
      ],
      "missing_classes": [
        3
      ],
      "class_imbalance_ratio": 10.8,
      "boxes_per_image": {
        "min": 2,
        "max": 9,
        "mean": 4.434782608695652
      }
    }
  },
  "val_debug_batch": {
    "images": [
      {
        "image_id": "105_jpg.rf.fc10e27e37bdacf62e154171aa518d6a",
        "orig_size": [
          640,
          315
        ],
        "num_gt": 3,
        "num_pred_val_thresh": 14,
        "avg_obj_logit": -6.012836933135986,
        "num_pred_low_thresh": 30,
        "pred_to_gt_iou_mean": 0.08342167735099792,
        "gt_to_pred_iou_mean": 0.7591282725334167
      },
      {
        "image_id": "122_jpg.rf.7668820b59771bafa96b99ba5411b121",
        "orig_size": [
          640,
          311
        ],
        "num_gt": 7,
        "num_pred_val_thresh": 14,
        "avg_obj_logit": -6.076313018798828,
        "num_pred_low_thresh": 30,
        "pred_to_gt_iou_mean": 0.30601319670677185,
        "gt_to_pred_iou_mean": 0.6454131007194519
      },
      {
        "image_id": "130_jpg.rf.f26cfd39dad7baef3d90c6f98aaa23ab",
        "orig_size": [
          640,
          278
        ],
        "num_gt": 2,
        "num_pred_val_thresh": 16,
        "avg_obj_logit": -6.011463642120361,
        "num_pred_low_thresh": 30,
        "pred_to_gt_iou_mean": 0.07836896926164627,
        "gt_to_pred_iou_mean": 0.8127674460411072
      },
      {
        "image_id": "141_jpg.rf.a7d2f07e8fbc3051dd3f306d89babea4",
        "orig_size": [
          640,
          312
        ],
        "num_gt": 2,
        "num_pred_val_thresh": 11,
        "avg_obj_logit": -5.999773979187012,
        "num_pred_low_thresh": 30,
        "pred_to_gt_iou_mean": 0.07956118881702423,
        "gt_to_pred_iou_mean": 0.6921466588973999
      }
    ]
  }
}