{
  "epoch": 22,
  "train_loss": 0.19449265780193464,
  "val_loss": 1.0481645166873932,
  "train_pos_per_image": 10.105357142857143,
  "val_pos_per_image": 4.958333333333333,
  "metrics": {
    "mAP": 0.15024442970752716,
    "per_class_ap": {
      "0": 0.14609800279140472,
      "1": 0.0,
      "2": 0.5562100410461426,
      "3": 0.0,
      "4": 0.03703703731298447,
      "5": 0.1621214598417282
    },
    "per_class_counts": {
      "0": {
        "gt": 14,
        "pred": 30,
        "tp": 6,
        "fp": 24,
        "final_recall": 0.4285714328289032,
        "final_precision": 0.20000000298023224
      },
      "2": {
        "gt": 18,
        "pred": 33,
        "tp": 12,
        "fp": 21,
        "final_recall": 0.6666666865348816,
        "final_precision": 0.3636363744735718
      },
      "4": {
        "gt": 9,
        "pred": 5,
        "tp": 1,
        "fp": 4,
        "final_recall": 0.1111111119389534,
        "final_precision": 0.20000000298023224
      },
      "5": {
        "gt": 67,
        "pred": 290,
        "tp": 42,
        "fp": 248,
        "final_recall": 0.6268656849861145,
        "final_precision": 0.14482758939266205
      }
    },
    "mean_iou": 0.7323819705668617
  },
  "label_stats": {
    "train": {
      "label_dir": "C:\\Users\\54544\\OneDrive\\Documents\\GitHub\\YOLO_DDS\\Dental OPG XRAY Dataset\\Augmented_Data\\train\\labels",
      "num_images": 558,
      "total_valid_boxes": 5642,
      "invalid_boxes": 0,
      "per_class_counts": [
        853,
        172,
        729,
        69,
        526,
        3293
      ],
      "boxes_per_image": {
        "min": 1,
        "max": 25,
        "mean": 10.11111111111111
      }
    },
    "valid": {
      "label_dir": "C:\\Users\\54544\\OneDrive\\Documents\\GitHub\\YOLO_DDS\\Dental OPG XRAY Dataset\\Augmented_Data\\valid\\labels",
      "num_images": 23,
      "total_valid_boxes": 115,
      "invalid_boxes": 0,
      "per_class_counts": [
        14,
        4,
        18,
        3,
        9,
        67
      ],
      "boxes_per_image": {
        "min": 1,
        "max": 10,
        "mean": 5.0
      }
    },
    "test": {
      "label_dir": "C:\\Users\\54544\\OneDrive\\Documents\\GitHub\\YOLO_DDS\\Dental OPG XRAY Dataset\\Augmented_Data\\test\\labels",
      "num_images": 23,
      "total_valid_boxes": 102,
      "invalid_boxes": 0,
      "per_class_counts": [
        26,
        5,
        12,
        0,
        5,
        54
      ],
      "boxes_per_image": {
        "min": 2,
        "max": 9,
        "mean": 4.434782608695652
      }
    }
  },
  "val_debug_batch": {
    "images": [
      {
        "image_id": "105_jpg.rf.fc10e27e37bdacf62e154171aa518d6a",
        "orig_size": [
          640,
          315
        ],
        "num_gt": 3,
        "num_pred_val_thresh": 12,
        "avg_obj_logit": -5.804877758026123,
        "num_pred_low_thresh": 30,
        "pred_to_gt_iou_mean": 0.06263503432273865,
        "gt_to_pred_iou_mean": 0.5414101481437683
      },
      {
        "image_id": "122_jpg.rf.7668820b59771bafa96b99ba5411b121",
        "orig_size": [
          640,
          311
        ],
        "num_gt": 7,
        "num_pred_val_thresh": 6,
        "avg_obj_logit": -5.916860580444336,
        "num_pred_low_thresh": 30,
        "pred_to_gt_iou_mean": 0.23079261183738708,
        "gt_to_pred_iou_mean": 0.653204083442688
      },
      {
        "image_id": "130_jpg.rf.f26cfd39dad7baef3d90c6f98aaa23ab",
        "orig_size": [
          640,
          278
        ],
        "num_gt": 2,
        "num_pred_val_thresh": 18,
        "avg_obj_logit": -5.8101911544799805,
        "num_pred_low_thresh": 30,
        "pred_to_gt_iou_mean": 0.08039607107639313,
        "gt_to_pred_iou_mean": 0.8148330450057983
      },
      {
        "image_id": "141_jpg.rf.a7d2f07e8fbc3051dd3f306d89babea4",
        "orig_size": [
          640,
          312
        ],
        "num_gt": 2,
        "num_pred_val_thresh": 12,
        "avg_obj_logit": -5.874996185302734,
        "num_pred_low_thresh": 30,
        "pred_to_gt_iou_mean": 0.07074563205242157,
        "gt_to_pred_iou_mean": 0.6072638034820557
      }
    ]
  }
}