{
  "epoch": 20,
  "train_loss": 0.21631577302302632,
  "val_loss": 1.0675128599007924,
  "train_pos_per_image": 10.110714285714286,
  "val_pos_per_image": 4.958333333333333,
  "metrics": {
    "mAP": 0.0799451544880867,
    "per_class_ap": {
      "0": 0.0803571492433548,
      "1": 0.0,
      "2": 0.26844313740730286,
      "3": 0.0,
      "4": 0.0,
      "5": 0.13087065517902374
    },
    "mean_iou": 0.7177167446525009
  },
  "label_stats": {
    "label_dir": "C:\\Users\\54544\\OneDrive\\Documents\\GitHub\\YOLO_DDS\\Dental OPG XRAY Dataset\\Augmented_Data\\train\\labels",
    "num_images": 558,
    "total_valid_boxes": 5642,
    "invalid_boxes": 0,
    "per_class_counts": [
      853,
      172,
      729,
      69,
      526,
      3293
    ],
    "boxes_per_image": {
      "min": 1,
      "max": 25,
      "mean": 10.11111111111111
    }
  },
  "val_debug_batch": {
    "images": [
      {
        "image_id": "105_jpg.rf.fc10e27e37bdacf62e154171aa518d6a",
        "orig_size": [
          640,
          315
        ],
        "num_gt": 3,
        "num_pred_val_thresh": 11,
        "avg_obj_logit": -5.810315132141113,
        "num_pred_low_thresh": 30,
        "pred_to_gt_iou_mean": 0.0806213840842247,
        "gt_to_pred_iou_mean": 0.7095363736152649
      },
      {
        "image_id": "122_jpg.rf.7668820b59771bafa96b99ba5411b121",
        "orig_size": [
          640,
          311
        ],
        "num_gt": 7,
        "num_pred_val_thresh": 9,
        "avg_obj_logit": -5.925276756286621,
        "num_pred_low_thresh": 30,
        "pred_to_gt_iou_mean": 0.23934108018875122,
        "gt_to_pred_iou_mean": 0.6181690096855164
      },
      {
        "image_id": "130_jpg.rf.f26cfd39dad7baef3d90c6f98aaa23ab",
        "orig_size": [
          640,
          278
        ],
        "num_gt": 2,
        "num_pred_val_thresh": 16,
        "avg_obj_logit": -5.82802677154541,
        "num_pred_low_thresh": 30,
        "pred_to_gt_iou_mean": 0.07364090532064438,
        "gt_to_pred_iou_mean": 0.7333706617355347
      },
      {
        "image_id": "141_jpg.rf.a7d2f07e8fbc3051dd3f306d89babea4",
        "orig_size": [
          640,
          312
        ],
        "num_gt": 2,
        "num_pred_val_thresh": 8,
        "avg_obj_logit": -5.880208492279053,
        "num_pred_low_thresh": 30,
        "pred_to_gt_iou_mean": 0.05218864977359772,
        "gt_to_pred_iou_mean": 0.3749488592147827
      }
    ]
  }
}