{
  "epoch": 11,
  "train_loss": 0.31846645367997034,
  "train_loss_breakdown": {
    "giou": 0.22933349928685598,
    "objectness": 0.0357244015937405,
    "class": 0.053408552333712576
  },
  "val_loss": 0.9749530653158823,
  "val_loss_breakdown": {
    "giou": 0.279724657535553,
    "objectness": 0.019653204673280317,
    "class": 0.6755752215782801
  },
  "train_pos_per_image": 10.1,
  "val_pos_per_image": 4.958333333333333,
  "metrics": {
    "mAP": 0.0731603279709816,
    "per_class_ap": {
      "0": 0.07442978024482727,
      "1": 0.0,
      "2": 0.21160714328289032,
      "3": 0.0,
      "4": 0.0555555559694767,
      "5": 0.0973694771528244
    },
    "per_class_counts": {
      "0": {
        "gt": 14,
        "pred": 23,
        "tp": 4,
        "fp": 19,
        "final_recall": 0.2857142984867096,
        "final_precision": 0.17391304671764374
      },
      "2": {
        "gt": 18,
        "pred": 23,
        "tp": 7,
        "fp": 16,
        "final_recall": 0.3888888955116272,
        "final_precision": 0.30434781312942505
      },
      "4": {
        "gt": 9,
        "pred": 6,
        "tp": 1,
        "fp": 5,
        "final_recall": 0.1111111119389534,
        "final_precision": 0.1666666716337204
      },
      "5": {
        "gt": 67,
        "pred": 195,
        "tp": 28,
        "fp": 167,
        "final_recall": 0.41791045665740967,
        "final_precision": 0.14358974993228912
      }
    },
    "mean_iou": 0.7357575810232828
  },
  "val_confidence": {
    "count": 247,
    "mean": 0.30015113949775696,
    "median": 0.2768048048019409,
    "p90": 0.42404240369796753
  },
  "label_stats": {
    "train": {
      "label_dir": "C:\\Users\\54544\\OneDrive\\Documents\\GitHub\\YOLO_DDS\\Dental OPG XRAY Dataset\\Augmented_Data\\train\\labels",
      "num_images": 558,
      "images_with_no_boxes": 0,
      "total_valid_boxes": 5642,
      "invalid_boxes": 0,
      "per_class_counts": [
        853,
        172,
        729,
        69,
        526,
        3293
      ],
      "per_class_image_freq": [
        392,
        104,
        322,
        58,
        225,
        550
      ],
      "class_presence_ratio": [
        0.7025089605734767,
        0.1863799283154122,
        0.5770609318996416,
        0.1039426523297491,
        0.4032258064516129,
        0.985663082437276
      ],
      "missing_classes": [],
      "class_imbalance_ratio": 47.72463768115942,
      "boxes_per_image": {
        "min": 1,
        "max": 25,
        "mean": 10.11111111111111
      }
    },
    "valid": {
      "label_dir": "C:\\Users\\54544\\OneDrive\\Documents\\GitHub\\YOLO_DDS\\Dental OPG XRAY Dataset\\Augmented_Data\\valid\\labels",
      "num_images": 23,
      "images_with_no_boxes": 0,
      "total_valid_boxes": 115,
      "invalid_boxes": 0,
      "per_class_counts": [
        14,
        4,
        18,
        3,
        9,
        67
      ],
      "per_class_image_freq": [
        8,
        3,
        7,
        3,
        6,
        22
      ],
      "class_presence_ratio": [
        0.34782608695652173,
        0.13043478260869565,
        0.30434782608695654,
        0.13043478260869565,
        0.2608695652173913,
        0.9565217391304348
      ],
      "missing_classes": [],
      "class_imbalance_ratio": 22.333333333333332,
      "boxes_per_image": {
        "min": 1,
        "max": 10,
        "mean": 5.0
      }
    },
    "test": {
      "label_dir": "C:\\Users\\54544\\OneDrive\\Documents\\GitHub\\YOLO_DDS\\Dental OPG XRAY Dataset\\Augmented_Data\\test\\labels",
      "num_images": 23,
      "images_with_no_boxes": 0,
      "total_valid_boxes": 102,
      "invalid_boxes": 0,
      "per_class_counts": [
        26,
        5,
        12,
        0,
        5,
        54
      ],
      "per_class_image_freq": [
        14,
        2,
        7,
        0,
        4,
        23
      ],
      "class_presence_ratio": [
        0.6086956521739131,
        0.08695652173913043,
        0.30434782608695654,
        0.0,
        0.17391304347826086,
        1.0
      ],
      "missing_classes": [
        3
      ],
      "class_imbalance_ratio": 10.8,
      "boxes_per_image": {
        "min": 2,
        "max": 9,
        "mean": 4.434782608695652
      }
    }
  },
  "val_debug_batch": {
    "images": [
      {
        "image_id": "105_jpg.rf.fc10e27e37bdacf62e154171aa518d6a",
        "orig_size": [
          640,
          315
        ],
        "num_gt": 3,
        "num_pred_val_thresh": 12,
        "avg_obj_logit": -5.513283729553223,
        "num_pred_low_thresh": 30,
        "pred_to_gt_iou_mean": 0.09033232182264328,
        "gt_to_pred_iou_mean": 0.8341136574745178
      },
      {
        "image_id": "122_jpg.rf.7668820b59771bafa96b99ba5411b121",
        "orig_size": [
          640,
          311
        ],
        "num_gt": 7,
        "num_pred_val_thresh": 8,
        "avg_obj_logit": -5.573245048522949,
        "num_pred_low_thresh": 30,
        "pred_to_gt_iou_mean": 0.2620305120944977,
        "gt_to_pred_iou_mean": 0.6736488342285156
      },
      {
        "image_id": "130_jpg.rf.f26cfd39dad7baef3d90c6f98aaa23ab",
        "orig_size": [
          640,
          278
        ],
        "num_gt": 2,
        "num_pred_val_thresh": 10,
        "avg_obj_logit": -5.537215709686279,
        "num_pred_low_thresh": 30,
        "pred_to_gt_iou_mean": 0.07700994610786438,
        "gt_to_pred_iou_mean": 0.7831995487213135
      },
      {
        "image_id": "141_jpg.rf.a7d2f07e8fbc3051dd3f306d89babea4",
        "orig_size": [
          640,
          312
        ],
        "num_gt": 2,
        "num_pred_val_thresh": 7,
        "avg_obj_logit": -5.479673385620117,
        "num_pred_low_thresh": 30,
        "pred_to_gt_iou_mean": 0.0449601411819458,
        "gt_to_pred_iou_mean": 0.41865694522857666
      }
    ]
  }
}