{
  "epoch": 19,
  "train_loss": 0.22340183864746774,
  "val_loss": 1.0938885410626729,
  "train_pos_per_image": 10.101785714285715,
  "val_pos_per_image": 4.958333333333333,
  "metrics": {
    "mAP": 0.0924127921462059,
    "per_class_ap": {
      "0": 0.125,
      "1": 0.0,
      "2": 0.3149961233139038,
      "3": 0.0,
      "4": 0.0,
      "5": 0.11448062211275101
    },
    "mean_iou": 0.7307529770410978
  },
  "label_stats": {
    "label_dir": "C:\\Users\\54544\\OneDrive\\Documents\\GitHub\\YOLO_DDS\\Dental OPG XRAY Dataset\\Augmented_Data\\train\\labels",
    "num_images": 558,
    "total_valid_boxes": 5642,
    "invalid_boxes": 0,
    "per_class_counts": [
      853,
      172,
      729,
      69,
      526,
      3293
    ],
    "boxes_per_image": {
      "min": 1,
      "max": 25,
      "mean": 10.11111111111111
    }
  },
  "val_debug_batch": {
    "images": [
      {
        "image_id": "105_jpg.rf.fc10e27e37bdacf62e154171aa518d6a",
        "orig_size": [
          640,
          315
        ],
        "num_gt": 3,
        "num_pred_val_thresh": 18,
        "avg_obj_logit": -5.726413726806641,
        "num_pred_low_thresh": 30,
        "pred_to_gt_iou_mean": 0.05172736570239067,
        "gt_to_pred_iou_mean": 0.5301225185394287
      },
      {
        "image_id": "122_jpg.rf.7668820b59771bafa96b99ba5411b121",
        "orig_size": [
          640,
          311
        ],
        "num_gt": 7,
        "num_pred_val_thresh": 12,
        "avg_obj_logit": -5.839399337768555,
        "num_pred_low_thresh": 30,
        "pred_to_gt_iou_mean": 0.22372578084468842,
        "gt_to_pred_iou_mean": 0.6053096055984497
      },
      {
        "image_id": "130_jpg.rf.f26cfd39dad7baef3d90c6f98aaa23ab",
        "orig_size": [
          640,
          278
        ],
        "num_gt": 2,
        "num_pred_val_thresh": 20,
        "avg_obj_logit": -5.728729724884033,
        "num_pred_low_thresh": 30,
        "pred_to_gt_iou_mean": 0.08658435940742493,
        "gt_to_pred_iou_mean": 0.7997598648071289
      },
      {
        "image_id": "141_jpg.rf.a7d2f07e8fbc3051dd3f306d89babea4",
        "orig_size": [
          640,
          312
        ],
        "num_gt": 2,
        "num_pred_val_thresh": 11,
        "avg_obj_logit": -5.806037902832031,
        "num_pred_low_thresh": 30,
        "pred_to_gt_iou_mean": 0.06308755278587341,
        "gt_to_pred_iou_mean": 0.48890990018844604
      }
    ]
  }
}