{
  "epoch": 30,
  "train_loss": 0.14470016280455247,
  "val_loss": 1.1113470196723938,
  "train_pos_per_image": 10.105357142857143,
  "val_pos_per_image": 4.958333333333333,
  "metrics": {
    "mAP": 0.1481827050447464,
    "per_class_ap": {
      "0": 0.095238097012043,
      "1": 0.0,
      "2": 0.5858586430549622,
      "3": 0.0,
      "4": 0.0555555559694767,
      "5": 0.15244396030902863
    },
    "per_class_counts": {
      "0": {
        "gt": 14,
        "pred": 22,
        "tp": 3,
        "fp": 19,
        "final_recall": 0.2142857164144516,
        "final_precision": 0.13636364042758942
      },
      "2": {
        "gt": 18,
        "pred": 28,
        "tp": 12,
        "fp": 16,
        "final_recall": 0.6666666865348816,
        "final_precision": 0.4285714328289032
      },
      "4": {
        "gt": 9,
        "pred": 6,
        "tp": 1,
        "fp": 5,
        "final_recall": 0.1111111119389534,
        "final_precision": 0.1666666716337204
      },
      "5": {
        "gt": 67,
        "pred": 324,
        "tp": 47,
        "fp": 277,
        "final_recall": 0.7014925479888916,
        "final_precision": 0.14506173133850098
      }
    },
    "mean_iou": 0.7256425406251635
  },
  "label_stats": {
    "train": {
      "label_dir": "C:\\Users\\54544\\OneDrive\\Documents\\GitHub\\YOLO_DDS\\Dental OPG XRAY Dataset\\Augmented_Data\\train\\labels",
      "num_images": 558,
      "total_valid_boxes": 5642,
      "invalid_boxes": 0,
      "per_class_counts": [
        853,
        172,
        729,
        69,
        526,
        3293
      ],
      "boxes_per_image": {
        "min": 1,
        "max": 25,
        "mean": 10.11111111111111
      }
    },
    "valid": {
      "label_dir": "C:\\Users\\54544\\OneDrive\\Documents\\GitHub\\YOLO_DDS\\Dental OPG XRAY Dataset\\Augmented_Data\\valid\\labels",
      "num_images": 23,
      "total_valid_boxes": 115,
      "invalid_boxes": 0,
      "per_class_counts": [
        14,
        4,
        18,
        3,
        9,
        67
      ],
      "boxes_per_image": {
        "min": 1,
        "max": 10,
        "mean": 5.0
      }
    },
    "test": {
      "label_dir": "C:\\Users\\54544\\OneDrive\\Documents\\GitHub\\YOLO_DDS\\Dental OPG XRAY Dataset\\Augmented_Data\\test\\labels",
      "num_images": 23,
      "total_valid_boxes": 102,
      "invalid_boxes": 0,
      "per_class_counts": [
        26,
        5,
        12,
        0,
        5,
        54
      ],
      "boxes_per_image": {
        "min": 2,
        "max": 9,
        "mean": 4.434782608695652
      }
    }
  },
  "val_debug_batch": {
    "images": [
      {
        "image_id": "105_jpg.rf.fc10e27e37bdacf62e154171aa518d6a",
        "orig_size": [
          640,
          315
        ],
        "num_gt": 3,
        "num_pred_val_thresh": 13,
        "avg_obj_logit": -5.920210838317871,
        "num_pred_low_thresh": 30,
        "pred_to_gt_iou_mean": 0.06593270599842072,
        "gt_to_pred_iou_mean": 0.567067563533783
      },
      {
        "image_id": "122_jpg.rf.7668820b59771bafa96b99ba5411b121",
        "orig_size": [
          640,
          311
        ],
        "num_gt": 7,
        "num_pred_val_thresh": 9,
        "avg_obj_logit": -6.013644218444824,
        "num_pred_low_thresh": 30,
        "pred_to_gt_iou_mean": 0.2464684545993805,
        "gt_to_pred_iou_mean": 0.6455187797546387
      },
      {
        "image_id": "130_jpg.rf.f26cfd39dad7baef3d90c6f98aaa23ab",
        "orig_size": [
          640,
          278
        ],
        "num_gt": 2,
        "num_pred_val_thresh": 20,
        "avg_obj_logit": -5.924590587615967,
        "num_pred_low_thresh": 30,
        "pred_to_gt_iou_mean": 0.07379254698753357,
        "gt_to_pred_iou_mean": 0.7589711546897888
      },
      {
        "image_id": "141_jpg.rf.a7d2f07e8fbc3051dd3f306d89babea4",
        "orig_size": [
          640,
          312
        ],
        "num_gt": 2,
        "num_pred_val_thresh": 12,
        "avg_obj_logit": -5.975533962249756,
        "num_pred_low_thresh": 30,
        "pred_to_gt_iou_mean": 0.05911676958203316,
        "gt_to_pred_iou_mean": 0.6463025212287903
      }
    ]
  }
}