{
  "epoch": 16,
  "train_loss": 0.24927487682018962,
  "val_loss": 1.0615969796975453,
  "train_pos_per_image": 10.094642857142857,
  "val_pos_per_image": 4.958333333333333,
  "metrics": {
    "mAP": 0.0755230039358139,
    "per_class_ap": {
      "0": 0.1496598720550537,
      "1": 0.0,
      "2": 0.19370371103286743,
      "3": 0.0,
      "4": 0.0,
      "5": 0.10977443307638168
    },
    "mean_iou": 0.7236846657686455
  },
  "label_stats": {
    "label_dir": "C:\\Users\\54544\\OneDrive\\Documents\\GitHub\\YOLO_DDS\\Dental OPG XRAY Dataset\\Augmented_Data\\train\\labels",
    "num_images": 558,
    "total_valid_boxes": 5642,
    "invalid_boxes": 0,
    "per_class_counts": [
      853,
      172,
      729,
      69,
      526,
      3293
    ],
    "boxes_per_image": {
      "min": 1,
      "max": 25,
      "mean": 10.11111111111111
    }
  },
  "val_debug_batch": {
    "images": [
      {
        "image_id": "105_jpg.rf.fc10e27e37bdacf62e154171aa518d6a",
        "orig_size": [
          640,
          315
        ],
        "num_gt": 3,
        "num_pred_val_thresh": 10,
        "avg_obj_logit": -5.622383117675781,
        "num_pred_low_thresh": 30,
        "pred_to_gt_iou_mean": 0.08012088388204575,
        "gt_to_pred_iou_mean": 0.6465215682983398
      },
      {
        "image_id": "122_jpg.rf.7668820b59771bafa96b99ba5411b121",
        "orig_size": [
          640,
          311
        ],
        "num_gt": 7,
        "num_pred_val_thresh": 8,
        "avg_obj_logit": -5.750135898590088,
        "num_pred_low_thresh": 30,
        "pred_to_gt_iou_mean": 0.28452709317207336,
        "gt_to_pred_iou_mean": 0.7372063994407654
      },
      {
        "image_id": "130_jpg.rf.f26cfd39dad7baef3d90c6f98aaa23ab",
        "orig_size": [
          640,
          278
        ],
        "num_gt": 2,
        "num_pred_val_thresh": 9,
        "avg_obj_logit": -5.636061191558838,
        "num_pred_low_thresh": 30,
        "pred_to_gt_iou_mean": 0.09205583482980728,
        "gt_to_pred_iou_mean": 0.8194709420204163
      },
      {
        "image_id": "141_jpg.rf.a7d2f07e8fbc3051dd3f306d89babea4",
        "orig_size": [
          640,
          312
        ],
        "num_gt": 2,
        "num_pred_val_thresh": 4,
        "avg_obj_logit": -5.7082109451293945,
        "num_pred_low_thresh": 30,
        "pred_to_gt_iou_mean": 0.05322854220867157,
        "gt_to_pred_iou_mean": 0.3897334933280945
      }
    ]
  }
}