{
  "epoch": 16,
  "train_loss": 0.2471049016075475,
  "train_loss_breakdown": {
    "giou": 0.18759235558765275,
    "objectness": 0.03327815804098334,
    "class": 0.02623438866409872
  },
  "val_loss": 1.0196937123934429,
  "val_loss_breakdown": {
    "giou": 0.2910754978656769,
    "objectness": 0.018490853098531563,
    "class": 0.7101273685693741
  },
  "train_pos_per_image": 10.094642857142857,
  "val_pos_per_image": 4.958333333333333,
  "metrics": {
    "mAP": 0.12154038995504379,
    "per_class_ap": {
      "0": 0.1904762089252472,
      "1": 0.0,
      "2": 0.3815619647502899,
      "3": 0.0,
      "4": 0.02777777798473835,
      "5": 0.12942641973495483
    },
    "per_class_counts": {
      "0": {
        "gt": 14,
        "pred": 20,
        "tp": 4,
        "fp": 16,
        "final_recall": 0.2857142984867096,
        "final_precision": 0.20000000298023224
      },
      "2": {
        "gt": 18,
        "pred": 24,
        "tp": 11,
        "fp": 13,
        "final_recall": 0.6111111044883728,
        "final_precision": 0.4583333432674408
      },
      "4": {
        "gt": 9,
        "pred": 6,
        "tp": 1,
        "fp": 5,
        "final_recall": 0.1111111119389534,
        "final_precision": 0.1666666716337204
      },
      "5": {
        "gt": 67,
        "pred": 209,
        "tp": 37,
        "fp": 172,
        "final_recall": 0.5522388219833374,
        "final_precision": 0.17703349888324738
      }
    },
    "mean_iou": 0.7299819014289163
  },
  "val_confidence": {
    "count": 259,
    "mean": 0.31596922874450684,
    "median": 0.29402968287467957,
    "p90": 0.4614613950252533
  },
  "label_stats": {
    "train": {
      "label_dir": "C:\\Users\\54544\\OneDrive\\Documents\\GitHub\\YOLO_DDS\\Dental OPG XRAY Dataset\\Augmented_Data\\train\\labels",
      "num_images": 558,
      "images_with_no_boxes": 0,
      "total_valid_boxes": 5642,
      "invalid_boxes": 0,
      "per_class_counts": [
        853,
        172,
        729,
        69,
        526,
        3293
      ],
      "per_class_image_freq": [
        392,
        104,
        322,
        58,
        225,
        550
      ],
      "class_presence_ratio": [
        0.7025089605734767,
        0.1863799283154122,
        0.5770609318996416,
        0.1039426523297491,
        0.4032258064516129,
        0.985663082437276
      ],
      "missing_classes": [],
      "class_imbalance_ratio": 47.72463768115942,
      "boxes_per_image": {
        "min": 1,
        "max": 25,
        "mean": 10.11111111111111
      }
    },
    "valid": {
      "label_dir": "C:\\Users\\54544\\OneDrive\\Documents\\GitHub\\YOLO_DDS\\Dental OPG XRAY Dataset\\Augmented_Data\\valid\\labels",
      "num_images": 23,
      "images_with_no_boxes": 0,
      "total_valid_boxes": 115,
      "invalid_boxes": 0,
      "per_class_counts": [
        14,
        4,
        18,
        3,
        9,
        67
      ],
      "per_class_image_freq": [
        8,
        3,
        7,
        3,
        6,
        22
      ],
      "class_presence_ratio": [
        0.34782608695652173,
        0.13043478260869565,
        0.30434782608695654,
        0.13043478260869565,
        0.2608695652173913,
        0.9565217391304348
      ],
      "missing_classes": [],
      "class_imbalance_ratio": 22.333333333333332,
      "boxes_per_image": {
        "min": 1,
        "max": 10,
        "mean": 5.0
      }
    },
    "test": {
      "label_dir": "C:\\Users\\54544\\OneDrive\\Documents\\GitHub\\YOLO_DDS\\Dental OPG XRAY Dataset\\Augmented_Data\\test\\labels",
      "num_images": 23,
      "images_with_no_boxes": 0,
      "total_valid_boxes": 102,
      "invalid_boxes": 0,
      "per_class_counts": [
        26,
        5,
        12,
        0,
        5,
        54
      ],
      "per_class_image_freq": [
        14,
        2,
        7,
        0,
        4,
        23
      ],
      "class_presence_ratio": [
        0.6086956521739131,
        0.08695652173913043,
        0.30434782608695654,
        0.0,
        0.17391304347826086,
        1.0
      ],
      "missing_classes": [
        3
      ],
      "class_imbalance_ratio": 10.8,
      "boxes_per_image": {
        "min": 2,
        "max": 9,
        "mean": 4.434782608695652
      }
    }
  },
  "val_debug_batch": {
    "images": [
      {
        "image_id": "105_jpg.rf.fc10e27e37bdacf62e154171aa518d6a",
        "orig_size": [
          640,
          315
        ],
        "num_gt": 3,
        "num_pred_val_thresh": 11,
        "avg_obj_logit": -5.692107200622559,
        "num_pred_low_thresh": 30,
        "pred_to_gt_iou_mean": 0.0870986133813858,
        "gt_to_pred_iou_mean": 0.7420215606689453
      },
      {
        "image_id": "122_jpg.rf.7668820b59771bafa96b99ba5411b121",
        "orig_size": [
          640,
          311
        ],
        "num_gt": 7,
        "num_pred_val_thresh": 10,
        "avg_obj_logit": -5.746400833129883,
        "num_pred_low_thresh": 30,
        "pred_to_gt_iou_mean": 0.27640432119369507,
        "gt_to_pred_iou_mean": 0.6496656537055969
      },
      {
        "image_id": "130_jpg.rf.f26cfd39dad7baef3d90c6f98aaa23ab",
        "orig_size": [
          640,
          278
        ],
        "num_gt": 2,
        "num_pred_val_thresh": 8,
        "avg_obj_logit": -5.697783470153809,
        "num_pred_low_thresh": 30,
        "pred_to_gt_iou_mean": 0.07501354813575745,
        "gt_to_pred_iou_mean": 0.7672680020332336
      },
      {
        "image_id": "141_jpg.rf.a7d2f07e8fbc3051dd3f306d89babea4",
        "orig_size": [
          640,
          312
        ],
        "num_gt": 2,
        "num_pred_val_thresh": 4,
        "avg_obj_logit": -5.671492576599121,
        "num_pred_low_thresh": 30,
        "pred_to_gt_iou_mean": 0.07983780652284622,
        "gt_to_pred_iou_mean": 0.6812587976455688
      }
    ]
  }
}