{
  "epoch": 27,
  "train_loss": 0.1661944217979908,
  "val_loss": 1.0796092649300892,
  "train_pos_per_image": 10.114285714285714,
  "val_pos_per_image": 4.958333333333333,
  "metrics": {
    "mAP": 0.10858149081468582,
    "per_class_ap": {
      "0": 0.08241758495569229,
      "1": 0.0,
      "2": 0.4383428394794464,
      "3": 0.0,
      "4": 0.0,
      "5": 0.13072852790355682
    },
    "mean_iou": 0.7474515526383011
  },
  "label_stats": {
    "label_dir": "C:\\Users\\54544\\OneDrive\\Documents\\GitHub\\YOLO_DDS\\Dental OPG XRAY Dataset\\Augmented_Data\\train\\labels",
    "num_images": 558,
    "total_valid_boxes": 5642,
    "invalid_boxes": 0,
    "per_class_counts": [
      853,
      172,
      729,
      69,
      526,
      3293
    ],
    "boxes_per_image": {
      "min": 1,
      "max": 25,
      "mean": 10.11111111111111
    }
  },
  "val_debug_batch": {
    "images": [
      {
        "image_id": "105_jpg.rf.fc10e27e37bdacf62e154171aa518d6a",
        "orig_size": [
          640,
          315
        ],
        "num_gt": 3,
        "num_pred_val_thresh": 13,
        "avg_obj_logit": -5.870510578155518,
        "num_pred_low_thresh": 30,
        "pred_to_gt_iou_mean": 0.05788881331682205,
        "gt_to_pred_iou_mean": 0.5392216444015503
      },
      {
        "image_id": "122_jpg.rf.7668820b59771bafa96b99ba5411b121",
        "orig_size": [
          640,
          311
        ],
        "num_gt": 7,
        "num_pred_val_thresh": 11,
        "avg_obj_logit": -6.007030010223389,
        "num_pred_low_thresh": 30,
        "pred_to_gt_iou_mean": 0.23543062806129456,
        "gt_to_pred_iou_mean": 0.6439141631126404
      },
      {
        "image_id": "130_jpg.rf.f26cfd39dad7baef3d90c6f98aaa23ab",
        "orig_size": [
          640,
          278
        ],
        "num_gt": 2,
        "num_pred_val_thresh": 11,
        "avg_obj_logit": -5.864262580871582,
        "num_pred_low_thresh": 30,
        "pred_to_gt_iou_mean": 0.08030971884727478,
        "gt_to_pred_iou_mean": 0.8385289311408997
      },
      {
        "image_id": "141_jpg.rf.a7d2f07e8fbc3051dd3f306d89babea4",
        "orig_size": [
          640,
          312
        ],
        "num_gt": 2,
        "num_pred_val_thresh": 6,
        "avg_obj_logit": -5.96051549911499,
        "num_pred_low_thresh": 30,
        "pred_to_gt_iou_mean": 0.053960222750902176,
        "gt_to_pred_iou_mean": 0.39590102434158325
      }
    ]
  }
}