{
  "epoch": 32,
  "train_loss": 0.1364333275705576,
  "val_loss": 1.1106365025043488,
  "train_pos_per_image": 10.139285714285714,
  "val_pos_per_image": 4.958333333333333,
  "metrics": {
    "mAP": 0.10168308764696121,
    "per_class_ap": {
      "0": 0.0873015895485878,
      "1": 0.0,
      "2": 0.39021164178848267,
      "3": 0.0,
      "4": 0.0,
      "5": 0.1325853168964386
    },
    "mean_iou": 0.7186863028577396
  },
  "label_stats": {
    "label_dir": "C:\\Users\\54544\\OneDrive\\Documents\\GitHub\\YOLO_DDS\\Dental OPG XRAY Dataset\\Augmented_Data\\train\\labels",
    "num_images": 558,
    "total_valid_boxes": 5642,
    "invalid_boxes": 0,
    "per_class_counts": [
      853,
      172,
      729,
      69,
      526,
      3293
    ],
    "boxes_per_image": {
      "min": 1,
      "max": 25,
      "mean": 10.11111111111111
    }
  },
  "val_debug_batch": {
    "images": [
      {
        "image_id": "105_jpg.rf.fc10e27e37bdacf62e154171aa518d6a",
        "orig_size": [
          640,
          315
        ],
        "num_gt": 3,
        "num_pred_val_thresh": 12,
        "avg_obj_logit": -6.001672744750977,
        "num_pred_low_thresh": 30,
        "pred_to_gt_iou_mean": 0.05727468058466911,
        "gt_to_pred_iou_mean": 0.5234877467155457
      },
      {
        "image_id": "122_jpg.rf.7668820b59771bafa96b99ba5411b121",
        "orig_size": [
          640,
          311
        ],
        "num_gt": 7,
        "num_pred_val_thresh": 10,
        "avg_obj_logit": -6.093506813049316,
        "num_pred_low_thresh": 30,
        "pred_to_gt_iou_mean": 0.2830723524093628,
        "gt_to_pred_iou_mean": 0.6906376481056213
      },
      {
        "image_id": "130_jpg.rf.f26cfd39dad7baef3d90c6f98aaa23ab",
        "orig_size": [
          640,
          278
        ],
        "num_gt": 2,
        "num_pred_val_thresh": 10,
        "avg_obj_logit": -6.006250381469727,
        "num_pred_low_thresh": 30,
        "pred_to_gt_iou_mean": 0.09243902564048767,
        "gt_to_pred_iou_mean": 0.8250017166137695
      },
      {
        "image_id": "141_jpg.rf.a7d2f07e8fbc3051dd3f306d89babea4",
        "orig_size": [
          640,
          312
        ],
        "num_gt": 2,
        "num_pred_val_thresh": 5,
        "avg_obj_logit": -6.0493483543396,
        "num_pred_low_thresh": 30,
        "pred_to_gt_iou_mean": 0.10239749401807785,
        "gt_to_pred_iou_mean": 0.593332827091217
      }
    ]
  }
}