{
  "epoch": 22,
  "train_loss": 0.19809112399816514,
  "train_loss_breakdown": {
    "giou": 0.15008629709482194,
    "objectness": 0.03129453640431166,
    "class": 0.01671029044581311
  },
  "val_loss": 1.0294781525929768,
  "val_loss_breakdown": {
    "giou": 0.28931020200252533,
    "objectness": 0.018074547095845144,
    "class": 0.7220933983723322
  },
  "train_pos_per_image": 10.105357142857143,
  "val_pos_per_image": 4.958333333333333,
  "metrics": {
    "mAP": 0.13330146670341492,
    "per_class_ap": {
      "0": 0.14935065805912018,
      "1": 0.0,
      "2": 0.46590906381607056,
      "3": 0.0,
      "4": 0.0555555559694767,
      "5": 0.12899352610111237
    },
    "per_class_counts": {
      "0": {
        "gt": 14,
        "pred": 33,
        "tp": 4,
        "fp": 29,
        "final_recall": 0.2857142984867096,
        "final_precision": 0.12121212482452393
      },
      "2": {
        "gt": 18,
        "pred": 26,
        "tp": 11,
        "fp": 15,
        "final_recall": 0.6111111044883728,
        "final_precision": 0.42307692766189575
      },
      "4": {
        "gt": 9,
        "pred": 4,
        "tp": 1,
        "fp": 3,
        "final_recall": 0.1111111119389534,
        "final_precision": 0.25
      },
      "5": {
        "gt": 67,
        "pred": 290,
        "tp": 42,
        "fp": 248,
        "final_recall": 0.6268656849861145,
        "final_precision": 0.14482758939266205
      }
    },
    "mean_iou": 0.7275642077128093
  },
  "val_confidence": {
    "count": 353,
    "mean": 0.3228437602519989,
    "median": 0.2969414293766022,
    "p90": 0.49319785833358765
  },
  "label_stats": {
    "train": {
      "label_dir": "C:\\Users\\54544\\OneDrive\\Documents\\GitHub\\YOLO_DDS\\Dental OPG XRAY Dataset\\Augmented_Data\\train\\labels",
      "num_images": 558,
      "images_with_no_boxes": 0,
      "total_valid_boxes": 5642,
      "invalid_boxes": 0,
      "per_class_counts": [
        853,
        172,
        729,
        69,
        526,
        3293
      ],
      "per_class_image_freq": [
        392,
        104,
        322,
        58,
        225,
        550
      ],
      "class_presence_ratio": [
        0.7025089605734767,
        0.1863799283154122,
        0.5770609318996416,
        0.1039426523297491,
        0.4032258064516129,
        0.985663082437276
      ],
      "missing_classes": [],
      "class_imbalance_ratio": 47.72463768115942,
      "boxes_per_image": {
        "min": 1,
        "max": 25,
        "mean": 10.11111111111111
      }
    },
    "valid": {
      "label_dir": "C:\\Users\\54544\\OneDrive\\Documents\\GitHub\\YOLO_DDS\\Dental OPG XRAY Dataset\\Augmented_Data\\valid\\labels",
      "num_images": 23,
      "images_with_no_boxes": 0,
      "total_valid_boxes": 115,
      "invalid_boxes": 0,
      "per_class_counts": [
        14,
        4,
        18,
        3,
        9,
        67
      ],
      "per_class_image_freq": [
        8,
        3,
        7,
        3,
        6,
        22
      ],
      "class_presence_ratio": [
        0.34782608695652173,
        0.13043478260869565,
        0.30434782608695654,
        0.13043478260869565,
        0.2608695652173913,
        0.9565217391304348
      ],
      "missing_classes": [],
      "class_imbalance_ratio": 22.333333333333332,
      "boxes_per_image": {
        "min": 1,
        "max": 10,
        "mean": 5.0
      }
    },
    "test": {
      "label_dir": "C:\\Users\\54544\\OneDrive\\Documents\\GitHub\\YOLO_DDS\\Dental OPG XRAY Dataset\\Augmented_Data\\test\\labels",
      "num_images": 23,
      "images_with_no_boxes": 0,
      "total_valid_boxes": 102,
      "invalid_boxes": 0,
      "per_class_counts": [
        26,
        5,
        12,
        0,
        5,
        54
      ],
      "per_class_image_freq": [
        14,
        2,
        7,
        0,
        4,
        23
      ],
      "class_presence_ratio": [
        0.6086956521739131,
        0.08695652173913043,
        0.30434782608695654,
        0.0,
        0.17391304347826086,
        1.0
      ],
      "missing_classes": [
        3
      ],
      "class_imbalance_ratio": 10.8,
      "boxes_per_image": {
        "min": 2,
        "max": 9,
        "mean": 4.434782608695652
      }
    }
  },
  "val_debug_batch": {
    "images": [
      {
        "image_id": "105_jpg.rf.fc10e27e37bdacf62e154171aa518d6a",
        "orig_size": [
          640,
          315
        ],
        "num_gt": 3,
        "num_pred_val_thresh": 14,
        "avg_obj_logit": -5.8197832107543945,
        "num_pred_low_thresh": 30,
        "pred_to_gt_iou_mean": 0.08724014461040497,
        "gt_to_pred_iou_mean": 0.7790930867195129
      },
      {
        "image_id": "122_jpg.rf.7668820b59771bafa96b99ba5411b121",
        "orig_size": [
          640,
          311
        ],
        "num_gt": 7,
        "num_pred_val_thresh": 16,
        "avg_obj_logit": -5.905028343200684,
        "num_pred_low_thresh": 30,
        "pred_to_gt_iou_mean": 0.28535619378089905,
        "gt_to_pred_iou_mean": 0.6556864380836487
      },
      {
        "image_id": "130_jpg.rf.f26cfd39dad7baef3d90c6f98aaa23ab",
        "orig_size": [
          640,
          278
        ],
        "num_gt": 2,
        "num_pred_val_thresh": 18,
        "avg_obj_logit": -5.824799060821533,
        "num_pred_low_thresh": 30,
        "pred_to_gt_iou_mean": 0.07629942893981934,
        "gt_to_pred_iou_mean": 0.8080713748931885
      },
      {
        "image_id": "141_jpg.rf.a7d2f07e8fbc3051dd3f306d89babea4",
        "orig_size": [
          640,
          312
        ],
        "num_gt": 2,
        "num_pred_val_thresh": 10,
        "avg_obj_logit": -5.8280415534973145,
        "num_pred_low_thresh": 30,
        "pred_to_gt_iou_mean": 0.08263447135686874,
        "gt_to_pred_iou_mean": 0.7241347432136536
      }
    ]
  }
}