{
  "epoch": 38,
  "train_loss": 0.10615518891385624,
  "val_loss": 1.0976551572481792,
  "train_pos_per_image": 10.094642857142857,
  "val_pos_per_image": 4.958333333333333,
  "metrics": {
    "mAP": 0.15247216820716858,
    "per_class_ap": {
      "0": 0.0873015895485878,
      "1": 0.0,
      "2": 0.5728836059570312,
      "3": 0.0,
      "4": 0.09259259700775146,
      "5": 0.16205520927906036
    },
    "per_class_counts": {
      "0": {
        "gt": 14,
        "pred": 25,
        "tp": 2,
        "fp": 23,
        "final_recall": 0.1428571492433548,
        "final_precision": 0.07999999821186066
      },
      "2": {
        "gt": 18,
        "pred": 29,
        "tp": 12,
        "fp": 17,
        "final_recall": 0.6666666865348816,
        "final_precision": 0.4137931168079376
      },
      "4": {
        "gt": 9,
        "pred": 7,
        "tp": 2,
        "fp": 5,
        "final_recall": 0.2222222238779068,
        "final_precision": 0.2857142984867096
      },
      "5": {
        "gt": 67,
        "pred": 309,
        "tp": 46,
        "fp": 263,
        "final_recall": 0.6865671873092651,
        "final_precision": 0.14886730909347534
      }
    },
    "mean_iou": 0.7319637865260027
  },
  "label_stats": {
    "train": {
      "label_dir": "C:\\Users\\54544\\OneDrive\\Documents\\GitHub\\YOLO_DDS\\Dental OPG XRAY Dataset\\Augmented_Data\\train\\labels",
      "num_images": 558,
      "total_valid_boxes": 5642,
      "invalid_boxes": 0,
      "per_class_counts": [
        853,
        172,
        729,
        69,
        526,
        3293
      ],
      "boxes_per_image": {
        "min": 1,
        "max": 25,
        "mean": 10.11111111111111
      }
    },
    "valid": {
      "label_dir": "C:\\Users\\54544\\OneDrive\\Documents\\GitHub\\YOLO_DDS\\Dental OPG XRAY Dataset\\Augmented_Data\\valid\\labels",
      "num_images": 23,
      "total_valid_boxes": 115,
      "invalid_boxes": 0,
      "per_class_counts": [
        14,
        4,
        18,
        3,
        9,
        67
      ],
      "boxes_per_image": {
        "min": 1,
        "max": 10,
        "mean": 5.0
      }
    },
    "test": {
      "label_dir": "C:\\Users\\54544\\OneDrive\\Documents\\GitHub\\YOLO_DDS\\Dental OPG XRAY Dataset\\Augmented_Data\\test\\labels",
      "num_images": 23,
      "total_valid_boxes": 102,
      "invalid_boxes": 0,
      "per_class_counts": [
        26,
        5,
        12,
        0,
        5,
        54
      ],
      "boxes_per_image": {
        "min": 2,
        "max": 9,
        "mean": 4.434782608695652
      }
    }
  },
  "val_debug_batch": {
    "images": [
      {
        "image_id": "105_jpg.rf.fc10e27e37bdacf62e154171aa518d6a",
        "orig_size": [
          640,
          315
        ],
        "num_gt": 3,
        "num_pred_val_thresh": 14,
        "avg_obj_logit": -6.02136754989624,
        "num_pred_low_thresh": 30,
        "pred_to_gt_iou_mean": 0.07060462981462479,
        "gt_to_pred_iou_mean": 0.5777450203895569
      },
      {
        "image_id": "122_jpg.rf.7668820b59771bafa96b99ba5411b121",
        "orig_size": [
          640,
          311
        ],
        "num_gt": 7,
        "num_pred_val_thresh": 10,
        "avg_obj_logit": -6.096186637878418,
        "num_pred_low_thresh": 30,
        "pred_to_gt_iou_mean": 0.2687453627586365,
        "gt_to_pred_iou_mean": 0.6661005020141602
      },
      {
        "image_id": "130_jpg.rf.f26cfd39dad7baef3d90c6f98aaa23ab",
        "orig_size": [
          640,
          278
        ],
        "num_gt": 2,
        "num_pred_val_thresh": 20,
        "avg_obj_logit": -6.017419338226318,
        "num_pred_low_thresh": 30,
        "pred_to_gt_iou_mean": 0.07515440136194229,
        "gt_to_pred_iou_mean": 0.7512174844741821
      },
      {
        "image_id": "141_jpg.rf.a7d2f07e8fbc3051dd3f306d89babea4",
        "orig_size": [
          640,
          312
        ],
        "num_gt": 2,
        "num_pred_val_thresh": 12,
        "avg_obj_logit": -6.062901973724365,
        "num_pred_low_thresh": 30,
        "pred_to_gt_iou_mean": 0.07333531230688095,
        "gt_to_pred_iou_mean": 0.6295247077941895
      }
    ]
  }
}