{
  "epoch": 9,
  "train_loss": 0.3589090064167976,
  "val_loss": 1.0402361551920574,
  "train_pos_per_image": 10.121428571428572,
  "val_pos_per_image": 4.958333333333333,
  "metrics": {
    "mAP": 0.042093921452760696,
    "per_class_ap": {
      "0": 0.02857143059372902,
      "1": 0.0,
      "2": 0.09595959633588791,
      "3": 0.0,
      "4": 0.0,
      "5": 0.12803250551223755
    },
    "per_class_counts": {
      "0": {
        "gt": 14,
        "pred": 18,
        "tp": 2,
        "fp": 16,
        "final_recall": 0.1428571492433548,
        "final_precision": 0.1111111119389534
      },
      "2": {
        "gt": 18,
        "pred": 16,
        "tp": 4,
        "fp": 12,
        "final_recall": 0.2222222238779068,
        "final_precision": 0.25
      },
      "5": {
        "gt": 67,
        "pred": 271,
        "tp": 37,
        "fp": 234,
        "final_recall": 0.5522388219833374,
        "final_precision": 0.13653136789798737
      }
    },
    "mean_iou": 0.7214806127548218
  },
  "label_stats": {
    "train": {
      "label_dir": "C:\\Users\\54544\\OneDrive\\Documents\\GitHub\\YOLO_DDS\\Dental OPG XRAY Dataset\\Augmented_Data\\train\\labels",
      "num_images": 558,
      "total_valid_boxes": 5642,
      "invalid_boxes": 0,
      "per_class_counts": [
        853,
        172,
        729,
        69,
        526,
        3293
      ],
      "boxes_per_image": {
        "min": 1,
        "max": 25,
        "mean": 10.11111111111111
      }
    },
    "valid": {
      "label_dir": "C:\\Users\\54544\\OneDrive\\Documents\\GitHub\\YOLO_DDS\\Dental OPG XRAY Dataset\\Augmented_Data\\valid\\labels",
      "num_images": 23,
      "total_valid_boxes": 115,
      "invalid_boxes": 0,
      "per_class_counts": [
        14,
        4,
        18,
        3,
        9,
        67
      ],
      "boxes_per_image": {
        "min": 1,
        "max": 10,
        "mean": 5.0
      }
    },
    "test": {
      "label_dir": "C:\\Users\\54544\\OneDrive\\Documents\\GitHub\\YOLO_DDS\\Dental OPG XRAY Dataset\\Augmented_Data\\test\\labels",
      "num_images": 23,
      "total_valid_boxes": 102,
      "invalid_boxes": 0,
      "per_class_counts": [
        26,
        5,
        12,
        0,
        5,
        54
      ],
      "boxes_per_image": {
        "min": 2,
        "max": 9,
        "mean": 4.434782608695652
      }
    }
  },
  "val_debug_batch": {
    "images": [
      {
        "image_id": "105_jpg.rf.fc10e27e37bdacf62e154171aa518d6a",
        "orig_size": [
          640,
          315
        ],
        "num_gt": 3,
        "num_pred_val_thresh": 11,
        "avg_obj_logit": -5.320284366607666,
        "num_pred_low_thresh": 30,
        "pred_to_gt_iou_mean": 0.062280166894197464,
        "gt_to_pred_iou_mean": 0.5755037069320679
      },
      {
        "image_id": "122_jpg.rf.7668820b59771bafa96b99ba5411b121",
        "orig_size": [
          640,
          311
        ],
        "num_gt": 7,
        "num_pred_val_thresh": 8,
        "avg_obj_logit": -5.395418643951416,
        "num_pred_low_thresh": 30,
        "pred_to_gt_iou_mean": 0.20804300904273987,
        "gt_to_pred_iou_mean": 0.5741891860961914
      },
      {
        "image_id": "130_jpg.rf.f26cfd39dad7baef3d90c6f98aaa23ab",
        "orig_size": [
          640,
          278
        ],
        "num_gt": 2,
        "num_pred_val_thresh": 20,
        "avg_obj_logit": -5.344656467437744,
        "num_pred_low_thresh": 30,
        "pred_to_gt_iou_mean": 0.062274303287267685,
        "gt_to_pred_iou_mean": 0.683637261390686
      },
      {
        "image_id": "141_jpg.rf.a7d2f07e8fbc3051dd3f306d89babea4",
        "orig_size": [
          640,
          312
        ],
        "num_gt": 2,
        "num_pred_val_thresh": 10,
        "avg_obj_logit": -5.363088607788086,
        "num_pred_low_thresh": 30,
        "pred_to_gt_iou_mean": 0.04965079575777054,
        "gt_to_pred_iou_mean": 0.5576647520065308
      }
    ]
  }
}