{
  "epoch": 29,
  "train_loss": 0.15251860772924763,
  "val_loss": 1.0705914000670116,
  "train_pos_per_image": 10.1125,
  "val_pos_per_image": 4.958333333333333,
  "metrics": {
    "mAP": 0.10986586660146713,
    "per_class_ap": {
      "0": 0.15079365670681,
      "1": 0.0,
      "2": 0.3804149925708771,
      "3": 0.0,
      "4": 0.0,
      "5": 0.12798656523227692
    },
    "mean_iou": 0.7300294930284673
  },
  "label_stats": {
    "label_dir": "C:\\Users\\54544\\OneDrive\\Documents\\GitHub\\YOLO_DDS\\Dental OPG XRAY Dataset\\Augmented_Data\\train\\labels",
    "num_images": 558,
    "total_valid_boxes": 5642,
    "invalid_boxes": 0,
    "per_class_counts": [
      853,
      172,
      729,
      69,
      526,
      3293
    ],
    "boxes_per_image": {
      "min": 1,
      "max": 25,
      "mean": 10.11111111111111
    }
  },
  "val_debug_batch": {
    "images": [
      {
        "image_id": "105_jpg.rf.fc10e27e37bdacf62e154171aa518d6a",
        "orig_size": [
          640,
          315
        ],
        "num_gt": 3,
        "num_pred_val_thresh": 13,
        "avg_obj_logit": -5.92706823348999,
        "num_pred_low_thresh": 30,
        "pred_to_gt_iou_mean": 0.0537114143371582,
        "gt_to_pred_iou_mean": 0.5301353931427002
      },
      {
        "image_id": "122_jpg.rf.7668820b59771bafa96b99ba5411b121",
        "orig_size": [
          640,
          311
        ],
        "num_gt": 7,
        "num_pred_val_thresh": 11,
        "avg_obj_logit": -6.031216621398926,
        "num_pred_low_thresh": 30,
        "pred_to_gt_iou_mean": 0.2516765296459198,
        "gt_to_pred_iou_mean": 0.6718917489051819
      },
      {
        "image_id": "130_jpg.rf.f26cfd39dad7baef3d90c6f98aaa23ab",
        "orig_size": [
          640,
          278
        ],
        "num_gt": 2,
        "num_pred_val_thresh": 11,
        "avg_obj_logit": -5.935323715209961,
        "num_pred_low_thresh": 30,
        "pred_to_gt_iou_mean": 0.08785414695739746,
        "gt_to_pred_iou_mean": 0.7790087461471558
      },
      {
        "image_id": "141_jpg.rf.a7d2f07e8fbc3051dd3f306d89babea4",
        "orig_size": [
          640,
          312
        ],
        "num_gt": 2,
        "num_pred_val_thresh": 8,
        "avg_obj_logit": -5.986910820007324,
        "num_pred_low_thresh": 30,
        "pred_to_gt_iou_mean": 0.06449738889932632,
        "gt_to_pred_iou_mean": 0.6598803997039795
      }
    ]
  }
}