{
  "epoch": 19,
  "train_loss": 0.22283553576895168,
  "val_loss": 1.0502420663833618,
  "train_pos_per_image": 10.101785714285715,
  "val_pos_per_image": 4.958333333333333,
  "metrics": {
    "mAP": 0.12266016751527786,
    "per_class_ap": {
      "0": 0.0833333358168602,
      "1": 0.0,
      "2": 0.4593992829322815,
      "3": 0.0,
      "4": 0.02777777798473835,
      "5": 0.16545061767101288
    },
    "per_class_counts": {
      "0": {
        "gt": 14,
        "pred": 14,
        "tp": 3,
        "fp": 11,
        "final_recall": 0.2142857164144516,
        "final_precision": 0.2142857164144516
      },
      "2": {
        "gt": 18,
        "pred": 26,
        "tp": 13,
        "fp": 13,
        "final_recall": 0.7222222089767456,
        "final_precision": 0.5
      },
      "4": {
        "gt": 9,
        "pred": 5,
        "tp": 1,
        "fp": 4,
        "final_recall": 0.1111111119389534,
        "final_precision": 0.20000000298023224
      },
      "5": {
        "gt": 67,
        "pred": 268,
        "tp": 42,
        "fp": 226,
        "final_recall": 0.6268656849861145,
        "final_precision": 0.15671642124652863
      }
    },
    "mean_iou": 0.726821718737483
  },
  "label_stats": {
    "train": {
      "label_dir": "C:\\Users\\54544\\OneDrive\\Documents\\GitHub\\YOLO_DDS\\Dental OPG XRAY Dataset\\Augmented_Data\\train\\labels",
      "num_images": 558,
      "total_valid_boxes": 5642,
      "invalid_boxes": 0,
      "per_class_counts": [
        853,
        172,
        729,
        69,
        526,
        3293
      ],
      "boxes_per_image": {
        "min": 1,
        "max": 25,
        "mean": 10.11111111111111
      }
    },
    "valid": {
      "label_dir": "C:\\Users\\54544\\OneDrive\\Documents\\GitHub\\YOLO_DDS\\Dental OPG XRAY Dataset\\Augmented_Data\\valid\\labels",
      "num_images": 23,
      "total_valid_boxes": 115,
      "invalid_boxes": 0,
      "per_class_counts": [
        14,
        4,
        18,
        3,
        9,
        67
      ],
      "boxes_per_image": {
        "min": 1,
        "max": 10,
        "mean": 5.0
      }
    },
    "test": {
      "label_dir": "C:\\Users\\54544\\OneDrive\\Documents\\GitHub\\YOLO_DDS\\Dental OPG XRAY Dataset\\Augmented_Data\\test\\labels",
      "num_images": 23,
      "total_valid_boxes": 102,
      "invalid_boxes": 0,
      "per_class_counts": [
        26,
        5,
        12,
        0,
        5,
        54
      ],
      "boxes_per_image": {
        "min": 2,
        "max": 9,
        "mean": 4.434782608695652
      }
    }
  },
  "val_debug_batch": {
    "images": [
      {
        "image_id": "105_jpg.rf.fc10e27e37bdacf62e154171aa518d6a",
        "orig_size": [
          640,
          315
        ],
        "num_gt": 3,
        "num_pred_val_thresh": 15,
        "avg_obj_logit": -5.740954399108887,
        "num_pred_low_thresh": 30,
        "pred_to_gt_iou_mean": 0.08838699758052826,
        "gt_to_pred_iou_mean": 0.7778925895690918
      },
      {
        "image_id": "122_jpg.rf.7668820b59771bafa96b99ba5411b121",
        "orig_size": [
          640,
          311
        ],
        "num_gt": 7,
        "num_pred_val_thresh": 9,
        "avg_obj_logit": -5.78217077255249,
        "num_pred_low_thresh": 30,
        "pred_to_gt_iou_mean": 0.23998430371284485,
        "gt_to_pred_iou_mean": 0.7061323523521423
      },
      {
        "image_id": "130_jpg.rf.f26cfd39dad7baef3d90c6f98aaa23ab",
        "orig_size": [
          640,
          278
        ],
        "num_gt": 2,
        "num_pred_val_thresh": 13,
        "avg_obj_logit": -5.7630615234375,
        "num_pred_low_thresh": 30,
        "pred_to_gt_iou_mean": 0.06965351104736328,
        "gt_to_pred_iou_mean": 0.7891567945480347
      },
      {
        "image_id": "141_jpg.rf.a7d2f07e8fbc3051dd3f306d89babea4",
        "orig_size": [
          640,
          312
        ],
        "num_gt": 2,
        "num_pred_val_thresh": 14,
        "avg_obj_logit": -5.694424629211426,
        "num_pred_low_thresh": 30,
        "pred_to_gt_iou_mean": 0.0769965872168541,
        "gt_to_pred_iou_mean": 0.7530405521392822
      }
    ]
  }
}