{
  "epoch": 44,
  "train_loss": 0.09271794759801456,
  "val_loss": 1.1053378482659657,
  "train_pos_per_image": 10.117857142857142,
  "val_pos_per_image": 4.958333333333333,
  "metrics": {
    "mAP": 0.12537138164043427,
    "per_class_ap": {
      "0": 0.16883116960525513,
      "1": 0.0,
      "2": 0.4108465611934662,
      "3": 0.0,
      "4": 0.02777777798473835,
      "5": 0.1447727233171463
    },
    "mean_iou": 0.7297247286998865
  },
  "label_stats": {
    "label_dir": "C:\\Users\\54544\\OneDrive\\Documents\\GitHub\\YOLO_DDS\\Dental OPG XRAY Dataset\\Augmented_Data\\train\\labels",
    "num_images": 558,
    "total_valid_boxes": 5642,
    "invalid_boxes": 0,
    "per_class_counts": [
      853,
      172,
      729,
      69,
      526,
      3293
    ],
    "boxes_per_image": {
      "min": 1,
      "max": 25,
      "mean": 10.11111111111111
    }
  },
  "val_debug_batch": {
    "images": [
      {
        "image_id": "105_jpg.rf.fc10e27e37bdacf62e154171aa518d6a",
        "orig_size": [
          640,
          315
        ],
        "num_gt": 3,
        "num_pred_val_thresh": 15,
        "avg_obj_logit": -6.008995532989502,
        "num_pred_low_thresh": 30,
        "pred_to_gt_iou_mean": 0.057184044271707535,
        "gt_to_pred_iou_mean": 0.532963216304779
      },
      {
        "image_id": "122_jpg.rf.7668820b59771bafa96b99ba5411b121",
        "orig_size": [
          640,
          311
        ],
        "num_gt": 7,
        "num_pred_val_thresh": 12,
        "avg_obj_logit": -6.103603839874268,
        "num_pred_low_thresh": 30,
        "pred_to_gt_iou_mean": 0.24344196915626526,
        "gt_to_pred_iou_mean": 0.6613715887069702
      },
      {
        "image_id": "130_jpg.rf.f26cfd39dad7baef3d90c6f98aaa23ab",
        "orig_size": [
          640,
          278
        ],
        "num_gt": 2,
        "num_pred_val_thresh": 14,
        "avg_obj_logit": -6.017077922821045,
        "num_pred_low_thresh": 30,
        "pred_to_gt_iou_mean": 0.09438810497522354,
        "gt_to_pred_iou_mean": 0.8602155447006226
      },
      {
        "image_id": "141_jpg.rf.a7d2f07e8fbc3051dd3f306d89babea4",
        "orig_size": [
          640,
          312
        ],
        "num_gt": 2,
        "num_pred_val_thresh": 9,
        "avg_obj_logit": -6.060221195220947,
        "num_pred_low_thresh": 30,
        "pred_to_gt_iou_mean": 0.09954602271318436,
        "gt_to_pred_iou_mean": 0.5786471962928772
      }
    ]
  }
}