{
  "epoch": 43,
  "train_loss": 0.09058460188763483,
  "val_loss": 1.0815770030021667,
  "train_pos_per_image": 10.126785714285715,
  "val_pos_per_image": 4.958333333333333,
  "metrics": {
    "mAP": 0.16335608065128326,
    "per_class_ap": {
      "0": 0.0803571492433548,
      "1": 0.0,
      "2": 0.6124294400215149,
      "3": 0.0,
      "4": 0.12222222983837128,
      "5": 0.1651277244091034
    },
    "per_class_counts": {
      "0": {
        "gt": 14,
        "pred": 26,
        "tp": 2,
        "fp": 24,
        "final_recall": 0.1428571492433548,
        "final_precision": 0.07692307978868484
      },
      "2": {
        "gt": 18,
        "pred": 32,
        "tp": 13,
        "fp": 19,
        "final_recall": 0.7222222089767456,
        "final_precision": 0.40625
      },
      "4": {
        "gt": 9,
        "pred": 10,
        "tp": 3,
        "fp": 7,
        "final_recall": 0.3333333432674408,
        "final_precision": 0.30000001192092896
      },
      "5": {
        "gt": 67,
        "pred": 311,
        "tp": 47,
        "fp": 264,
        "final_recall": 0.7014925479888916,
        "final_precision": 0.15112540125846863
      }
    },
    "mean_iou": 0.7288882062859732
  },
  "label_stats": {
    "train": {
      "label_dir": "C:\\Users\\54544\\OneDrive\\Documents\\GitHub\\YOLO_DDS\\Dental OPG XRAY Dataset\\Augmented_Data\\train\\labels",
      "num_images": 558,
      "total_valid_boxes": 5642,
      "invalid_boxes": 0,
      "per_class_counts": [
        853,
        172,
        729,
        69,
        526,
        3293
      ],
      "boxes_per_image": {
        "min": 1,
        "max": 25,
        "mean": 10.11111111111111
      }
    },
    "valid": {
      "label_dir": "C:\\Users\\54544\\OneDrive\\Documents\\GitHub\\YOLO_DDS\\Dental OPG XRAY Dataset\\Augmented_Data\\valid\\labels",
      "num_images": 23,
      "total_valid_boxes": 115,
      "invalid_boxes": 0,
      "per_class_counts": [
        14,
        4,
        18,
        3,
        9,
        67
      ],
      "boxes_per_image": {
        "min": 1,
        "max": 10,
        "mean": 5.0
      }
    },
    "test": {
      "label_dir": "C:\\Users\\54544\\OneDrive\\Documents\\GitHub\\YOLO_DDS\\Dental OPG XRAY Dataset\\Augmented_Data\\test\\labels",
      "num_images": 23,
      "total_valid_boxes": 102,
      "invalid_boxes": 0,
      "per_class_counts": [
        26,
        5,
        12,
        0,
        5,
        54
      ],
      "boxes_per_image": {
        "min": 2,
        "max": 9,
        "mean": 4.434782608695652
      }
    }
  },
  "val_debug_batch": {
    "images": [
      {
        "image_id": "105_jpg.rf.fc10e27e37bdacf62e154171aa518d6a",
        "orig_size": [
          640,
          315
        ],
        "num_gt": 3,
        "num_pred_val_thresh": 12,
        "avg_obj_logit": -6.041630268096924,
        "num_pred_low_thresh": 30,
        "pred_to_gt_iou_mean": 0.07111974060535431,
        "gt_to_pred_iou_mean": 0.5789608359336853
      },
      {
        "image_id": "122_jpg.rf.7668820b59771bafa96b99ba5411b121",
        "orig_size": [
          640,
          311
        ],
        "num_gt": 7,
        "num_pred_val_thresh": 13,
        "avg_obj_logit": -6.111091613769531,
        "num_pred_low_thresh": 30,
        "pred_to_gt_iou_mean": 0.25100797414779663,
        "gt_to_pred_iou_mean": 0.6394392251968384
      },
      {
        "image_id": "130_jpg.rf.f26cfd39dad7baef3d90c6f98aaa23ab",
        "orig_size": [
          640,
          278
        ],
        "num_gt": 2,
        "num_pred_val_thresh": 18,
        "avg_obj_logit": -6.04285192489624,
        "num_pred_low_thresh": 30,
        "pred_to_gt_iou_mean": 0.07964102923870087,
        "gt_to_pred_iou_mean": 0.8227726817131042
      },
      {
        "image_id": "141_jpg.rf.a7d2f07e8fbc3051dd3f306d89babea4",
        "orig_size": [
          640,
          312
        ],
        "num_gt": 2,
        "num_pred_val_thresh": 11,
        "avg_obj_logit": -6.07948112487793,
        "num_pred_low_thresh": 30,
        "pred_to_gt_iou_mean": 0.07335252314805984,
        "gt_to_pred_iou_mean": 0.6226456165313721
      }
    ]
  }
}