{
  "epoch": 25,
  "train_loss": 0.1719433897307941,
  "val_loss": 1.0898334085941315,
  "train_pos_per_image": 10.121428571428572,
  "val_pos_per_image": 4.958333333333333,
  "metrics": {
    "mAP": 0.14627264440059662,
    "per_class_ap": {
      "0": 0.1071428582072258,
      "1": 0.0,
      "2": 0.5567901730537415,
      "3": 0.0,
      "4": 0.0555555559694767,
      "5": 0.15814729034900665
    },
    "per_class_counts": {
      "0": {
        "gt": 14,
        "pred": 29,
        "tp": 4,
        "fp": 25,
        "final_recall": 0.2857142984867096,
        "final_precision": 0.13793103396892548
      },
      "2": {
        "gt": 18,
        "pred": 36,
        "tp": 12,
        "fp": 24,
        "final_recall": 0.6666666865348816,
        "final_precision": 0.3333333432674408
      },
      "4": {
        "gt": 9,
        "pred": 9,
        "tp": 1,
        "fp": 8,
        "final_recall": 0.1111111119389534,
        "final_precision": 0.1111111119389534
      },
      "5": {
        "gt": 67,
        "pred": 312,
        "tp": 46,
        "fp": 266,
        "final_recall": 0.6865671873092651,
        "final_precision": 0.14743590354919434
      }
    },
    "mean_iou": 0.7264534984316144
  },
  "label_stats": {
    "train": {
      "label_dir": "C:\\Users\\54544\\OneDrive\\Documents\\GitHub\\YOLO_DDS\\Dental OPG XRAY Dataset\\Augmented_Data\\train\\labels",
      "num_images": 558,
      "total_valid_boxes": 5642,
      "invalid_boxes": 0,
      "per_class_counts": [
        853,
        172,
        729,
        69,
        526,
        3293
      ],
      "boxes_per_image": {
        "min": 1,
        "max": 25,
        "mean": 10.11111111111111
      }
    },
    "valid": {
      "label_dir": "C:\\Users\\54544\\OneDrive\\Documents\\GitHub\\YOLO_DDS\\Dental OPG XRAY Dataset\\Augmented_Data\\valid\\labels",
      "num_images": 23,
      "total_valid_boxes": 115,
      "invalid_boxes": 0,
      "per_class_counts": [
        14,
        4,
        18,
        3,
        9,
        67
      ],
      "boxes_per_image": {
        "min": 1,
        "max": 10,
        "mean": 5.0
      }
    },
    "test": {
      "label_dir": "C:\\Users\\54544\\OneDrive\\Documents\\GitHub\\YOLO_DDS\\Dental OPG XRAY Dataset\\Augmented_Data\\test\\labels",
      "num_images": 23,
      "total_valid_boxes": 102,
      "invalid_boxes": 0,
      "per_class_counts": [
        26,
        5,
        12,
        0,
        5,
        54
      ],
      "boxes_per_image": {
        "min": 2,
        "max": 9,
        "mean": 4.434782608695652
      }
    }
  },
  "val_debug_batch": {
    "images": [
      {
        "image_id": "105_jpg.rf.fc10e27e37bdacf62e154171aa518d6a",
        "orig_size": [
          640,
          315
        ],
        "num_gt": 3,
        "num_pred_val_thresh": 12,
        "avg_obj_logit": -5.882199287414551,
        "num_pred_low_thresh": 30,
        "pred_to_gt_iou_mean": 0.06995764374732971,
        "gt_to_pred_iou_mean": 0.5715306401252747
      },
      {
        "image_id": "122_jpg.rf.7668820b59771bafa96b99ba5411b121",
        "orig_size": [
          640,
          311
        ],
        "num_gt": 7,
        "num_pred_val_thresh": 9,
        "avg_obj_logit": -5.977835655212402,
        "num_pred_low_thresh": 30,
        "pred_to_gt_iou_mean": 0.26081934571266174,
        "gt_to_pred_iou_mean": 0.6748166084289551
      },
      {
        "image_id": "130_jpg.rf.f26cfd39dad7baef3d90c6f98aaa23ab",
        "orig_size": [
          640,
          278
        ],
        "num_gt": 2,
        "num_pred_val_thresh": 20,
        "avg_obj_logit": -5.890076637268066,
        "num_pred_low_thresh": 30,
        "pred_to_gt_iou_mean": 0.0796663910150528,
        "gt_to_pred_iou_mean": 0.8040751218795776
      },
      {
        "image_id": "141_jpg.rf.a7d2f07e8fbc3051dd3f306d89babea4",
        "orig_size": [
          640,
          312
        ],
        "num_gt": 2,
        "num_pred_val_thresh": 14,
        "avg_obj_logit": -5.945209503173828,
        "num_pred_low_thresh": 30,
        "pred_to_gt_iou_mean": 0.07572886347770691,
        "gt_to_pred_iou_mean": 0.6379088163375854
      }
    ]
  }
}