{
  "epoch": 49,
  "train_loss": 0.0873924837580749,
  "val_loss": 1.1161974569161732,
  "train_pos_per_image": 10.1,
  "val_pos_per_image": 4.958333333333333,
  "metrics": {
    "mAP": 0.1202927902340889,
    "per_class_ap": {
      "0": 0.1473684161901474,
      "1": 0.0,
      "2": 0.3983936905860901,
      "3": 0.0,
      "4": 0.02777777798473835,
      "5": 0.1482168734073639
    },
    "mean_iou": 0.7317246596018473
  },
  "label_stats": {
    "label_dir": "C:\\Users\\54544\\OneDrive\\Documents\\GitHub\\YOLO_DDS\\Dental OPG XRAY Dataset\\Augmented_Data\\train\\labels",
    "num_images": 558,
    "total_valid_boxes": 5642,
    "invalid_boxes": 0,
    "per_class_counts": [
      853,
      172,
      729,
      69,
      526,
      3293
    ],
    "boxes_per_image": {
      "min": 1,
      "max": 25,
      "mean": 10.11111111111111
    }
  },
  "val_debug_batch": {
    "images": [
      {
        "image_id": "105_jpg.rf.fc10e27e37bdacf62e154171aa518d6a",
        "orig_size": [
          640,
          315
        ],
        "num_gt": 3,
        "num_pred_val_thresh": 18,
        "avg_obj_logit": -5.988768100738525,
        "num_pred_low_thresh": 30,
        "pred_to_gt_iou_mean": 0.05731719732284546,
        "gt_to_pred_iou_mean": 0.5340616106987
      },
      {
        "image_id": "122_jpg.rf.7668820b59771bafa96b99ba5411b121",
        "orig_size": [
          640,
          311
        ],
        "num_gt": 7,
        "num_pred_val_thresh": 13,
        "avg_obj_logit": -6.091320991516113,
        "num_pred_low_thresh": 30,
        "pred_to_gt_iou_mean": 0.26841971278190613,
        "gt_to_pred_iou_mean": 0.6750253438949585
      },
      {
        "image_id": "130_jpg.rf.f26cfd39dad7baef3d90c6f98aaa23ab",
        "orig_size": [
          640,
          278
        ],
        "num_gt": 2,
        "num_pred_val_thresh": 15,
        "avg_obj_logit": -5.99377965927124,
        "num_pred_low_thresh": 30,
        "pred_to_gt_iou_mean": 0.09419139474630356,
        "gt_to_pred_iou_mean": 0.8569400310516357
      },
      {
        "image_id": "141_jpg.rf.a7d2f07e8fbc3051dd3f306d89babea4",
        "orig_size": [
          640,
          312
        ],
        "num_gt": 2,
        "num_pred_val_thresh": 9,
        "avg_obj_logit": -6.045615196228027,
        "num_pred_low_thresh": 30,
        "pred_to_gt_iou_mean": 0.09975889325141907,
        "gt_to_pred_iou_mean": 0.5819880962371826
      }
    ]
  }
}