{
  "epoch": 36,
  "train_loss": 0.11899471559694835,
  "val_loss": 1.102626621723175,
  "train_pos_per_image": 10.110714285714286,
  "val_pos_per_image": 4.958333333333333,
  "metrics": {
    "mAP": 0.13148872554302216,
    "per_class_ap": {
      "0": 0.18421052396297455,
      "1": 0.0,
      "2": 0.43482592701911926,
      "3": 0.0,
      "4": 0.02777777798473835,
      "5": 0.14211811125278473
    },
    "mean_iou": 0.7339728804735037
  },
  "label_stats": {
    "label_dir": "C:\\Users\\54544\\OneDrive\\Documents\\GitHub\\YOLO_DDS\\Dental OPG XRAY Dataset\\Augmented_Data\\train\\labels",
    "num_images": 558,
    "total_valid_boxes": 5642,
    "invalid_boxes": 0,
    "per_class_counts": [
      853,
      172,
      729,
      69,
      526,
      3293
    ],
    "boxes_per_image": {
      "min": 1,
      "max": 25,
      "mean": 10.11111111111111
    }
  },
  "val_debug_batch": {
    "images": [
      {
        "image_id": "105_jpg.rf.fc10e27e37bdacf62e154171aa518d6a",
        "orig_size": [
          640,
          315
        ],
        "num_gt": 3,
        "num_pred_val_thresh": 16,
        "avg_obj_logit": -5.960928916931152,
        "num_pred_low_thresh": 30,
        "pred_to_gt_iou_mean": 0.058004558086395264,
        "gt_to_pred_iou_mean": 0.5351802706718445
      },
      {
        "image_id": "122_jpg.rf.7668820b59771bafa96b99ba5411b121",
        "orig_size": [
          640,
          311
        ],
        "num_gt": 7,
        "num_pred_val_thresh": 13,
        "avg_obj_logit": -6.072352409362793,
        "num_pred_low_thresh": 30,
        "pred_to_gt_iou_mean": 0.2631204128265381,
        "gt_to_pred_iou_mean": 0.6565700769424438
      },
      {
        "image_id": "130_jpg.rf.f26cfd39dad7baef3d90c6f98aaa23ab",
        "orig_size": [
          640,
          278
        ],
        "num_gt": 2,
        "num_pred_val_thresh": 14,
        "avg_obj_logit": -5.9704132080078125,
        "num_pred_low_thresh": 30,
        "pred_to_gt_iou_mean": 0.09393593668937683,
        "gt_to_pred_iou_mean": 0.8639335632324219
      },
      {
        "image_id": "141_jpg.rf.a7d2f07e8fbc3051dd3f306d89babea4",
        "orig_size": [
          640,
          312
        ],
        "num_gt": 2,
        "num_pred_val_thresh": 10,
        "avg_obj_logit": -6.026749134063721,
        "num_pred_low_thresh": 30,
        "pred_to_gt_iou_mean": 0.0999029129743576,
        "gt_to_pred_iou_mean": 0.5759701728820801
      }
    ]
  }
}