{
  "epoch": 24,
  "train_loss": 0.17804373300501278,
  "val_loss": 1.043256402015686,
  "train_pos_per_image": 10.107142857142858,
  "val_pos_per_image": 4.958333333333333,
  "metrics": {
    "mAP": 0.14753137528896332,
    "per_class_ap": {
      "0": 0.0803571492433548,
      "1": 0.0,
      "2": 0.5934926271438599,
      "3": 0.0,
      "4": 0.0555555559694767,
      "5": 0.15578292310237885
    },
    "per_class_counts": {
      "0": {
        "gt": 14,
        "pred": 16,
        "tp": 2,
        "fp": 14,
        "final_recall": 0.1428571492433548,
        "final_precision": 0.125
      },
      "2": {
        "gt": 18,
        "pred": 23,
        "tp": 12,
        "fp": 11,
        "final_recall": 0.6666666865348816,
        "final_precision": 0.52173912525177
      },
      "4": {
        "gt": 9,
        "pred": 2,
        "tp": 1,
        "fp": 1,
        "final_recall": 0.1111111119389534,
        "final_precision": 0.5
      },
      "5": {
        "gt": 67,
        "pred": 258,
        "tp": 44,
        "fp": 214,
        "final_recall": 0.6567164063453674,
        "final_precision": 0.1705426424741745
      }
    },
    "mean_iou": 0.7129565868804704
  },
  "label_stats": {
    "train": {
      "label_dir": "C:\\Users\\54544\\OneDrive\\Documents\\GitHub\\YOLO_DDS\\Dental OPG XRAY Dataset\\Augmented_Data\\train\\labels",
      "num_images": 558,
      "total_valid_boxes": 5642,
      "invalid_boxes": 0,
      "per_class_counts": [
        853,
        172,
        729,
        69,
        526,
        3293
      ],
      "boxes_per_image": {
        "min": 1,
        "max": 25,
        "mean": 10.11111111111111
      }
    },
    "valid": {
      "label_dir": "C:\\Users\\54544\\OneDrive\\Documents\\GitHub\\YOLO_DDS\\Dental OPG XRAY Dataset\\Augmented_Data\\valid\\labels",
      "num_images": 23,
      "total_valid_boxes": 115,
      "invalid_boxes": 0,
      "per_class_counts": [
        14,
        4,
        18,
        3,
        9,
        67
      ],
      "boxes_per_image": {
        "min": 1,
        "max": 10,
        "mean": 5.0
      }
    },
    "test": {
      "label_dir": "C:\\Users\\54544\\OneDrive\\Documents\\GitHub\\YOLO_DDS\\Dental OPG XRAY Dataset\\Augmented_Data\\test\\labels",
      "num_images": 23,
      "total_valid_boxes": 102,
      "invalid_boxes": 0,
      "per_class_counts": [
        26,
        5,
        12,
        0,
        5,
        54
      ],
      "boxes_per_image": {
        "min": 2,
        "max": 9,
        "mean": 4.434782608695652
      }
    }
  },
  "val_debug_batch": {
    "images": [
      {
        "image_id": "105_jpg.rf.fc10e27e37bdacf62e154171aa518d6a",
        "orig_size": [
          640,
          315
        ],
        "num_gt": 3,
        "num_pred_val_thresh": 8,
        "avg_obj_logit": -5.897936820983887,
        "num_pred_low_thresh": 30,
        "pred_to_gt_iou_mean": 0.06695551425218582,
        "gt_to_pred_iou_mean": 0.553732693195343
      },
      {
        "image_id": "122_jpg.rf.7668820b59771bafa96b99ba5411b121",
        "orig_size": [
          640,
          311
        ],
        "num_gt": 7,
        "num_pred_val_thresh": 6,
        "avg_obj_logit": -5.979393005371094,
        "num_pred_low_thresh": 30,
        "pred_to_gt_iou_mean": 0.26576969027519226,
        "gt_to_pred_iou_mean": 0.7068631052970886
      },
      {
        "image_id": "130_jpg.rf.f26cfd39dad7baef3d90c6f98aaa23ab",
        "orig_size": [
          640,
          278
        ],
        "num_gt": 2,
        "num_pred_val_thresh": 13,
        "avg_obj_logit": -5.895326614379883,
        "num_pred_low_thresh": 30,
        "pred_to_gt_iou_mean": 0.0781681016087532,
        "gt_to_pred_iou_mean": 0.8061531186103821
      },
      {
        "image_id": "141_jpg.rf.a7d2f07e8fbc3051dd3f306d89babea4",
        "orig_size": [
          640,
          312
        ],
        "num_gt": 2,
        "num_pred_val_thresh": 9,
        "avg_obj_logit": -5.958187580108643,
        "num_pred_low_thresh": 30,
        "pred_to_gt_iou_mean": 0.09633944928646088,
        "gt_to_pred_iou_mean": 0.692599892616272
      }
    ]
  }
}