{
  "epoch": 47,
  "train_loss": 0.08845280656324965,
  "val_loss": 1.1082836588223774,
  "train_pos_per_image": 10.123214285714285,
  "val_pos_per_image": 4.958333333333333,
  "metrics": {
    "mAP": 0.1205284595489502,
    "per_class_ap": {
      "0": 0.15546219050884247,
      "1": 0.0,
      "2": 0.3953072428703308,
      "3": 0.0,
      "4": 0.02777777798473835,
      "5": 0.14462357759475708
    },
    "mean_iou": 0.7345160071666424
  },
  "label_stats": {
    "label_dir": "C:\\Users\\54544\\OneDrive\\Documents\\GitHub\\YOLO_DDS\\Dental OPG XRAY Dataset\\Augmented_Data\\train\\labels",
    "num_images": 558,
    "total_valid_boxes": 5642,
    "invalid_boxes": 0,
    "per_class_counts": [
      853,
      172,
      729,
      69,
      526,
      3293
    ],
    "boxes_per_image": {
      "min": 1,
      "max": 25,
      "mean": 10.11111111111111
    }
  },
  "val_debug_batch": {
    "images": [
      {
        "image_id": "105_jpg.rf.fc10e27e37bdacf62e154171aa518d6a",
        "orig_size": [
          640,
          315
        ],
        "num_gt": 3,
        "num_pred_val_thresh": 16,
        "avg_obj_logit": -5.986176013946533,
        "num_pred_low_thresh": 30,
        "pred_to_gt_iou_mean": 0.05695115774869919,
        "gt_to_pred_iou_mean": 0.5315560698509216
      },
      {
        "image_id": "122_jpg.rf.7668820b59771bafa96b99ba5411b121",
        "orig_size": [
          640,
          311
        ],
        "num_gt": 7,
        "num_pred_val_thresh": 13,
        "avg_obj_logit": -6.084969997406006,
        "num_pred_low_thresh": 30,
        "pred_to_gt_iou_mean": 0.26839950680732727,
        "gt_to_pred_iou_mean": 0.6756605505943298
      },
      {
        "image_id": "130_jpg.rf.f26cfd39dad7baef3d90c6f98aaa23ab",
        "orig_size": [
          640,
          278
        ],
        "num_gt": 2,
        "num_pred_val_thresh": 15,
        "avg_obj_logit": -5.9894185066223145,
        "num_pred_low_thresh": 30,
        "pred_to_gt_iou_mean": 0.09432436525821686,
        "gt_to_pred_iou_mean": 0.860478401184082
      },
      {
        "image_id": "141_jpg.rf.a7d2f07e8fbc3051dd3f306d89babea4",
        "orig_size": [
          640,
          312
        ],
        "num_gt": 2,
        "num_pred_val_thresh": 9,
        "avg_obj_logit": -6.042602062225342,
        "num_pred_low_thresh": 30,
        "pred_to_gt_iou_mean": 0.09048505127429962,
        "gt_to_pred_iou_mean": 0.5799349546432495
      }
    ]
  }
}