{
  "epoch": 38,
  "train_loss": 0.10739999448082277,
  "val_loss": 1.1353103915850322,
  "train_pos_per_image": 10.094642857142857,
  "val_pos_per_image": 4.958333333333333,
  "metrics": {
    "mAP": 0.13235659897327423,
    "per_class_ap": {
      "0": 0.14661654829978943,
      "1": 0.0,
      "2": 0.416402131319046,
      "3": 0.0,
      "4": 0.08888889104127884,
      "5": 0.1422320306301117
    },
    "mean_iou": 0.7341351298185496
  },
  "label_stats": {
    "label_dir": "C:\\Users\\54544\\OneDrive\\Documents\\GitHub\\YOLO_DDS\\Dental OPG XRAY Dataset\\Augmented_Data\\train\\labels",
    "num_images": 558,
    "total_valid_boxes": 5642,
    "invalid_boxes": 0,
    "per_class_counts": [
      853,
      172,
      729,
      69,
      526,
      3293
    ],
    "boxes_per_image": {
      "min": 1,
      "max": 25,
      "mean": 10.11111111111111
    }
  },
  "val_debug_batch": {
    "images": [
      {
        "image_id": "105_jpg.rf.fc10e27e37bdacf62e154171aa518d6a",
        "orig_size": [
          640,
          315
        ],
        "num_gt": 3,
        "num_pred_val_thresh": 17,
        "avg_obj_logit": -5.9743876457214355,
        "num_pred_low_thresh": 30,
        "pred_to_gt_iou_mean": 0.057489439845085144,
        "gt_to_pred_iou_mean": 0.5382296442985535
      },
      {
        "image_id": "122_jpg.rf.7668820b59771bafa96b99ba5411b121",
        "orig_size": [
          640,
          311
        ],
        "num_gt": 7,
        "num_pred_val_thresh": 14,
        "avg_obj_logit": -6.080495834350586,
        "num_pred_low_thresh": 30,
        "pred_to_gt_iou_mean": 0.2557714283466339,
        "gt_to_pred_iou_mean": 0.6649909019470215
      },
      {
        "image_id": "130_jpg.rf.f26cfd39dad7baef3d90c6f98aaa23ab",
        "orig_size": [
          640,
          278
        ],
        "num_gt": 2,
        "num_pred_val_thresh": 14,
        "avg_obj_logit": -5.973546504974365,
        "num_pred_low_thresh": 30,
        "pred_to_gt_iou_mean": 0.09391479194164276,
        "gt_to_pred_iou_mean": 0.8653873205184937
      },
      {
        "image_id": "141_jpg.rf.a7d2f07e8fbc3051dd3f306d89babea4",
        "orig_size": [
          640,
          312
        ],
        "num_gt": 2,
        "num_pred_val_thresh": 9,
        "avg_obj_logit": -6.036394119262695,
        "num_pred_low_thresh": 30,
        "pred_to_gt_iou_mean": 0.10055790841579437,
        "gt_to_pred_iou_mean": 0.5827789306640625
      }
    ]
  }
}