{
  "epoch": 5,
  "train_loss": 0.5552726141044072,
  "train_loss_breakdown": {
    "giou": 0.3062793390027114,
    "objectness": 0.040645520468907695,
    "class": 0.2083477540739945
  },
  "val_loss": 1.028621107339859,
  "val_loss_breakdown": {
    "giou": 0.29115891456604004,
    "objectness": 0.02293356539060672,
    "class": 0.7145286301771799
  },
  "train_pos_per_image": 10.132142857142858,
  "val_pos_per_image": 4.958333333333333,
  "metrics": {
    "mAP": 0.04625329002737999,
    "per_class_ap": {
      "0": 0.0714285746216774,
      "1": 0.0,
      "2": 0.1111111119389534,
      "3": 0.0,
      "4": 0.0,
      "5": 0.09498006105422974
    },
    "per_class_counts": {
      "0": {
        "gt": 14,
        "pred": 1,
        "tp": 1,
        "fp": 0,
        "final_recall": 0.0714285746216774,
        "final_precision": 1.0
      },
      "2": {
        "gt": 18,
        "pred": 3,
        "tp": 2,
        "fp": 1,
        "final_recall": 0.1111111119389534,
        "final_precision": 0.6666666865348816
      },
      "5": {
        "gt": 67,
        "pred": 192,
        "tp": 28,
        "fp": 164,
        "final_recall": 0.41791045665740967,
        "final_precision": 0.1458333283662796
      }
    },
    "mean_iou": 0.7257850136075701
  },
  "val_confidence": {
    "count": 196,
    "mean": 0.28376275300979614,
    "median": 0.2602192163467407,
    "p90": 0.3973810076713562
  },
  "label_stats": {
    "train": {
      "label_dir": "C:\\Users\\54544\\OneDrive\\Documents\\GitHub\\YOLO_DDS\\Dental OPG XRAY Dataset\\Augmented_Data\\train\\labels",
      "num_images": 558,
      "images_with_no_boxes": 0,
      "total_valid_boxes": 5642,
      "invalid_boxes": 0,
      "per_class_counts": [
        853,
        172,
        729,
        69,
        526,
        3293
      ],
      "per_class_image_freq": [
        392,
        104,
        322,
        58,
        225,
        550
      ],
      "class_presence_ratio": [
        0.7025089605734767,
        0.1863799283154122,
        0.5770609318996416,
        0.1039426523297491,
        0.4032258064516129,
        0.985663082437276
      ],
      "missing_classes": [],
      "class_imbalance_ratio": 47.72463768115942,
      "boxes_per_image": {
        "min": 1,
        "max": 25,
        "mean": 10.11111111111111
      }
    },
    "valid": {
      "label_dir": "C:\\Users\\54544\\OneDrive\\Documents\\GitHub\\YOLO_DDS\\Dental OPG XRAY Dataset\\Augmented_Data\\valid\\labels",
      "num_images": 23,
      "images_with_no_boxes": 0,
      "total_valid_boxes": 115,
      "invalid_boxes": 0,
      "per_class_counts": [
        14,
        4,
        18,
        3,
        9,
        67
      ],
      "per_class_image_freq": [
        8,
        3,
        7,
        3,
        6,
        22
      ],
      "class_presence_ratio": [
        0.34782608695652173,
        0.13043478260869565,
        0.30434782608695654,
        0.13043478260869565,
        0.2608695652173913,
        0.9565217391304348
      ],
      "missing_classes": [],
      "class_imbalance_ratio": 22.333333333333332,
      "boxes_per_image": {
        "min": 1,
        "max": 10,
        "mean": 5.0
      }
    },
    "test": {
      "label_dir": "C:\\Users\\54544\\OneDrive\\Documents\\GitHub\\YOLO_DDS\\Dental OPG XRAY Dataset\\Augmented_Data\\test\\labels",
      "num_images": 23,
      "images_with_no_boxes": 0,
      "total_valid_boxes": 102,
      "invalid_boxes": 0,
      "per_class_counts": [
        26,
        5,
        12,
        0,
        5,
        54
      ],
      "per_class_image_freq": [
        14,
        2,
        7,
        0,
        4,
        23
      ],
      "class_presence_ratio": [
        0.6086956521739131,
        0.08695652173913043,
        0.30434782608695654,
        0.0,
        0.17391304347826086,
        1.0
      ],
      "missing_classes": [
        3
      ],
      "class_imbalance_ratio": 10.8,
      "boxes_per_image": {
        "min": 2,
        "max": 9,
        "mean": 4.434782608695652
      }
    }
  },
  "val_debug_batch": {
    "images": [
      {
        "image_id": "105_jpg.rf.fc10e27e37bdacf62e154171aa518d6a",
        "orig_size": [
          640,
          315
        ],
        "num_gt": 3,
        "num_pred_val_thresh": 10,
        "avg_obj_logit": -5.039185523986816,
        "num_pred_low_thresh": 30,
        "pred_to_gt_iou_mean": 0.08355215191841125,
        "gt_to_pred_iou_mean": 0.739162266254425
      },
      {
        "image_id": "122_jpg.rf.7668820b59771bafa96b99ba5411b121",
        "orig_size": [
          640,
          311
        ],
        "num_gt": 7,
        "num_pred_val_thresh": 4,
        "avg_obj_logit": -5.093235969543457,
        "num_pred_low_thresh": 30,
        "pred_to_gt_iou_mean": 0.23144890367984772,
        "gt_to_pred_iou_mean": 0.6267765760421753
      },
      {
        "image_id": "130_jpg.rf.f26cfd39dad7baef3d90c6f98aaa23ab",
        "orig_size": [
          640,
          278
        ],
        "num_gt": 2,
        "num_pred_val_thresh": 10,
        "avg_obj_logit": -5.0789875984191895,
        "num_pred_low_thresh": 30,
        "pred_to_gt_iou_mean": 0.08396825939416885,
        "gt_to_pred_iou_mean": 0.6706631183624268
      },
      {
        "image_id": "141_jpg.rf.a7d2f07e8fbc3051dd3f306d89babea4",
        "orig_size": [
          640,
          312
        ],
        "num_gt": 2,
        "num_pred_val_thresh": 4,
        "avg_obj_logit": -5.024497032165527,
        "num_pred_low_thresh": 30,
        "pred_to_gt_iou_mean": 0.049946341663599014,
        "gt_to_pred_iou_mean": 0.36673495173454285
      }
    ]
  }
}