{
  "epoch": 13,
  "train_loss": 0.27714753182871,
  "val_loss": 1.0462151269117992,
  "train_pos_per_image": 10.14107142857143,
  "val_pos_per_image": 4.958333333333333,
  "metrics": {
    "mAP": 0.08505839854478836,
    "per_class_ap": {
      "0": 0.0238095261156559,
      "1": 0.0,
      "2": 0.3631831109523773,
      "3": 0.0,
      "4": 0.0,
      "5": 0.12335776537656784
    },
    "per_class_counts": {
      "0": {
        "gt": 14,
        "pred": 12,
        "tp": 2,
        "fp": 10,
        "final_recall": 0.1428571492433548,
        "final_precision": 0.1666666716337204
      },
      "2": {
        "gt": 18,
        "pred": 26,
        "tp": 10,
        "fp": 16,
        "final_recall": 0.5555555820465088,
        "final_precision": 0.38461539149284363
      },
      "5": {
        "gt": 67,
        "pred": 278,
        "tp": 38,
        "fp": 240,
        "final_recall": 0.5671641826629639,
        "final_precision": 0.1366906464099884
      }
    },
    "mean_iou": 0.6740750187429888
  },
  "label_stats": {
    "train": {
      "label_dir": "C:\\Users\\54544\\OneDrive\\Documents\\GitHub\\YOLO_DDS\\Dental OPG XRAY Dataset\\Augmented_Data\\train\\labels",
      "num_images": 558,
      "total_valid_boxes": 5642,
      "invalid_boxes": 0,
      "per_class_counts": [
        853,
        172,
        729,
        69,
        526,
        3293
      ],
      "boxes_per_image": {
        "min": 1,
        "max": 25,
        "mean": 10.11111111111111
      }
    },
    "valid": {
      "label_dir": "C:\\Users\\54544\\OneDrive\\Documents\\GitHub\\YOLO_DDS\\Dental OPG XRAY Dataset\\Augmented_Data\\valid\\labels",
      "num_images": 23,
      "total_valid_boxes": 115,
      "invalid_boxes": 0,
      "per_class_counts": [
        14,
        4,
        18,
        3,
        9,
        67
      ],
      "boxes_per_image": {
        "min": 1,
        "max": 10,
        "mean": 5.0
      }
    },
    "test": {
      "label_dir": "C:\\Users\\54544\\OneDrive\\Documents\\GitHub\\YOLO_DDS\\Dental OPG XRAY Dataset\\Augmented_Data\\test\\labels",
      "num_images": 23,
      "total_valid_boxes": 102,
      "invalid_boxes": 0,
      "per_class_counts": [
        26,
        5,
        12,
        0,
        5,
        54
      ],
      "boxes_per_image": {
        "min": 2,
        "max": 9,
        "mean": 4.434782608695652
      }
    }
  },
  "val_debug_batch": {
    "images": [
      {
        "image_id": "105_jpg.rf.fc10e27e37bdacf62e154171aa518d6a",
        "orig_size": [
          640,
          315
        ],
        "num_gt": 3,
        "num_pred_val_thresh": 15,
        "avg_obj_logit": -5.499791145324707,
        "num_pred_low_thresh": 30,
        "pred_to_gt_iou_mean": 0.08420658856630325,
        "gt_to_pred_iou_mean": 0.7217633128166199
      },
      {
        "image_id": "122_jpg.rf.7668820b59771bafa96b99ba5411b121",
        "orig_size": [
          640,
          311
        ],
        "num_gt": 7,
        "num_pred_val_thresh": 12,
        "avg_obj_logit": -5.532865524291992,
        "num_pred_low_thresh": 30,
        "pred_to_gt_iou_mean": 0.24971751868724823,
        "gt_to_pred_iou_mean": 0.6089093089103699
      },
      {
        "image_id": "130_jpg.rf.f26cfd39dad7baef3d90c6f98aaa23ab",
        "orig_size": [
          640,
          278
        ],
        "num_gt": 2,
        "num_pred_val_thresh": 19,
        "avg_obj_logit": -5.5212202072143555,
        "num_pred_low_thresh": 30,
        "pred_to_gt_iou_mean": 0.08268717676401138,
        "gt_to_pred_iou_mean": 0.8425437808036804
      },
      {
        "image_id": "141_jpg.rf.a7d2f07e8fbc3051dd3f306d89babea4",
        "orig_size": [
          640,
          312
        ],
        "num_gt": 2,
        "num_pred_val_thresh": 11,
        "avg_obj_logit": -5.509676456451416,
        "num_pred_low_thresh": 30,
        "pred_to_gt_iou_mean": 0.03838483616709709,
        "gt_to_pred_iou_mean": 0.3775889277458191
      }
    ]
  }
}