{
  "epoch": 10,
  "train_loss": 0.336153604728835,
  "val_loss": 1.1192051072915394,
  "train_pos_per_image": 10.103571428571428,
  "val_pos_per_image": 4.958333333333333,
  "metrics": {
    "mAP": 0.07362277805805206,
    "per_class_ap": {
      "0": 0.23469388484954834,
      "1": 0.0,
      "2": 0.08898944407701492,
      "3": 0.0,
      "4": 0.0,
      "5": 0.11805333942174911
    },
    "mean_iou": 0.7276193628124162
  },
  "label_stats": {
    "label_dir": "C:\\Users\\54544\\OneDrive\\Documents\\GitHub\\YOLO_DDS\\Dental OPG XRAY Dataset\\Augmented_Data\\train\\labels",
    "num_images": 558,
    "total_valid_boxes": 5642,
    "invalid_boxes": 0,
    "per_class_counts": [
      853,
      172,
      729,
      69,
      526,
      3293
    ],
    "boxes_per_image": {
      "min": 1,
      "max": 25,
      "mean": 10.11111111111111
    }
  },
  "val_debug_batch": {
    "images": [
      {
        "image_id": "105_jpg.rf.fc10e27e37bdacf62e154171aa518d6a",
        "orig_size": [
          640,
          315
        ],
        "num_gt": 3,
        "num_pred_val_thresh": 22,
        "avg_obj_logit": -5.370981693267822,
        "num_pred_low_thresh": 30,
        "pred_to_gt_iou_mean": 0.082427479326725,
        "gt_to_pred_iou_mean": 0.761522114276886
      },
      {
        "image_id": "122_jpg.rf.7668820b59771bafa96b99ba5411b121",
        "orig_size": [
          640,
          311
        ],
        "num_gt": 7,
        "num_pred_val_thresh": 6,
        "avg_obj_logit": -5.4729180335998535,
        "num_pred_low_thresh": 30,
        "pred_to_gt_iou_mean": 0.21548201143741608,
        "gt_to_pred_iou_mean": 0.5624728798866272
      },
      {
        "image_id": "130_jpg.rf.f26cfd39dad7baef3d90c6f98aaa23ab",
        "orig_size": [
          640,
          278
        ],
        "num_gt": 2,
        "num_pred_val_thresh": 21,
        "avg_obj_logit": -5.391351222991943,
        "num_pred_low_thresh": 30,
        "pred_to_gt_iou_mean": 0.08816105872392654,
        "gt_to_pred_iou_mean": 0.796309769153595
      },
      {
        "image_id": "141_jpg.rf.a7d2f07e8fbc3051dd3f306d89babea4",
        "orig_size": [
          640,
          312
        ],
        "num_gt": 2,
        "num_pred_val_thresh": 15,
        "avg_obj_logit": -5.42438268661499,
        "num_pred_low_thresh": 30,
        "pred_to_gt_iou_mean": 0.052343618124723434,
        "gt_to_pred_iou_mean": 0.3679788410663605
      }
    ]
  }
}