{
  "epoch": 40,
  "train_loss": 0.10160060870860305,
  "val_loss": 1.0699808200200398,
  "train_pos_per_image": 10.116071428571429,
  "val_pos_per_image": 4.958333333333333,
  "metrics": {
    "mAP": 0.15687252581119537,
    "per_class_ap": {
      "0": 0.08241758495569229,
      "1": 0.0,
      "2": 0.5920977592468262,
      "3": 0.0,
      "4": 0.07407407462596893,
      "5": 0.19264575839042664
    },
    "per_class_counts": {
      "0": {
        "gt": 14,
        "pred": 19,
        "tp": 2,
        "fp": 17,
        "final_recall": 0.1428571492433548,
        "final_precision": 0.10526315867900848
      },
      "2": {
        "gt": 18,
        "pred": 33,
        "tp": 14,
        "fp": 19,
        "final_recall": 0.7777777910232544,
        "final_precision": 0.42424243688583374
      },
      "4": {
        "gt": 9,
        "pred": 10,
        "tp": 2,
        "fp": 8,
        "final_recall": 0.2222222238779068,
        "final_precision": 0.20000000298023224
      },
      "5": {
        "gt": 67,
        "pred": 309,
        "tp": 50,
        "fp": 259,
        "final_recall": 0.746268630027771,
        "final_precision": 0.16181229054927826
      }
    },
    "mean_iou": 0.7357060509292703
  },
  "label_stats": {
    "train": {
      "label_dir": "C:\\Users\\54544\\OneDrive\\Documents\\GitHub\\YOLO_DDS\\Dental OPG XRAY Dataset\\Augmented_Data\\train\\labels",
      "num_images": 558,
      "total_valid_boxes": 5642,
      "invalid_boxes": 0,
      "per_class_counts": [
        853,
        172,
        729,
        69,
        526,
        3293
      ],
      "boxes_per_image": {
        "min": 1,
        "max": 25,
        "mean": 10.11111111111111
      }
    },
    "valid": {
      "label_dir": "C:\\Users\\54544\\OneDrive\\Documents\\GitHub\\YOLO_DDS\\Dental OPG XRAY Dataset\\Augmented_Data\\valid\\labels",
      "num_images": 23,
      "total_valid_boxes": 115,
      "invalid_boxes": 0,
      "per_class_counts": [
        14,
        4,
        18,
        3,
        9,
        67
      ],
      "boxes_per_image": {
        "min": 1,
        "max": 10,
        "mean": 5.0
      }
    },
    "test": {
      "label_dir": "C:\\Users\\54544\\OneDrive\\Documents\\GitHub\\YOLO_DDS\\Dental OPG XRAY Dataset\\Augmented_Data\\test\\labels",
      "num_images": 23,
      "total_valid_boxes": 102,
      "invalid_boxes": 0,
      "per_class_counts": [
        26,
        5,
        12,
        0,
        5,
        54
      ],
      "boxes_per_image": {
        "min": 2,
        "max": 9,
        "mean": 4.434782608695652
      }
    }
  },
  "val_debug_batch": {
    "images": [
      {
        "image_id": "105_jpg.rf.fc10e27e37bdacf62e154171aa518d6a",
        "orig_size": [
          640,
          315
        ],
        "num_gt": 3,
        "num_pred_val_thresh": 15,
        "avg_obj_logit": -6.0079216957092285,
        "num_pred_low_thresh": 30,
        "pred_to_gt_iou_mean": 0.09977557510137558,
        "gt_to_pred_iou_mean": 0.8246594071388245
      },
      {
        "image_id": "122_jpg.rf.7668820b59771bafa96b99ba5411b121",
        "orig_size": [
          640,
          311
        ],
        "num_gt": 7,
        "num_pred_val_thresh": 12,
        "avg_obj_logit": -6.091732978820801,
        "num_pred_low_thresh": 30,
        "pred_to_gt_iou_mean": 0.28075674176216125,
        "gt_to_pred_iou_mean": 0.6905031800270081
      },
      {
        "image_id": "130_jpg.rf.f26cfd39dad7baef3d90c6f98aaa23ab",
        "orig_size": [
          640,
          278
        ],
        "num_gt": 2,
        "num_pred_val_thresh": 18,
        "avg_obj_logit": -5.990810871124268,
        "num_pred_low_thresh": 30,
        "pred_to_gt_iou_mean": 0.06785453855991364,
        "gt_to_pred_iou_mean": 0.7396999597549438
      },
      {
        "image_id": "141_jpg.rf.a7d2f07e8fbc3051dd3f306d89babea4",
        "orig_size": [
          640,
          312
        ],
        "num_gt": 2,
        "num_pred_val_thresh": 15,
        "avg_obj_logit": -5.998911380767822,
        "num_pred_low_thresh": 30,
        "pred_to_gt_iou_mean": 0.06105094775557518,
        "gt_to_pred_iou_mean": 0.695739209651947
      }
    ]
  }
}