{
  "epoch": 25,
  "train_loss": 0.18054605637277876,
  "val_loss": 1.0554466148217518,
  "train_pos_per_image": 10.121428571428572,
  "val_pos_per_image": 4.958333333333333,
  "metrics": {
    "mAP": 0.14398033916950226,
    "per_class_ap": {
      "0": 0.0952381044626236,
      "1": 0.0,
      "2": 0.5546644330024719,
      "3": 0.0,
      "4": 0.0634920671582222,
      "5": 0.15048745274543762
    },
    "per_class_counts": {
      "0": {
        "gt": 14,
        "pred": 16,
        "tp": 2,
        "fp": 14,
        "final_recall": 0.1428571492433548,
        "final_precision": 0.125
      },
      "2": {
        "gt": 18,
        "pred": 21,
        "tp": 13,
        "fp": 8,
        "final_recall": 0.7222222089767456,
        "final_precision": 0.6190476417541504
      },
      "4": {
        "gt": 9,
        "pred": 7,
        "tp": 2,
        "fp": 5,
        "final_recall": 0.2222222238779068,
        "final_precision": 0.2857142984867096
      },
      "5": {
        "gt": 67,
        "pred": 299,
        "tp": 44,
        "fp": 255,
        "final_recall": 0.6567164063453674,
        "final_precision": 0.1471571922302246
      }
    },
    "mean_iou": 0.7285400878137617
  },
  "label_stats": {
    "train": {
      "label_dir": "C:\\Users\\54544\\OneDrive\\Documents\\GitHub\\YOLO_DDS\\Dental OPG XRAY Dataset\\Augmented_Data\\train\\labels",
      "num_images": 558,
      "total_valid_boxes": 5642,
      "invalid_boxes": 0,
      "per_class_counts": [
        853,
        172,
        729,
        69,
        526,
        3293
      ],
      "boxes_per_image": {
        "min": 1,
        "max": 25,
        "mean": 10.11111111111111
      }
    },
    "valid": {
      "label_dir": "C:\\Users\\54544\\OneDrive\\Documents\\GitHub\\YOLO_DDS\\Dental OPG XRAY Dataset\\Augmented_Data\\valid\\labels",
      "num_images": 23,
      "total_valid_boxes": 115,
      "invalid_boxes": 0,
      "per_class_counts": [
        14,
        4,
        18,
        3,
        9,
        67
      ],
      "boxes_per_image": {
        "min": 1,
        "max": 10,
        "mean": 5.0
      }
    },
    "test": {
      "label_dir": "C:\\Users\\54544\\OneDrive\\Documents\\GitHub\\YOLO_DDS\\Dental OPG XRAY Dataset\\Augmented_Data\\test\\labels",
      "num_images": 23,
      "total_valid_boxes": 102,
      "invalid_boxes": 0,
      "per_class_counts": [
        26,
        5,
        12,
        0,
        5,
        54
      ],
      "boxes_per_image": {
        "min": 2,
        "max": 9,
        "mean": 4.434782608695652
      }
    }
  },
  "val_debug_batch": {
    "images": [
      {
        "image_id": "105_jpg.rf.fc10e27e37bdacf62e154171aa518d6a",
        "orig_size": [
          640,
          315
        ],
        "num_gt": 3,
        "num_pred_val_thresh": 16,
        "avg_obj_logit": -5.917140483856201,
        "num_pred_low_thresh": 30,
        "pred_to_gt_iou_mean": 0.09535391628742218,
        "gt_to_pred_iou_mean": 0.7854306101799011
      },
      {
        "image_id": "122_jpg.rf.7668820b59771bafa96b99ba5411b121",
        "orig_size": [
          640,
          311
        ],
        "num_gt": 7,
        "num_pred_val_thresh": 11,
        "avg_obj_logit": -6.005697727203369,
        "num_pred_low_thresh": 30,
        "pred_to_gt_iou_mean": 0.21962328255176544,
        "gt_to_pred_iou_mean": 0.6733594536781311
      },
      {
        "image_id": "130_jpg.rf.f26cfd39dad7baef3d90c6f98aaa23ab",
        "orig_size": [
          640,
          278
        ],
        "num_gt": 2,
        "num_pred_val_thresh": 16,
        "avg_obj_logit": -5.914566516876221,
        "num_pred_low_thresh": 30,
        "pred_to_gt_iou_mean": 0.06678172945976257,
        "gt_to_pred_iou_mean": 0.7530419826507568
      },
      {
        "image_id": "141_jpg.rf.a7d2f07e8fbc3051dd3f306d89babea4",
        "orig_size": [
          640,
          312
        ],
        "num_gt": 2,
        "num_pred_val_thresh": 14,
        "avg_obj_logit": -5.917506694793701,
        "num_pred_low_thresh": 30,
        "pred_to_gt_iou_mean": 0.06090318411588669,
        "gt_to_pred_iou_mean": 0.6787228584289551
      }
    ]
  }
}