{
  "epoch": 8,
  "train_loss": 0.40255803636142184,
  "val_loss": 1.067351261774699,
  "train_pos_per_image": 10.125,
  "val_pos_per_image": 4.958333333333333,
  "metrics": {
    "mAP": 0.049394816160202026,
    "per_class_ap": {
      "0": 0.07005494832992554,
      "1": 0.0,
      "2": 0.0972222313284874,
      "3": 0.0,
      "4": 0.0,
      "5": 0.12909170985221863
    },
    "mean_iou": 0.7142925814346031
  },
  "label_stats": {
    "label_dir": "C:\\Users\\54544\\OneDrive\\Documents\\GitHub\\YOLO_DDS\\Dental OPG XRAY Dataset\\Augmented_Data\\train\\labels",
    "num_images": 558,
    "total_valid_boxes": 5642,
    "invalid_boxes": 0,
    "per_class_counts": [
      853,
      172,
      729,
      69,
      526,
      3293
    ],
    "boxes_per_image": {
      "min": 1,
      "max": 25,
      "mean": 10.11111111111111
    }
  },
  "val_debug_batch": {
    "images": [
      {
        "image_id": "105_jpg.rf.fc10e27e37bdacf62e154171aa518d6a",
        "orig_size": [
          640,
          315
        ],
        "num_gt": 3,
        "num_pred_val_thresh": 14,
        "avg_obj_logit": -5.217735767364502,
        "num_pred_low_thresh": 30,
        "pred_to_gt_iou_mean": 0.11217436194419861,
        "gt_to_pred_iou_mean": 0.7093081474304199
      },
      {
        "image_id": "122_jpg.rf.7668820b59771bafa96b99ba5411b121",
        "orig_size": [
          640,
          311
        ],
        "num_gt": 7,
        "num_pred_val_thresh": 9,
        "avg_obj_logit": -5.326089382171631,
        "num_pred_low_thresh": 30,
        "pred_to_gt_iou_mean": 0.23736384510993958,
        "gt_to_pred_iou_mean": 0.5908138155937195
      },
      {
        "image_id": "130_jpg.rf.f26cfd39dad7baef3d90c6f98aaa23ab",
        "orig_size": [
          640,
          278
        ],
        "num_gt": 2,
        "num_pred_val_thresh": 19,
        "avg_obj_logit": -5.252615928649902,
        "num_pred_low_thresh": 30,
        "pred_to_gt_iou_mean": 0.09443653374910355,
        "gt_to_pred_iou_mean": 0.713714063167572
      },
      {
        "image_id": "141_jpg.rf.a7d2f07e8fbc3051dd3f306d89babea4",
        "orig_size": [
          640,
          312
        ],
        "num_gt": 2,
        "num_pred_val_thresh": 10,
        "avg_obj_logit": -5.263628005981445,
        "num_pred_low_thresh": 30,
        "pred_to_gt_iou_mean": 0.03220634534955025,
        "gt_to_pred_iou_mean": 0.34265148639678955
      }
    ]
  }
}