{
  "epoch": 45,
  "train_loss": 0.09068016870213406,
  "val_loss": 1.0952160954475403,
  "train_pos_per_image": 10.125,
  "val_pos_per_image": 4.958333333333333,
  "metrics": {
    "mAP": 0.12402760982513428,
    "per_class_ap": {
      "0": 0.15546219050884247,
      "1": 0.0,
      "2": 0.42100781202316284,
      "3": 0.0,
      "4": 0.02777777798473835,
      "5": 0.13991789519786835
    },
    "mean_iou": 0.7346879038959742
  },
  "label_stats": {
    "label_dir": "C:\\Users\\54544\\OneDrive\\Documents\\GitHub\\YOLO_DDS\\Dental OPG XRAY Dataset\\Augmented_Data\\train\\labels",
    "num_images": 558,
    "total_valid_boxes": 5642,
    "invalid_boxes": 0,
    "per_class_counts": [
      853,
      172,
      729,
      69,
      526,
      3293
    ],
    "boxes_per_image": {
      "min": 1,
      "max": 25,
      "mean": 10.11111111111111
    }
  },
  "val_debug_batch": {
    "images": [
      {
        "image_id": "105_jpg.rf.fc10e27e37bdacf62e154171aa518d6a",
        "orig_size": [
          640,
          315
        ],
        "num_gt": 3,
        "num_pred_val_thresh": 14,
        "avg_obj_logit": -5.995578765869141,
        "num_pred_low_thresh": 30,
        "pred_to_gt_iou_mean": 0.05624441057443619,
        "gt_to_pred_iou_mean": 0.5255948305130005
      },
      {
        "image_id": "122_jpg.rf.7668820b59771bafa96b99ba5411b121",
        "orig_size": [
          640,
          311
        ],
        "num_gt": 7,
        "num_pred_val_thresh": 12,
        "avg_obj_logit": -6.090779781341553,
        "num_pred_low_thresh": 30,
        "pred_to_gt_iou_mean": 0.2437746673822403,
        "gt_to_pred_iou_mean": 0.6631065011024475
      },
      {
        "image_id": "130_jpg.rf.f26cfd39dad7baef3d90c6f98aaa23ab",
        "orig_size": [
          640,
          278
        ],
        "num_gt": 2,
        "num_pred_val_thresh": 14,
        "avg_obj_logit": -6.001214027404785,
        "num_pred_low_thresh": 30,
        "pred_to_gt_iou_mean": 0.09315089136362076,
        "gt_to_pred_iou_mean": 0.8610697984695435
      },
      {
        "image_id": "141_jpg.rf.a7d2f07e8fbc3051dd3f306d89babea4",
        "orig_size": [
          640,
          312
        ],
        "num_gt": 2,
        "num_pred_val_thresh": 9,
        "avg_obj_logit": -6.046576499938965,
        "num_pred_low_thresh": 30,
        "pred_to_gt_iou_mean": 0.09925384074449539,
        "gt_to_pred_iou_mean": 0.5758314728736877
      }
    ]
  }
}