{
  "epoch": 46,
  "train_loss": 0.08657964058220387,
  "val_loss": 1.067387193441391,
  "train_pos_per_image": 10.110714285714286,
  "val_pos_per_image": 4.958333333333333,
  "metrics": {
    "mAP": 0.1588638424873352,
    "per_class_ap": {
      "0": 0.08095238357782364,
      "1": 0.0,
      "2": 0.6279100775718689,
      "3": 0.0,
      "4": 0.0833333358168602,
      "5": 0.1609872430562973
    },
    "per_class_counts": {
      "0": {
        "gt": 14,
        "pred": 24,
        "tp": 2,
        "fp": 22,
        "final_recall": 0.1428571492433548,
        "final_precision": 0.0833333358168602
      },
      "2": {
        "gt": 18,
        "pred": 27,
        "tp": 13,
        "fp": 14,
        "final_recall": 0.7222222089767456,
        "final_precision": 0.48148149251937866
      },
      "4": {
        "gt": 9,
        "pred": 9,
        "tp": 2,
        "fp": 7,
        "final_recall": 0.2222222238779068,
        "final_precision": 0.2222222238779068
      },
      "5": {
        "gt": 67,
        "pred": 308,
        "tp": 46,
        "fp": 262,
        "final_recall": 0.6865671873092651,
        "final_precision": 0.14935064315795898
      }
    },
    "mean_iou": 0.7326377898874418
  },
  "label_stats": {
    "train": {
      "label_dir": "C:\\Users\\54544\\OneDrive\\Documents\\GitHub\\YOLO_DDS\\Dental OPG XRAY Dataset\\Augmented_Data\\train\\labels",
      "num_images": 558,
      "total_valid_boxes": 5642,
      "invalid_boxes": 0,
      "per_class_counts": [
        853,
        172,
        729,
        69,
        526,
        3293
      ],
      "boxes_per_image": {
        "min": 1,
        "max": 25,
        "mean": 10.11111111111111
      }
    },
    "valid": {
      "label_dir": "C:\\Users\\54544\\OneDrive\\Documents\\GitHub\\YOLO_DDS\\Dental OPG XRAY Dataset\\Augmented_Data\\valid\\labels",
      "num_images": 23,
      "total_valid_boxes": 115,
      "invalid_boxes": 0,
      "per_class_counts": [
        14,
        4,
        18,
        3,
        9,
        67
      ],
      "boxes_per_image": {
        "min": 1,
        "max": 10,
        "mean": 5.0
      }
    },
    "test": {
      "label_dir": "C:\\Users\\54544\\OneDrive\\Documents\\GitHub\\YOLO_DDS\\Dental OPG XRAY Dataset\\Augmented_Data\\test\\labels",
      "num_images": 23,
      "total_valid_boxes": 102,
      "invalid_boxes": 0,
      "per_class_counts": [
        26,
        5,
        12,
        0,
        5,
        54
      ],
      "boxes_per_image": {
        "min": 2,
        "max": 9,
        "mean": 4.434782608695652
      }
    }
  },
  "val_debug_batch": {
    "images": [
      {
        "image_id": "105_jpg.rf.fc10e27e37bdacf62e154171aa518d6a",
        "orig_size": [
          640,
          315
        ],
        "num_gt": 3,
        "num_pred_val_thresh": 13,
        "avg_obj_logit": -6.037769794464111,
        "num_pred_low_thresh": 30,
        "pred_to_gt_iou_mean": 0.06977564841508865,
        "gt_to_pred_iou_mean": 0.5811135172843933
      },
      {
        "image_id": "122_jpg.rf.7668820b59771bafa96b99ba5411b121",
        "orig_size": [
          640,
          311
        ],
        "num_gt": 7,
        "num_pred_val_thresh": 9,
        "avg_obj_logit": -6.09847354888916,
        "num_pred_low_thresh": 30,
        "pred_to_gt_iou_mean": 0.24437393248081207,
        "gt_to_pred_iou_mean": 0.6367345452308655
      },
      {
        "image_id": "130_jpg.rf.f26cfd39dad7baef3d90c6f98aaa23ab",
        "orig_size": [
          640,
          278
        ],
        "num_gt": 2,
        "num_pred_val_thresh": 20,
        "avg_obj_logit": -6.037142276763916,
        "num_pred_low_thresh": 30,
        "pred_to_gt_iou_mean": 0.07922609895467758,
        "gt_to_pred_iou_mean": 0.8128277659416199
      },
      {
        "image_id": "141_jpg.rf.a7d2f07e8fbc3051dd3f306d89babea4",
        "orig_size": [
          640,
          312
        ],
        "num_gt": 2,
        "num_pred_val_thresh": 11,
        "avg_obj_logit": -6.07521915435791,
        "num_pred_low_thresh": 30,
        "pred_to_gt_iou_mean": 0.07334641367197037,
        "gt_to_pred_iou_mean": 0.6273397207260132
      }
    ]
  }
}