{
  "epoch": 17,
  "train_loss": 0.24390293061733245,
  "val_loss": 1.0312858124574025,
  "train_pos_per_image": 10.092857142857143,
  "val_pos_per_image": 4.958333333333333,
  "metrics": {
    "mAP": 0.06798220425844193,
    "per_class_ap": {
      "0": 0.0952381044626236,
      "1": 0.0,
      "2": 0.17794117331504822,
      "3": 0.0,
      "4": 0.02777777798473835,
      "5": 0.10693619400262833
    },
    "mean_iou": 0.7218728204106175
  },
  "label_stats": {
    "label_dir": "C:\\Users\\54544\\OneDrive\\Documents\\GitHub\\YOLO_DDS\\Dental OPG XRAY Dataset\\Augmented_Data\\train\\labels",
    "num_images": 558,
    "total_valid_boxes": 5642,
    "invalid_boxes": 0,
    "per_class_counts": [
      853,
      172,
      729,
      69,
      526,
      3293
    ],
    "boxes_per_image": {
      "min": 1,
      "max": 25,
      "mean": 10.11111111111111
    }
  },
  "val_debug_batch": {
    "images": [
      {
        "image_id": "105_jpg.rf.fc10e27e37bdacf62e154171aa518d6a",
        "orig_size": [
          640,
          315
        ],
        "num_gt": 3,
        "num_pred_val_thresh": 8,
        "avg_obj_logit": -5.641021251678467,
        "num_pred_low_thresh": 30,
        "pred_to_gt_iou_mean": 0.07907608151435852,
        "gt_to_pred_iou_mean": 0.7347404956817627
      },
      {
        "image_id": "122_jpg.rf.7668820b59771bafa96b99ba5411b121",
        "orig_size": [
          640,
          311
        ],
        "num_gt": 7,
        "num_pred_val_thresh": 7,
        "avg_obj_logit": -5.743798732757568,
        "num_pred_low_thresh": 30,
        "pred_to_gt_iou_mean": 0.278624564409256,
        "gt_to_pred_iou_mean": 0.7114486694335938
      },
      {
        "image_id": "130_jpg.rf.f26cfd39dad7baef3d90c6f98aaa23ab",
        "orig_size": [
          640,
          278
        ],
        "num_gt": 2,
        "num_pred_val_thresh": 9,
        "avg_obj_logit": -5.6572089195251465,
        "num_pred_low_thresh": 30,
        "pred_to_gt_iou_mean": 0.08817031234502792,
        "gt_to_pred_iou_mean": 0.8576217293739319
      },
      {
        "image_id": "141_jpg.rf.a7d2f07e8fbc3051dd3f306d89babea4",
        "orig_size": [
          640,
          312
        ],
        "num_gt": 2,
        "num_pred_val_thresh": 5,
        "avg_obj_logit": -5.704196453094482,
        "num_pred_low_thresh": 30,
        "pred_to_gt_iou_mean": 0.052556466311216354,
        "gt_to_pred_iou_mean": 0.6510468125343323
      }
    ]
  }
}