{
  "epoch": 33,
  "train_loss": 0.13308434188365936,
  "val_loss": 1.0621145168940227,
  "train_pos_per_image": 10.125,
  "val_pos_per_image": 4.958333333333333,
  "metrics": {
    "mAP": 0.1532989740371704,
    "per_class_ap": {
      "0": 0.08241758495569229,
      "1": 0.0,
      "2": 0.6013071537017822,
      "3": 0.0,
      "4": 0.0555555559694767,
      "5": 0.18051354587078094
    },
    "per_class_counts": {
      "0": {
        "gt": 14,
        "pred": 20,
        "tp": 2,
        "fp": 18,
        "final_recall": 0.1428571492433548,
        "final_precision": 0.10000000149011612
      },
      "2": {
        "gt": 18,
        "pred": 29,
        "tp": 13,
        "fp": 16,
        "final_recall": 0.7222222089767456,
        "final_precision": 0.4482758641242981
      },
      "4": {
        "gt": 9,
        "pred": 10,
        "tp": 2,
        "fp": 8,
        "final_recall": 0.2222222238779068,
        "final_precision": 0.20000000298023224
      },
      "5": {
        "gt": 67,
        "pred": 296,
        "tp": 49,
        "fp": 247,
        "final_recall": 0.7313432693481445,
        "final_precision": 0.16554054617881775
      }
    },
    "mean_iou": 0.727325910652006
  },
  "label_stats": {
    "train": {
      "label_dir": "C:\\Users\\54544\\OneDrive\\Documents\\GitHub\\YOLO_DDS\\Dental OPG XRAY Dataset\\Augmented_Data\\train\\labels",
      "num_images": 558,
      "total_valid_boxes": 5642,
      "invalid_boxes": 0,
      "per_class_counts": [
        853,
        172,
        729,
        69,
        526,
        3293
      ],
      "boxes_per_image": {
        "min": 1,
        "max": 25,
        "mean": 10.11111111111111
      }
    },
    "valid": {
      "label_dir": "C:\\Users\\54544\\OneDrive\\Documents\\GitHub\\YOLO_DDS\\Dental OPG XRAY Dataset\\Augmented_Data\\valid\\labels",
      "num_images": 23,
      "total_valid_boxes": 115,
      "invalid_boxes": 0,
      "per_class_counts": [
        14,
        4,
        18,
        3,
        9,
        67
      ],
      "boxes_per_image": {
        "min": 1,
        "max": 10,
        "mean": 5.0
      }
    },
    "test": {
      "label_dir": "C:\\Users\\54544\\OneDrive\\Documents\\GitHub\\YOLO_DDS\\Dental OPG XRAY Dataset\\Augmented_Data\\test\\labels",
      "num_images": 23,
      "total_valid_boxes": 102,
      "invalid_boxes": 0,
      "per_class_counts": [
        26,
        5,
        12,
        0,
        5,
        54
      ],
      "boxes_per_image": {
        "min": 2,
        "max": 9,
        "mean": 4.434782608695652
      }
    }
  },
  "val_debug_batch": {
    "images": [
      {
        "image_id": "105_jpg.rf.fc10e27e37bdacf62e154171aa518d6a",
        "orig_size": [
          640,
          315
        ],
        "num_gt": 3,
        "num_pred_val_thresh": 17,
        "avg_obj_logit": -5.9708123207092285,
        "num_pred_low_thresh": 30,
        "pred_to_gt_iou_mean": 0.09027091413736343,
        "gt_to_pred_iou_mean": 0.7989301681518555
      },
      {
        "image_id": "122_jpg.rf.7668820b59771bafa96b99ba5411b121",
        "orig_size": [
          640,
          311
        ],
        "num_gt": 7,
        "num_pred_val_thresh": 10,
        "avg_obj_logit": -6.049975395202637,
        "num_pred_low_thresh": 30,
        "pred_to_gt_iou_mean": 0.2775869369506836,
        "gt_to_pred_iou_mean": 0.6812047958374023
      },
      {
        "image_id": "130_jpg.rf.f26cfd39dad7baef3d90c6f98aaa23ab",
        "orig_size": [
          640,
          278
        ],
        "num_gt": 2,
        "num_pred_val_thresh": 14,
        "avg_obj_logit": -5.967034339904785,
        "num_pred_low_thresh": 30,
        "pred_to_gt_iou_mean": 0.06386055052280426,
        "gt_to_pred_iou_mean": 0.7387826442718506
      },
      {
        "image_id": "141_jpg.rf.a7d2f07e8fbc3051dd3f306d89babea4",
        "orig_size": [
          640,
          312
        ],
        "num_gt": 2,
        "num_pred_val_thresh": 15,
        "avg_obj_logit": -5.964532852172852,
        "num_pred_low_thresh": 30,
        "pred_to_gt_iou_mean": 0.07803419232368469,
        "gt_to_pred_iou_mean": 0.6762887835502625
      }
    ]
  }
}