{
  "epoch": 40,
  "train_loss": 0.10056474464280264,
  "train_loss_breakdown": {
    "giou": 0.06384163698447602,
    "objectness": 0.028155901056847402,
    "class": 0.008567207188545062
  },
  "val_loss": 1.0489469369252522,
  "val_loss_breakdown": {
    "giou": 0.27183884382247925,
    "objectness": 0.016796731390058994,
    "class": 0.7603113402922949
  },
  "train_pos_per_image": 10.116071428571429,
  "val_pos_per_image": 4.958333333333333,
  "metrics": {
    "mAP": 0.14360164105892181,
    "per_class_ap": {
      "0": 0.13046954572200775,
      "1": 0.0,
      "2": 0.5386916399002075,
      "3": 0.0,
      "4": 0.0555555559694767,
      "5": 0.13689306378364563
    },
    "per_class_counts": {
      "0": {
        "gt": 14,
        "pred": 28,
        "tp": 4,
        "fp": 24,
        "final_recall": 0.2857142984867096,
        "final_precision": 0.1428571492433548
      },
      "2": {
        "gt": 18,
        "pred": 30,
        "tp": 12,
        "fp": 18,
        "final_recall": 0.6666666865348816,
        "final_precision": 0.4000000059604645
      },
      "4": {
        "gt": 9,
        "pred": 7,
        "tp": 1,
        "fp": 6,
        "final_recall": 0.1111111119389534,
        "final_precision": 0.1428571492433548
      },
      "5": {
        "gt": 67,
        "pred": 328,
        "tp": 44,
        "fp": 284,
        "final_recall": 0.6567164063453674,
        "final_precision": 0.13414634764194489
      }
    },
    "mean_iou": 0.7388454263701159
  },
  "val_confidence": {
    "count": 393,
    "mean": 0.35577017068862915,
    "median": 0.3186873495578766,
    "p90": 0.5478531122207642
  },
  "label_stats": {
    "train": {
      "label_dir": "C:\\Users\\54544\\OneDrive\\Documents\\GitHub\\YOLO_DDS\\Dental OPG XRAY Dataset\\Augmented_Data\\train\\labels",
      "num_images": 558,
      "images_with_no_boxes": 0,
      "total_valid_boxes": 5642,
      "invalid_boxes": 0,
      "per_class_counts": [
        853,
        172,
        729,
        69,
        526,
        3293
      ],
      "per_class_image_freq": [
        392,
        104,
        322,
        58,
        225,
        550
      ],
      "class_presence_ratio": [
        0.7025089605734767,
        0.1863799283154122,
        0.5770609318996416,
        0.1039426523297491,
        0.4032258064516129,
        0.985663082437276
      ],
      "missing_classes": [],
      "class_imbalance_ratio": 47.72463768115942,
      "boxes_per_image": {
        "min": 1,
        "max": 25,
        "mean": 10.11111111111111
      }
    },
    "valid": {
      "label_dir": "C:\\Users\\54544\\OneDrive\\Documents\\GitHub\\YOLO_DDS\\Dental OPG XRAY Dataset\\Augmented_Data\\valid\\labels",
      "num_images": 23,
      "images_with_no_boxes": 0,
      "total_valid_boxes": 115,
      "invalid_boxes": 0,
      "per_class_counts": [
        14,
        4,
        18,
        3,
        9,
        67
      ],
      "per_class_image_freq": [
        8,
        3,
        7,
        3,
        6,
        22
      ],
      "class_presence_ratio": [
        0.34782608695652173,
        0.13043478260869565,
        0.30434782608695654,
        0.13043478260869565,
        0.2608695652173913,
        0.9565217391304348
      ],
      "missing_classes": [],
      "class_imbalance_ratio": 22.333333333333332,
      "boxes_per_image": {
        "min": 1,
        "max": 10,
        "mean": 5.0
      }
    },
    "test": {
      "label_dir": "C:\\Users\\54544\\OneDrive\\Documents\\GitHub\\YOLO_DDS\\Dental OPG XRAY Dataset\\Augmented_Data\\test\\labels",
      "num_images": 23,
      "images_with_no_boxes": 0,
      "total_valid_boxes": 102,
      "invalid_boxes": 0,
      "per_class_counts": [
        26,
        5,
        12,
        0,
        5,
        54
      ],
      "per_class_image_freq": [
        14,
        2,
        7,
        0,
        4,
        23
      ],
      "class_presence_ratio": [
        0.6086956521739131,
        0.08695652173913043,
        0.30434782608695654,
        0.0,
        0.17391304347826086,
        1.0
      ],
      "missing_classes": [
        3
      ],
      "class_imbalance_ratio": 10.8,
      "boxes_per_image": {
        "min": 2,
        "max": 9,
        "mean": 4.434782608695652
      }
    }
  },
  "val_debug_batch": {
    "images": [
      {
        "image_id": "105_jpg.rf.fc10e27e37bdacf62e154171aa518d6a",
        "orig_size": [
          640,
          315
        ],
        "num_gt": 3,
        "num_pred_val_thresh": 14,
        "avg_obj_logit": -6.02633810043335,
        "num_pred_low_thresh": 30,
        "pred_to_gt_iou_mean": 0.08999773859977722,
        "gt_to_pred_iou_mean": 0.769484281539917
      },
      {
        "image_id": "122_jpg.rf.7668820b59771bafa96b99ba5411b121",
        "orig_size": [
          640,
          311
        ],
        "num_gt": 7,
        "num_pred_val_thresh": 14,
        "avg_obj_logit": -6.0954437255859375,
        "num_pred_low_thresh": 30,
        "pred_to_gt_iou_mean": 0.2775675356388092,
        "gt_to_pred_iou_mean": 0.6525212526321411
      },
      {
        "image_id": "130_jpg.rf.f26cfd39dad7baef3d90c6f98aaa23ab",
        "orig_size": [
          640,
          278
        ],
        "num_gt": 2,
        "num_pred_val_thresh": 20,
        "avg_obj_logit": -6.020129203796387,
        "num_pred_low_thresh": 30,
        "pred_to_gt_iou_mean": 0.07830093801021576,
        "gt_to_pred_iou_mean": 0.7924022674560547
      },
      {
        "image_id": "141_jpg.rf.a7d2f07e8fbc3051dd3f306d89babea4",
        "orig_size": [
          640,
          312
        ],
        "num_gt": 2,
        "num_pred_val_thresh": 14,
        "avg_obj_logit": -6.0232343673706055,
        "num_pred_low_thresh": 30,
        "pred_to_gt_iou_mean": 0.08148933947086334,
        "gt_to_pred_iou_mean": 0.7220311164855957
      }
    ]
  }
}