{
  "epoch": 39,
  "train_loss": 0.1052167609333992,
  "val_loss": 1.1158296863238018,
  "train_pos_per_image": 10.1,
  "val_pos_per_image": 4.958333333333333,
  "metrics": {
    "mAP": 0.11621513217687607,
    "per_class_ap": {
      "0": 0.125,
      "1": 0.0,
      "2": 0.40013232827186584,
      "3": 0.0,
      "4": 0.02777777798473835,
      "5": 0.14438070356845856
    },
    "mean_iou": 0.7380177747635615
  },
  "label_stats": {
    "label_dir": "C:\\Users\\54544\\OneDrive\\Documents\\GitHub\\YOLO_DDS\\Dental OPG XRAY Dataset\\Augmented_Data\\train\\labels",
    "num_images": 558,
    "total_valid_boxes": 5642,
    "invalid_boxes": 0,
    "per_class_counts": [
      853,
      172,
      729,
      69,
      526,
      3293
    ],
    "boxes_per_image": {
      "min": 1,
      "max": 25,
      "mean": 10.11111111111111
    }
  },
  "val_debug_batch": {
    "images": [
      {
        "image_id": "105_jpg.rf.fc10e27e37bdacf62e154171aa518d6a",
        "orig_size": [
          640,
          315
        ],
        "num_gt": 3,
        "num_pred_val_thresh": 16,
        "avg_obj_logit": -5.980928897857666,
        "num_pred_low_thresh": 30,
        "pred_to_gt_iou_mean": 0.05864451825618744,
        "gt_to_pred_iou_mean": 0.5338312983512878
      },
      {
        "image_id": "122_jpg.rf.7668820b59771bafa96b99ba5411b121",
        "orig_size": [
          640,
          311
        ],
        "num_gt": 7,
        "num_pred_val_thresh": 11,
        "avg_obj_logit": -6.083207130432129,
        "num_pred_low_thresh": 30,
        "pred_to_gt_iou_mean": 0.2437235414981842,
        "gt_to_pred_iou_mean": 0.6585706472396851
      },
      {
        "image_id": "130_jpg.rf.f26cfd39dad7baef3d90c6f98aaa23ab",
        "orig_size": [
          640,
          278
        ],
        "num_gt": 2,
        "num_pred_val_thresh": 14,
        "avg_obj_logit": -5.986291885375977,
        "num_pred_low_thresh": 30,
        "pred_to_gt_iou_mean": 0.09511645138263702,
        "gt_to_pred_iou_mean": 0.8629390001296997
      },
      {
        "image_id": "141_jpg.rf.a7d2f07e8fbc3051dd3f306d89babea4",
        "orig_size": [
          640,
          312
        ],
        "num_gt": 2,
        "num_pred_val_thresh": 8,
        "avg_obj_logit": -6.042768955230713,
        "num_pred_low_thresh": 30,
        "pred_to_gt_iou_mean": 0.08997508883476257,
        "gt_to_pred_iou_mean": 0.573426365852356
      }
    ]
  }
}