{
  "epoch": 32,
  "train_loss": 0.1372582412723984,
  "val_loss": 1.0745069086551666,
  "train_pos_per_image": 10.139285714285714,
  "val_pos_per_image": 4.958333333333333,
  "metrics": {
    "mAP": 0.1350448727607727,
    "per_class_ap": {
      "0": 0.0714285746216774,
      "1": 0.0,
      "2": 0.5633726716041565,
      "3": 0.0,
      "4": 0.02777777798473835,
      "5": 0.14769023656845093
    },
    "per_class_counts": {
      "0": {
        "gt": 14,
        "pred": 12,
        "tp": 1,
        "fp": 11,
        "final_recall": 0.0714285746216774,
        "final_precision": 0.0833333358168602
      },
      "2": {
        "gt": 18,
        "pred": 26,
        "tp": 13,
        "fp": 13,
        "final_recall": 0.7222222089767456,
        "final_precision": 0.5
      },
      "4": {
        "gt": 9,
        "pred": 5,
        "tp": 1,
        "fp": 4,
        "final_recall": 0.1111111119389534,
        "final_precision": 0.20000000298023224
      },
      "5": {
        "gt": 67,
        "pred": 237,
        "tp": 39,
        "fp": 198,
        "final_recall": 0.5820895433425903,
        "final_precision": 0.16455696523189545
      }
    },
    "mean_iou": 0.7366522947947184
  },
  "label_stats": {
    "train": {
      "label_dir": "C:\\Users\\54544\\OneDrive\\Documents\\GitHub\\YOLO_DDS\\Dental OPG XRAY Dataset\\Augmented_Data\\train\\labels",
      "num_images": 558,
      "total_valid_boxes": 5642,
      "invalid_boxes": 0,
      "per_class_counts": [
        853,
        172,
        729,
        69,
        526,
        3293
      ],
      "boxes_per_image": {
        "min": 1,
        "max": 25,
        "mean": 10.11111111111111
      }
    },
    "valid": {
      "label_dir": "C:\\Users\\54544\\OneDrive\\Documents\\GitHub\\YOLO_DDS\\Dental OPG XRAY Dataset\\Augmented_Data\\valid\\labels",
      "num_images": 23,
      "total_valid_boxes": 115,
      "invalid_boxes": 0,
      "per_class_counts": [
        14,
        4,
        18,
        3,
        9,
        67
      ],
      "boxes_per_image": {
        "min": 1,
        "max": 10,
        "mean": 5.0
      }
    },
    "test": {
      "label_dir": "C:\\Users\\54544\\OneDrive\\Documents\\GitHub\\YOLO_DDS\\Dental OPG XRAY Dataset\\Augmented_Data\\test\\labels",
      "num_images": 23,
      "total_valid_boxes": 102,
      "invalid_boxes": 0,
      "per_class_counts": [
        26,
        5,
        12,
        0,
        5,
        54
      ],
      "boxes_per_image": {
        "min": 2,
        "max": 9,
        "mean": 4.434782608695652
      }
    }
  },
  "val_debug_batch": {
    "images": [
      {
        "image_id": "105_jpg.rf.fc10e27e37bdacf62e154171aa518d6a",
        "orig_size": [
          640,
          315
        ],
        "num_gt": 3,
        "num_pred_val_thresh": 14,
        "avg_obj_logit": -6.027789115905762,
        "num_pred_low_thresh": 30,
        "pred_to_gt_iou_mean": 0.088217593729496,
        "gt_to_pred_iou_mean": 0.8240918517112732
      },
      {
        "image_id": "122_jpg.rf.7668820b59771bafa96b99ba5411b121",
        "orig_size": [
          640,
          311
        ],
        "num_gt": 7,
        "num_pred_val_thresh": 8,
        "avg_obj_logit": -6.093730449676514,
        "num_pred_low_thresh": 30,
        "pred_to_gt_iou_mean": 0.2568366229534149,
        "gt_to_pred_iou_mean": 0.6930025815963745
      },
      {
        "image_id": "130_jpg.rf.f26cfd39dad7baef3d90c6f98aaa23ab",
        "orig_size": [
          640,
          278
        ],
        "num_gt": 2,
        "num_pred_val_thresh": 11,
        "avg_obj_logit": -6.026968002319336,
        "num_pred_low_thresh": 30,
        "pred_to_gt_iou_mean": 0.06505975872278214,
        "gt_to_pred_iou_mean": 0.7047423124313354
      },
      {
        "image_id": "141_jpg.rf.a7d2f07e8fbc3051dd3f306d89babea4",
        "orig_size": [
          640,
          312
        ],
        "num_gt": 2,
        "num_pred_val_thresh": 11,
        "avg_obj_logit": -6.008514404296875,
        "num_pred_low_thresh": 30,
        "pred_to_gt_iou_mean": 0.062007758766412735,
        "gt_to_pred_iou_mean": 0.6751874685287476
      }
    ]
  }
}