{
  "epoch": 12,
  "train_loss": 0.29538292554872375,
  "val_loss": 1.0280513266722362,
  "train_pos_per_image": 10.1125,
  "val_pos_per_image": 4.958333333333333,
  "metrics": {
    "mAP": 0.06344262510538101,
    "per_class_ap": {
      "0": 0.04224270582199097,
      "1": 0.0,
      "2": 0.21111111342906952,
      "3": 0.0,
      "4": 0.02222222276031971,
      "5": 0.10507971048355103
    },
    "per_class_counts": {
      "0": {
        "gt": 14,
        "pred": 32,
        "tp": 4,
        "fp": 28,
        "final_recall": 0.2857142984867096,
        "final_precision": 0.125
      },
      "2": {
        "gt": 18,
        "pred": 26,
        "tp": 9,
        "fp": 17,
        "final_recall": 0.5,
        "final_precision": 0.3461538553237915
      },
      "4": {
        "gt": 9,
        "pred": 5,
        "tp": 1,
        "fp": 4,
        "final_recall": 0.1111111119389534,
        "final_precision": 0.20000000298023224
      },
      "5": {
        "gt": 67,
        "pred": 203,
        "tp": 31,
        "fp": 172,
        "final_recall": 0.46268656849861145,
        "final_precision": 0.15270936489105225
      }
    },
    "mean_iou": 0.7052819815774759
  },
  "label_stats": {
    "train": {
      "label_dir": "C:\\Users\\54544\\OneDrive\\Documents\\GitHub\\YOLO_DDS\\Dental OPG XRAY Dataset\\Augmented_Data\\train\\labels",
      "num_images": 558,
      "total_valid_boxes": 5642,
      "invalid_boxes": 0,
      "per_class_counts": [
        853,
        172,
        729,
        69,
        526,
        3293
      ],
      "boxes_per_image": {
        "min": 1,
        "max": 25,
        "mean": 10.11111111111111
      }
    },
    "valid": {
      "label_dir": "C:\\Users\\54544\\OneDrive\\Documents\\GitHub\\YOLO_DDS\\Dental OPG XRAY Dataset\\Augmented_Data\\valid\\labels",
      "num_images": 23,
      "total_valid_boxes": 115,
      "invalid_boxes": 0,
      "per_class_counts": [
        14,
        4,
        18,
        3,
        9,
        67
      ],
      "boxes_per_image": {
        "min": 1,
        "max": 10,
        "mean": 5.0
      }
    },
    "test": {
      "label_dir": "C:\\Users\\54544\\OneDrive\\Documents\\GitHub\\YOLO_DDS\\Dental OPG XRAY Dataset\\Augmented_Data\\test\\labels",
      "num_images": 23,
      "total_valid_boxes": 102,
      "invalid_boxes": 0,
      "per_class_counts": [
        26,
        5,
        12,
        0,
        5,
        54
      ],
      "boxes_per_image": {
        "min": 2,
        "max": 9,
        "mean": 4.434782608695652
      }
    }
  },
  "val_debug_batch": {
    "images": [
      {
        "image_id": "105_jpg.rf.fc10e27e37bdacf62e154171aa518d6a",
        "orig_size": [
          640,
          315
        ],
        "num_gt": 3,
        "num_pred_val_thresh": 15,
        "avg_obj_logit": -5.5034637451171875,
        "num_pred_low_thresh": 30,
        "pred_to_gt_iou_mean": 0.09256314486265182,
        "gt_to_pred_iou_mean": 0.5480436682701111
      },
      {
        "image_id": "122_jpg.rf.7668820b59771bafa96b99ba5411b121",
        "orig_size": [
          640,
          311
        ],
        "num_gt": 7,
        "num_pred_val_thresh": 5,
        "avg_obj_logit": -5.564051151275635,
        "num_pred_low_thresh": 30,
        "pred_to_gt_iou_mean": 0.2598147392272949,
        "gt_to_pred_iou_mean": 0.6836400032043457
      },
      {
        "image_id": "130_jpg.rf.f26cfd39dad7baef3d90c6f98aaa23ab",
        "orig_size": [
          640,
          278
        ],
        "num_gt": 2,
        "num_pred_val_thresh": 6,
        "avg_obj_logit": -5.534046173095703,
        "num_pred_low_thresh": 30,
        "pred_to_gt_iou_mean": 0.06115332618355751,
        "gt_to_pred_iou_mean": 0.6923868656158447
      },
      {
        "image_id": "141_jpg.rf.a7d2f07e8fbc3051dd3f306d89babea4",
        "orig_size": [
          640,
          312
        ],
        "num_gt": 2,
        "num_pred_val_thresh": 9,
        "avg_obj_logit": -5.474221229553223,
        "num_pred_low_thresh": 30,
        "pred_to_gt_iou_mean": 0.05949409306049347,
        "gt_to_pred_iou_mean": 0.6837159991264343
      }
    ]
  }
}