{
  "epoch": 9,
  "train_loss": 0.36272339607988086,
  "val_loss": 1.0404872198899586,
  "train_pos_per_image": 10.121428571428572,
  "val_pos_per_image": 4.958333333333333,
  "metrics": {
    "mAP": 0.053316932171583176,
    "per_class_ap": {
      "0": 0.1607142984867096,
      "1": 0.0,
      "2": 0.07892416417598724,
      "3": 0.0,
      "4": 0.0,
      "5": 0.08026312291622162
    },
    "mean_iou": 0.7042595267295837
  },
  "label_stats": {
    "label_dir": "C:\\Users\\54544\\OneDrive\\Documents\\GitHub\\YOLO_DDS\\Dental OPG XRAY Dataset\\Augmented_Data\\train\\labels",
    "num_images": 558,
    "total_valid_boxes": 5642,
    "invalid_boxes": 0,
    "per_class_counts": [
      853,
      172,
      729,
      69,
      526,
      3293
    ],
    "boxes_per_image": {
      "min": 1,
      "max": 25,
      "mean": 10.11111111111111
    }
  },
  "val_debug_batch": {
    "images": [
      {
        "image_id": "105_jpg.rf.fc10e27e37bdacf62e154171aa518d6a",
        "orig_size": [
          640,
          315
        ],
        "num_gt": 3,
        "num_pred_val_thresh": 5,
        "avg_obj_logit": -5.343840599060059,
        "num_pred_low_thresh": 30,
        "pred_to_gt_iou_mean": 0.10383551567792892,
        "gt_to_pred_iou_mean": 0.6984806656837463
      },
      {
        "image_id": "122_jpg.rf.7668820b59771bafa96b99ba5411b121",
        "orig_size": [
          640,
          311
        ],
        "num_gt": 7,
        "num_pred_val_thresh": 3,
        "avg_obj_logit": -5.429259777069092,
        "num_pred_low_thresh": 30,
        "pred_to_gt_iou_mean": 0.22316329181194305,
        "gt_to_pred_iou_mean": 0.560104250907898
      },
      {
        "image_id": "130_jpg.rf.f26cfd39dad7baef3d90c6f98aaa23ab",
        "orig_size": [
          640,
          278
        ],
        "num_gt": 2,
        "num_pred_val_thresh": 6,
        "avg_obj_logit": -5.373145580291748,
        "num_pred_low_thresh": 30,
        "pred_to_gt_iou_mean": 0.10066024959087372,
        "gt_to_pred_iou_mean": 0.7849478125572205
      },
      {
        "image_id": "141_jpg.rf.a7d2f07e8fbc3051dd3f306d89babea4",
        "orig_size": [
          640,
          312
        ],
        "num_gt": 2,
        "num_pred_val_thresh": 7,
        "avg_obj_logit": -5.398890018463135,
        "num_pred_low_thresh": 30,
        "pred_to_gt_iou_mean": 0.04526881128549576,
        "gt_to_pred_iou_mean": 0.5102916955947876
      }
    ]
  }
}