{
  "epoch": 19,
  "train_loss": 0.21478517449327877,
  "val_loss": 1.0554901560147603,
  "train_pos_per_image": 10.101785714285715,
  "val_pos_per_image": 4.958333333333333,
  "metrics": {
    "mAP": 0.11170937865972519,
    "per_class_ap": {
      "0": 0.0714285746216774,
      "1": 0.0,
      "2": 0.40779322385787964,
      "3": 0.0,
      "4": 0.0555555559694767,
      "5": 0.13547886908054352
    },
    "per_class_counts": {
      "0": {
        "gt": 14,
        "pred": 16,
        "tp": 1,
        "fp": 15,
        "final_recall": 0.0714285746216774,
        "final_precision": 0.0625
      },
      "2": {
        "gt": 18,
        "pred": 22,
        "tp": 9,
        "fp": 13,
        "final_recall": 0.5,
        "final_precision": 0.40909090638160706
      },
      "4": {
        "gt": 9,
        "pred": 4,
        "tp": 1,
        "fp": 3,
        "final_recall": 0.1111111119389534,
        "final_precision": 0.25
      },
      "5": {
        "gt": 67,
        "pred": 267,
        "tp": 40,
        "fp": 227,
        "final_recall": 0.5970149040222168,
        "final_precision": 0.1498127281665802
      }
    },
    "mean_iou": 0.7260564555381906
  },
  "label_stats": {
    "train": {
      "label_dir": "C:\\Users\\54544\\OneDrive\\Documents\\GitHub\\YOLO_DDS\\Dental OPG XRAY Dataset\\Augmented_Data\\train\\labels",
      "num_images": 558,
      "total_valid_boxes": 5642,
      "invalid_boxes": 0,
      "per_class_counts": [
        853,
        172,
        729,
        69,
        526,
        3293
      ],
      "boxes_per_image": {
        "min": 1,
        "max": 25,
        "mean": 10.11111111111111
      }
    },
    "valid": {
      "label_dir": "C:\\Users\\54544\\OneDrive\\Documents\\GitHub\\YOLO_DDS\\Dental OPG XRAY Dataset\\Augmented_Data\\valid\\labels",
      "num_images": 23,
      "total_valid_boxes": 115,
      "invalid_boxes": 0,
      "per_class_counts": [
        14,
        4,
        18,
        3,
        9,
        67
      ],
      "boxes_per_image": {
        "min": 1,
        "max": 10,
        "mean": 5.0
      }
    },
    "test": {
      "label_dir": "C:\\Users\\54544\\OneDrive\\Documents\\GitHub\\YOLO_DDS\\Dental OPG XRAY Dataset\\Augmented_Data\\test\\labels",
      "num_images": 23,
      "total_valid_boxes": 102,
      "invalid_boxes": 0,
      "per_class_counts": [
        26,
        5,
        12,
        0,
        5,
        54
      ],
      "boxes_per_image": {
        "min": 2,
        "max": 9,
        "mean": 4.434782608695652
      }
    }
  },
  "val_debug_batch": {
    "images": [
      {
        "image_id": "105_jpg.rf.fc10e27e37bdacf62e154171aa518d6a",
        "orig_size": [
          640,
          315
        ],
        "num_gt": 3,
        "num_pred_val_thresh": 15,
        "avg_obj_logit": -5.752182960510254,
        "num_pred_low_thresh": 30,
        "pred_to_gt_iou_mean": 0.06041276082396507,
        "gt_to_pred_iou_mean": 0.5375083684921265
      },
      {
        "image_id": "122_jpg.rf.7668820b59771bafa96b99ba5411b121",
        "orig_size": [
          640,
          311
        ],
        "num_gt": 7,
        "num_pred_val_thresh": 8,
        "avg_obj_logit": -5.855804920196533,
        "num_pred_low_thresh": 30,
        "pred_to_gt_iou_mean": 0.21994654834270477,
        "gt_to_pred_iou_mean": 0.5999788641929626
      },
      {
        "image_id": "130_jpg.rf.f26cfd39dad7baef3d90c6f98aaa23ab",
        "orig_size": [
          640,
          278
        ],
        "num_gt": 2,
        "num_pred_val_thresh": 17,
        "avg_obj_logit": -5.744004249572754,
        "num_pred_low_thresh": 30,
        "pred_to_gt_iou_mean": 0.06607376784086227,
        "gt_to_pred_iou_mean": 0.6869583129882812
      },
      {
        "image_id": "141_jpg.rf.a7d2f07e8fbc3051dd3f306d89babea4",
        "orig_size": [
          640,
          312
        ],
        "num_gt": 2,
        "num_pred_val_thresh": 11,
        "avg_obj_logit": -5.821498394012451,
        "num_pred_low_thresh": 30,
        "pred_to_gt_iou_mean": 0.0584409274160862,
        "gt_to_pred_iou_mean": 0.6569042801856995
      }
    ]
  }
}