{
  "epoch": 35,
  "train_loss": 0.11990448928305081,
  "val_loss": 1.0903256038824718,
  "train_pos_per_image": 10.103571428571428,
  "val_pos_per_image": 4.958333333333333,
  "metrics": {
    "mAP": 0.15473370254039764,
    "per_class_ap": {
      "0": 0.08571428805589676,
      "1": 0.0,
      "2": 0.5718756318092346,
      "3": 0.0,
      "4": 0.09259259700775146,
      "5": 0.17821966111660004
    },
    "per_class_counts": {
      "0": {
        "gt": 14,
        "pred": 21,
        "tp": 2,
        "fp": 19,
        "final_recall": 0.1428571492433548,
        "final_precision": 0.095238097012043
      },
      "2": {
        "gt": 18,
        "pred": 28,
        "tp": 12,
        "fp": 16,
        "final_recall": 0.6666666865348816,
        "final_precision": 0.4285714328289032
      },
      "4": {
        "gt": 9,
        "pred": 7,
        "tp": 2,
        "fp": 5,
        "final_recall": 0.2222222238779068,
        "final_precision": 0.2857142984867096
      },
      "5": {
        "gt": 67,
        "pred": 337,
        "tp": 50,
        "fp": 287,
        "final_recall": 0.746268630027771,
        "final_precision": 0.1483679562807083
      }
    },
    "mean_iou": 0.727535990079244
  },
  "label_stats": {
    "train": {
      "label_dir": "C:\\Users\\54544\\OneDrive\\Documents\\GitHub\\YOLO_DDS\\Dental OPG XRAY Dataset\\Augmented_Data\\train\\labels",
      "num_images": 558,
      "total_valid_boxes": 5642,
      "invalid_boxes": 0,
      "per_class_counts": [
        853,
        172,
        729,
        69,
        526,
        3293
      ],
      "boxes_per_image": {
        "min": 1,
        "max": 25,
        "mean": 10.11111111111111
      }
    },
    "valid": {
      "label_dir": "C:\\Users\\54544\\OneDrive\\Documents\\GitHub\\YOLO_DDS\\Dental OPG XRAY Dataset\\Augmented_Data\\valid\\labels",
      "num_images": 23,
      "total_valid_boxes": 115,
      "invalid_boxes": 0,
      "per_class_counts": [
        14,
        4,
        18,
        3,
        9,
        67
      ],
      "boxes_per_image": {
        "min": 1,
        "max": 10,
        "mean": 5.0
      }
    },
    "test": {
      "label_dir": "C:\\Users\\54544\\OneDrive\\Documents\\GitHub\\YOLO_DDS\\Dental OPG XRAY Dataset\\Augmented_Data\\test\\labels",
      "num_images": 23,
      "total_valid_boxes": 102,
      "invalid_boxes": 0,
      "per_class_counts": [
        26,
        5,
        12,
        0,
        5,
        54
      ],
      "boxes_per_image": {
        "min": 2,
        "max": 9,
        "mean": 4.434782608695652
      }
    }
  },
  "val_debug_batch": {
    "images": [
      {
        "image_id": "105_jpg.rf.fc10e27e37bdacf62e154171aa518d6a",
        "orig_size": [
          640,
          315
        ],
        "num_gt": 3,
        "num_pred_val_thresh": 16,
        "avg_obj_logit": -5.997703552246094,
        "num_pred_low_thresh": 30,
        "pred_to_gt_iou_mean": 0.06616626679897308,
        "gt_to_pred_iou_mean": 0.5694270730018616
      },
      {
        "image_id": "122_jpg.rf.7668820b59771bafa96b99ba5411b121",
        "orig_size": [
          640,
          311
        ],
        "num_gt": 7,
        "num_pred_val_thresh": 11,
        "avg_obj_logit": -6.067598819732666,
        "num_pred_low_thresh": 30,
        "pred_to_gt_iou_mean": 0.23785074055194855,
        "gt_to_pred_iou_mean": 0.617929995059967
      },
      {
        "image_id": "130_jpg.rf.f26cfd39dad7baef3d90c6f98aaa23ab",
        "orig_size": [
          640,
          278
        ],
        "num_gt": 2,
        "num_pred_val_thresh": 21,
        "avg_obj_logit": -6.0003156661987305,
        "num_pred_low_thresh": 30,
        "pred_to_gt_iou_mean": 0.07893119007349014,
        "gt_to_pred_iou_mean": 0.8029283881187439
      },
      {
        "image_id": "141_jpg.rf.a7d2f07e8fbc3051dd3f306d89babea4",
        "orig_size": [
          640,
          312
        ],
        "num_gt": 2,
        "num_pred_val_thresh": 12,
        "avg_obj_logit": -6.040463447570801,
        "num_pred_low_thresh": 30,
        "pred_to_gt_iou_mean": 0.07268496602773666,
        "gt_to_pred_iou_mean": 0.6309915781021118
      }
    ]
  }
}