{
  "epoch": 36,
  "train_loss": 0.11588333621621132,
  "val_loss": 1.052601397037506,
  "train_pos_per_image": 10.110714285714286,
  "val_pos_per_image": 4.958333333333333,
  "metrics": {
    "mAP": 0.15276670455932617,
    "per_class_ap": {
      "0": 0.10000000149011612,
      "1": 0.0,
      "2": 0.566548228263855,
      "3": 0.0,
      "4": 0.08024691045284271,
      "5": 0.16980504989624023
    },
    "per_class_counts": {
      "0": {
        "gt": 14,
        "pred": 23,
        "tp": 3,
        "fp": 20,
        "final_recall": 0.2142857164144516,
        "final_precision": 0.1304347813129425
      },
      "2": {
        "gt": 18,
        "pred": 30,
        "tp": 12,
        "fp": 18,
        "final_recall": 0.6666666865348816,
        "final_precision": 0.4000000059604645
      },
      "4": {
        "gt": 9,
        "pred": 9,
        "tp": 2,
        "fp": 7,
        "final_recall": 0.2222222238779068,
        "final_precision": 0.2222222238779068
      },
      "5": {
        "gt": 67,
        "pred": 287,
        "tp": 46,
        "fp": 241,
        "final_recall": 0.6865671873092651,
        "final_precision": 0.16027875244617462
      }
    },
    "mean_iou": 0.7271527421306556
  },
  "label_stats": {
    "train": {
      "label_dir": "C:\\Users\\54544\\OneDrive\\Documents\\GitHub\\YOLO_DDS\\Dental OPG XRAY Dataset\\Augmented_Data\\train\\labels",
      "num_images": 558,
      "total_valid_boxes": 5642,
      "invalid_boxes": 0,
      "per_class_counts": [
        853,
        172,
        729,
        69,
        526,
        3293
      ],
      "boxes_per_image": {
        "min": 1,
        "max": 25,
        "mean": 10.11111111111111
      }
    },
    "valid": {
      "label_dir": "C:\\Users\\54544\\OneDrive\\Documents\\GitHub\\YOLO_DDS\\Dental OPG XRAY Dataset\\Augmented_Data\\valid\\labels",
      "num_images": 23,
      "total_valid_boxes": 115,
      "invalid_boxes": 0,
      "per_class_counts": [
        14,
        4,
        18,
        3,
        9,
        67
      ],
      "boxes_per_image": {
        "min": 1,
        "max": 10,
        "mean": 5.0
      }
    },
    "test": {
      "label_dir": "C:\\Users\\54544\\OneDrive\\Documents\\GitHub\\YOLO_DDS\\Dental OPG XRAY Dataset\\Augmented_Data\\test\\labels",
      "num_images": 23,
      "total_valid_boxes": 102,
      "invalid_boxes": 0,
      "per_class_counts": [
        26,
        5,
        12,
        0,
        5,
        54
      ],
      "boxes_per_image": {
        "min": 2,
        "max": 9,
        "mean": 4.434782608695652
      }
    }
  },
  "val_debug_batch": {
    "images": [
      {
        "image_id": "105_jpg.rf.fc10e27e37bdacf62e154171aa518d6a",
        "orig_size": [
          640,
          315
        ],
        "num_gt": 3,
        "num_pred_val_thresh": 11,
        "avg_obj_logit": -6.03214693069458,
        "num_pred_low_thresh": 30,
        "pred_to_gt_iou_mean": 0.06855262815952301,
        "gt_to_pred_iou_mean": 0.5756909847259521
      },
      {
        "image_id": "122_jpg.rf.7668820b59771bafa96b99ba5411b121",
        "orig_size": [
          640,
          311
        ],
        "num_gt": 7,
        "num_pred_val_thresh": 11,
        "avg_obj_logit": -6.092741966247559,
        "num_pred_low_thresh": 30,
        "pred_to_gt_iou_mean": 0.2623549699783325,
        "gt_to_pred_iou_mean": 0.6492879986763
      },
      {
        "image_id": "130_jpg.rf.f26cfd39dad7baef3d90c6f98aaa23ab",
        "orig_size": [
          640,
          278
        ],
        "num_gt": 2,
        "num_pred_val_thresh": 17,
        "avg_obj_logit": -6.037990093231201,
        "num_pred_low_thresh": 30,
        "pred_to_gt_iou_mean": 0.07828180491924286,
        "gt_to_pred_iou_mean": 0.8034214973449707
      },
      {
        "image_id": "141_jpg.rf.a7d2f07e8fbc3051dd3f306d89babea4",
        "orig_size": [
          640,
          312
        ],
        "num_gt": 2,
        "num_pred_val_thresh": 10,
        "avg_obj_logit": -6.056084632873535,
        "num_pred_low_thresh": 30,
        "pred_to_gt_iou_mean": 0.0729626938700676,
        "gt_to_pred_iou_mean": 0.6274043917655945
      }
    ]
  }
}