{
  "epoch": 20,
  "train_loss": 0.2197003623204572,
  "val_loss": 1.0596180856227875,
  "train_pos_per_image": 10.110714285714286,
  "val_pos_per_image": 4.958333333333333,
  "metrics": {
    "mAP": 0.12010800838470459,
    "per_class_ap": {
      "0": 0.1190476268529892,
      "1": 0.0,
      "2": 0.4493165910243988,
      "3": 0.0,
      "4": 0.02777777798473835,
      "5": 0.12450609356164932
    },
    "per_class_counts": {
      "0": {
        "gt": 14,
        "pred": 12,
        "tp": 3,
        "fp": 9,
        "final_recall": 0.2142857164144516,
        "final_precision": 0.25
      },
      "2": {
        "gt": 18,
        "pred": 30,
        "tp": 13,
        "fp": 17,
        "final_recall": 0.7222222089767456,
        "final_precision": 0.4333333373069763
      },
      "4": {
        "gt": 9,
        "pred": 6,
        "tp": 1,
        "fp": 5,
        "final_recall": 0.1111111119389534,
        "final_precision": 0.1666666716337204
      },
      "5": {
        "gt": 67,
        "pred": 241,
        "tp": 37,
        "fp": 204,
        "final_recall": 0.5522388219833374,
        "final_precision": 0.15352697670459747
      }
    },
    "mean_iou": 0.7468663762355673
  },
  "label_stats": {
    "train": {
      "label_dir": "C:\\Users\\54544\\OneDrive\\Documents\\GitHub\\YOLO_DDS\\Dental OPG XRAY Dataset\\Augmented_Data\\train\\labels",
      "num_images": 558,
      "total_valid_boxes": 5642,
      "invalid_boxes": 0,
      "per_class_counts": [
        853,
        172,
        729,
        69,
        526,
        3293
      ],
      "boxes_per_image": {
        "min": 1,
        "max": 25,
        "mean": 10.11111111111111
      }
    },
    "valid": {
      "label_dir": "C:\\Users\\54544\\OneDrive\\Documents\\GitHub\\YOLO_DDS\\Dental OPG XRAY Dataset\\Augmented_Data\\valid\\labels",
      "num_images": 23,
      "total_valid_boxes": 115,
      "invalid_boxes": 0,
      "per_class_counts": [
        14,
        4,
        18,
        3,
        9,
        67
      ],
      "boxes_per_image": {
        "min": 1,
        "max": 10,
        "mean": 5.0
      }
    },
    "test": {
      "label_dir": "C:\\Users\\54544\\OneDrive\\Documents\\GitHub\\YOLO_DDS\\Dental OPG XRAY Dataset\\Augmented_Data\\test\\labels",
      "num_images": 23,
      "total_valid_boxes": 102,
      "invalid_boxes": 0,
      "per_class_counts": [
        26,
        5,
        12,
        0,
        5,
        54
      ],
      "boxes_per_image": {
        "min": 2,
        "max": 9,
        "mean": 4.434782608695652
      }
    }
  },
  "val_debug_batch": {
    "images": [
      {
        "image_id": "105_jpg.rf.fc10e27e37bdacf62e154171aa518d6a",
        "orig_size": [
          640,
          315
        ],
        "num_gt": 3,
        "num_pred_val_thresh": 13,
        "avg_obj_logit": -5.786923885345459,
        "num_pred_low_thresh": 30,
        "pred_to_gt_iou_mean": 0.09946786612272263,
        "gt_to_pred_iou_mean": 0.8366661667823792
      },
      {
        "image_id": "122_jpg.rf.7668820b59771bafa96b99ba5411b121",
        "orig_size": [
          640,
          311
        ],
        "num_gt": 7,
        "num_pred_val_thresh": 8,
        "avg_obj_logit": -5.878000259399414,
        "num_pred_low_thresh": 30,
        "pred_to_gt_iou_mean": 0.27935266494750977,
        "gt_to_pred_iou_mean": 0.7368779182434082
      },
      {
        "image_id": "130_jpg.rf.f26cfd39dad7baef3d90c6f98aaa23ab",
        "orig_size": [
          640,
          278
        ],
        "num_gt": 2,
        "num_pred_val_thresh": 12,
        "avg_obj_logit": -5.799341201782227,
        "num_pred_low_thresh": 30,
        "pred_to_gt_iou_mean": 0.06688063591718674,
        "gt_to_pred_iou_mean": 0.7687777876853943
      },
      {
        "image_id": "141_jpg.rf.a7d2f07e8fbc3051dd3f306d89babea4",
        "orig_size": [
          640,
          312
        ],
        "num_gt": 2,
        "num_pred_val_thresh": 14,
        "avg_obj_logit": -5.799349784851074,
        "num_pred_low_thresh": 30,
        "pred_to_gt_iou_mean": 0.05705483257770538,
        "gt_to_pred_iou_mean": 0.6861018538475037
      }
    ]
  }
}