{
  "epoch": 7,
  "train_loss": 0.44762593294892994,
  "val_loss": 1.0626543760299683,
  "train_pos_per_image": 10.10892857142857,
  "val_pos_per_image": 4.958333333333333,
  "metrics": {
    "mAP": 0.0490678995847702,
    "per_class_ap": {
      "0": 0.16165414452552795,
      "1": 0.0,
      "2": 0.0555555559694767,
      "3": 0.0,
      "4": 0.0,
      "5": 0.07719769328832626
    },
    "mean_iou": 0.7057591564953327
  },
  "label_stats": {
    "label_dir": "C:\\Users\\54544\\OneDrive\\Documents\\GitHub\\YOLO_DDS\\Dental OPG XRAY Dataset\\Augmented_Data\\train\\labels",
    "num_images": 558,
    "total_valid_boxes": 5642,
    "invalid_boxes": 0,
    "per_class_counts": [
      853,
      172,
      729,
      69,
      526,
      3293
    ],
    "boxes_per_image": {
      "min": 1,
      "max": 25,
      "mean": 10.11111111111111
    }
  },
  "val_debug_batch": {
    "images": [
      {
        "image_id": "105_jpg.rf.fc10e27e37bdacf62e154171aa518d6a",
        "orig_size": [
          640,
          315
        ],
        "num_gt": 3,
        "num_pred_val_thresh": 10,
        "avg_obj_logit": -5.176607608795166,
        "num_pred_low_thresh": 30,
        "pred_to_gt_iou_mean": 0.17546691000461578,
        "gt_to_pred_iou_mean": 0.648692786693573
      },
      {
        "image_id": "122_jpg.rf.7668820b59771bafa96b99ba5411b121",
        "orig_size": [
          640,
          311
        ],
        "num_gt": 7,
        "num_pred_val_thresh": 2,
        "avg_obj_logit": -5.258974075317383,
        "num_pred_low_thresh": 30,
        "pred_to_gt_iou_mean": 0.21964244544506073,
        "gt_to_pred_iou_mean": 0.5503641366958618
      },
      {
        "image_id": "130_jpg.rf.f26cfd39dad7baef3d90c6f98aaa23ab",
        "orig_size": [
          640,
          278
        ],
        "num_gt": 2,
        "num_pred_val_thresh": 2,
        "avg_obj_logit": -5.219345569610596,
        "num_pred_low_thresh": 30,
        "pred_to_gt_iou_mean": 0.10638490319252014,
        "gt_to_pred_iou_mean": 0.7028810977935791
      },
      {
        "image_id": "141_jpg.rf.a7d2f07e8fbc3051dd3f306d89babea4",
        "orig_size": [
          640,
          312
        ],
        "num_gt": 2,
        "num_pred_val_thresh": 4,
        "avg_obj_logit": -5.199076175689697,
        "num_pred_low_thresh": 30,
        "pred_to_gt_iou_mean": 0.049130234867334366,
        "gt_to_pred_iou_mean": 0.5237462520599365
      }
    ]
  }
}