{
  "epoch": 7,
  "train_loss": 0.4384602665901184,
  "train_loss_breakdown": {
    "giou": 0.2687098836260183,
    "objectness": 0.03842633643320629,
    "class": 0.13132404759526253
  },
  "val_loss": 1.0925124784310658,
  "val_loss_breakdown": {
    "giou": 0.3287726491689682,
    "objectness": 0.02143118344247341,
    "class": 0.7423086365063986
  },
  "train_pos_per_image": 10.10892857142857,
  "val_pos_per_image": 4.958333333333333,
  "metrics": {
    "mAP": 0.06454390287399292,
    "per_class_ap": {
      "0": 0.2520604431629181,
      "1": 0.0,
      "2": 0.05000000447034836,
      "3": 0.0,
      "4": 0.0,
      "5": 0.08520294725894928
    },
    "per_class_counts": {
      "0": {
        "gt": 14,
        "pred": 19,
        "tp": 6,
        "fp": 13,
        "final_recall": 0.4285714328289032,
        "final_precision": 0.31578946113586426
      },
      "2": {
        "gt": 18,
        "pred": 15,
        "tp": 3,
        "fp": 12,
        "final_recall": 0.1666666716337204,
        "final_precision": 0.20000000298023224
      },
      "5": {
        "gt": 67,
        "pred": 117,
        "tp": 22,
        "fp": 95,
        "final_recall": 0.3283582031726837,
        "final_precision": 0.18803419172763824
      }
    },
    "mean_iou": 0.7125585259813251
  },
  "val_confidence": {
    "count": 158,
    "mean": 0.28308403491973877,
    "median": 0.25165337324142456,
    "p90": 0.37354692816734314
  },
  "label_stats": {
    "train": {
      "label_dir": "C:\\Users\\54544\\OneDrive\\Documents\\GitHub\\YOLO_DDS\\Dental OPG XRAY Dataset\\Augmented_Data\\train\\labels",
      "num_images": 558,
      "images_with_no_boxes": 0,
      "total_valid_boxes": 5642,
      "invalid_boxes": 0,
      "per_class_counts": [
        853,
        172,
        729,
        69,
        526,
        3293
      ],
      "per_class_image_freq": [
        392,
        104,
        322,
        58,
        225,
        550
      ],
      "class_presence_ratio": [
        0.7025089605734767,
        0.1863799283154122,
        0.5770609318996416,
        0.1039426523297491,
        0.4032258064516129,
        0.985663082437276
      ],
      "missing_classes": [],
      "class_imbalance_ratio": 47.72463768115942,
      "boxes_per_image": {
        "min": 1,
        "max": 25,
        "mean": 10.11111111111111
      }
    },
    "valid": {
      "label_dir": "C:\\Users\\54544\\OneDrive\\Documents\\GitHub\\YOLO_DDS\\Dental OPG XRAY Dataset\\Augmented_Data\\valid\\labels",
      "num_images": 23,
      "images_with_no_boxes": 0,
      "total_valid_boxes": 115,
      "invalid_boxes": 0,
      "per_class_counts": [
        14,
        4,
        18,
        3,
        9,
        67
      ],
      "per_class_image_freq": [
        8,
        3,
        7,
        3,
        6,
        22
      ],
      "class_presence_ratio": [
        0.34782608695652173,
        0.13043478260869565,
        0.30434782608695654,
        0.13043478260869565,
        0.2608695652173913,
        0.9565217391304348
      ],
      "missing_classes": [],
      "class_imbalance_ratio": 22.333333333333332,
      "boxes_per_image": {
        "min": 1,
        "max": 10,
        "mean": 5.0
      }
    },
    "test": {
      "label_dir": "C:\\Users\\54544\\OneDrive\\Documents\\GitHub\\YOLO_DDS\\Dental OPG XRAY Dataset\\Augmented_Data\\test\\labels",
      "num_images": 23,
      "images_with_no_boxes": 0,
      "total_valid_boxes": 102,
      "invalid_boxes": 0,
      "per_class_counts": [
        26,
        5,
        12,
        0,
        5,
        54
      ],
      "per_class_image_freq": [
        14,
        2,
        7,
        0,
        4,
        23
      ],
      "class_presence_ratio": [
        0.6086956521739131,
        0.08695652173913043,
        0.30434782608695654,
        0.0,
        0.17391304347826086,
        1.0
      ],
      "missing_classes": [
        3
      ],
      "class_imbalance_ratio": 10.8,
      "boxes_per_image": {
        "min": 2,
        "max": 9,
        "mean": 4.434782608695652
      }
    }
  },
  "val_debug_batch": {
    "images": [
      {
        "image_id": "105_jpg.rf.fc10e27e37bdacf62e154171aa518d6a",
        "orig_size": [
          640,
          315
        ],
        "num_gt": 3,
        "num_pred_val_thresh": 7,
        "avg_obj_logit": -5.258767127990723,
        "num_pred_low_thresh": 30,
        "pred_to_gt_iou_mean": 0.11768003553152084,
        "gt_to_pred_iou_mean": 0.755688488483429
      },
      {
        "image_id": "122_jpg.rf.7668820b59771bafa96b99ba5411b121",
        "orig_size": [
          640,
          311
        ],
        "num_gt": 7,
        "num_pred_val_thresh": 1,
        "avg_obj_logit": -5.289719581604004,
        "num_pred_low_thresh": 30,
        "pred_to_gt_iou_mean": 0.29910409450531006,
        "gt_to_pred_iou_mean": 0.6999325156211853
      },
      {
        "image_id": "130_jpg.rf.f26cfd39dad7baef3d90c6f98aaa23ab",
        "orig_size": [
          640,
          278
        ],
        "num_gt": 2,
        "num_pred_val_thresh": 3,
        "avg_obj_logit": -5.294546127319336,
        "num_pred_low_thresh": 30,
        "pred_to_gt_iou_mean": 0.09504393488168716,
        "gt_to_pred_iou_mean": 0.7004393935203552
      },
      {
        "image_id": "141_jpg.rf.a7d2f07e8fbc3051dd3f306d89babea4",
        "orig_size": [
          640,
          312
        ],
        "num_gt": 2,
        "num_pred_val_thresh": 3,
        "avg_obj_logit": -5.209388732910156,
        "num_pred_low_thresh": 30,
        "pred_to_gt_iou_mean": 0.08280179649591446,
        "gt_to_pred_iou_mean": 0.5830353498458862
      }
    ]
  }
}