{
  "epoch": 28,
  "train_loss": 0.16031193142490727,
  "train_loss_breakdown": {
    "giou": 0.11803022037659372,
    "objectness": 0.029824623758239407,
    "class": 0.01245708699903584
  },
  "val_loss": 1.0650239090124767,
  "val_loss_breakdown": {
    "giou": 0.29457735518614453,
    "objectness": 0.017256080793837707,
    "class": 0.7531904776891073
  },
  "train_pos_per_image": 10.098214285714286,
  "val_pos_per_image": 4.958333333333333,
  "metrics": {
    "mAP": 0.1305527687072754,
    "per_class_ap": {
      "0": 0.0803571492433548,
      "1": 0.0,
      "2": 0.5098214149475098,
      "3": 0.0,
      "4": 0.0555555559694767,
      "5": 0.137582466006279
    },
    "per_class_counts": {
      "0": {
        "gt": 14,
        "pred": 25,
        "tp": 3,
        "fp": 22,
        "final_recall": 0.2142857164144516,
        "final_precision": 0.11999999731779099
      },
      "2": {
        "gt": 18,
        "pred": 26,
        "tp": 12,
        "fp": 14,
        "final_recall": 0.6666666865348816,
        "final_precision": 0.4615384638309479
      },
      "4": {
        "gt": 9,
        "pred": 5,
        "tp": 1,
        "fp": 4,
        "final_recall": 0.1111111119389534,
        "final_precision": 0.20000000298023224
      },
      "5": {
        "gt": 67,
        "pred": 278,
        "tp": 42,
        "fp": 236,
        "final_recall": 0.6268656849861145,
        "final_precision": 0.15107913315296173
      }
    },
    "mean_iou": 0.7268208640237008
  },
  "val_confidence": {
    "count": 334,
    "mean": 0.33825305104255676,
    "median": 0.3050294518470764,
    "p90": 0.4990646243095398
  },
  "label_stats": {
    "train": {
      "label_dir": "C:\\Users\\54544\\OneDrive\\Documents\\GitHub\\YOLO_DDS\\Dental OPG XRAY Dataset\\Augmented_Data\\train\\labels",
      "num_images": 558,
      "images_with_no_boxes": 0,
      "total_valid_boxes": 5642,
      "invalid_boxes": 0,
      "per_class_counts": [
        853,
        172,
        729,
        69,
        526,
        3293
      ],
      "per_class_image_freq": [
        392,
        104,
        322,
        58,
        225,
        550
      ],
      "class_presence_ratio": [
        0.7025089605734767,
        0.1863799283154122,
        0.5770609318996416,
        0.1039426523297491,
        0.4032258064516129,
        0.985663082437276
      ],
      "missing_classes": [],
      "class_imbalance_ratio": 47.72463768115942,
      "boxes_per_image": {
        "min": 1,
        "max": 25,
        "mean": 10.11111111111111
      }
    },
    "valid": {
      "label_dir": "C:\\Users\\54544\\OneDrive\\Documents\\GitHub\\YOLO_DDS\\Dental OPG XRAY Dataset\\Augmented_Data\\valid\\labels",
      "num_images": 23,
      "images_with_no_boxes": 0,
      "total_valid_boxes": 115,
      "invalid_boxes": 0,
      "per_class_counts": [
        14,
        4,
        18,
        3,
        9,
        67
      ],
      "per_class_image_freq": [
        8,
        3,
        7,
        3,
        6,
        22
      ],
      "class_presence_ratio": [
        0.34782608695652173,
        0.13043478260869565,
        0.30434782608695654,
        0.13043478260869565,
        0.2608695652173913,
        0.9565217391304348
      ],
      "missing_classes": [],
      "class_imbalance_ratio": 22.333333333333332,
      "boxes_per_image": {
        "min": 1,
        "max": 10,
        "mean": 5.0
      }
    },
    "test": {
      "label_dir": "C:\\Users\\54544\\OneDrive\\Documents\\GitHub\\YOLO_DDS\\Dental OPG XRAY Dataset\\Augmented_Data\\test\\labels",
      "num_images": 23,
      "images_with_no_boxes": 0,
      "total_valid_boxes": 102,
      "invalid_boxes": 0,
      "per_class_counts": [
        26,
        5,
        12,
        0,
        5,
        54
      ],
      "per_class_image_freq": [
        14,
        2,
        7,
        0,
        4,
        23
      ],
      "class_presence_ratio": [
        0.6086956521739131,
        0.08695652173913043,
        0.30434782608695654,
        0.0,
        0.17391304347826086,
        1.0
      ],
      "missing_classes": [
        3
      ],
      "class_imbalance_ratio": 10.8,
      "boxes_per_image": {
        "min": 2,
        "max": 9,
        "mean": 4.434782608695652
      }
    }
  },
  "val_debug_batch": {
    "images": [
      {
        "image_id": "105_jpg.rf.fc10e27e37bdacf62e154171aa518d6a",
        "orig_size": [
          640,
          315
        ],
        "num_gt": 3,
        "num_pred_val_thresh": 12,
        "avg_obj_logit": -5.953454494476318,
        "num_pred_low_thresh": 30,
        "pred_to_gt_iou_mean": 0.08168299496173859,
        "gt_to_pred_iou_mean": 0.7582924962043762
      },
      {
        "image_id": "122_jpg.rf.7668820b59771bafa96b99ba5411b121",
        "orig_size": [
          640,
          311
        ],
        "num_gt": 7,
        "num_pred_val_thresh": 14,
        "avg_obj_logit": -6.027612686157227,
        "num_pred_low_thresh": 30,
        "pred_to_gt_iou_mean": 0.27647098898887634,
        "gt_to_pred_iou_mean": 0.6316219568252563
      },
      {
        "image_id": "130_jpg.rf.f26cfd39dad7baef3d90c6f98aaa23ab",
        "orig_size": [
          640,
          278
        ],
        "num_gt": 2,
        "num_pred_val_thresh": 13,
        "avg_obj_logit": -5.941485404968262,
        "num_pred_low_thresh": 30,
        "pred_to_gt_iou_mean": 0.08014781773090363,
        "gt_to_pred_iou_mean": 0.8102169036865234
      },
      {
        "image_id": "141_jpg.rf.a7d2f07e8fbc3051dd3f306d89babea4",
        "orig_size": [
          640,
          312
        ],
        "num_gt": 2,
        "num_pred_val_thresh": 12,
        "avg_obj_logit": -5.947810173034668,
        "num_pred_low_thresh": 30,
        "pred_to_gt_iou_mean": 0.07408617436885834,
        "gt_to_pred_iou_mean": 0.6986000537872314
      }
    ]
  }
}