{
  "epoch": 23,
  "train_loss": 0.1949991402881486,
  "val_loss": 1.1215321620305378,
  "train_pos_per_image": 10.098214285714286,
  "val_pos_per_image": 4.958333333333333,
  "metrics": {
    "mAP": 0.13054445385932922,
    "per_class_ap": {
      "0": 0.07212885469198227,
      "1": 0.0,
      "2": 0.47671961784362793,
      "3": 0.0,
      "4": 0.03703703731298447,
      "5": 0.19738121330738068
    },
    "per_class_counts": {
      "0": {
        "gt": 14,
        "pred": 17,
        "tp": 3,
        "fp": 14,
        "final_recall": 0.2142857164144516,
        "final_precision": 0.1764705926179886
      },
      "2": {
        "gt": 18,
        "pred": 23,
        "tp": 12,
        "fp": 11,
        "final_recall": 0.6666666865348816,
        "final_precision": 0.52173912525177
      },
      "4": {
        "gt": 9,
        "pred": 4,
        "tp": 1,
        "fp": 3,
        "final_recall": 0.1111111119389534,
        "final_precision": 0.25
      },
      "5": {
        "gt": 67,
        "pred": 325,
        "tp": 46,
        "fp": 279,
        "final_recall": 0.6865671873092651,
        "final_precision": 0.14153845608234406
      }
    },
    "mean_iou": 0.7075529081234033
  },
  "label_stats": {
    "train": {
      "label_dir": "C:\\Users\\54544\\OneDrive\\Documents\\GitHub\\YOLO_DDS\\Dental OPG XRAY Dataset\\Augmented_Data\\train\\labels",
      "num_images": 558,
      "total_valid_boxes": 5642,
      "invalid_boxes": 0,
      "per_class_counts": [
        853,
        172,
        729,
        69,
        526,
        3293
      ],
      "boxes_per_image": {
        "min": 1,
        "max": 25,
        "mean": 10.11111111111111
      }
    },
    "valid": {
      "label_dir": "C:\\Users\\54544\\OneDrive\\Documents\\GitHub\\YOLO_DDS\\Dental OPG XRAY Dataset\\Augmented_Data\\valid\\labels",
      "num_images": 23,
      "total_valid_boxes": 115,
      "invalid_boxes": 0,
      "per_class_counts": [
        14,
        4,
        18,
        3,
        9,
        67
      ],
      "boxes_per_image": {
        "min": 1,
        "max": 10,
        "mean": 5.0
      }
    },
    "test": {
      "label_dir": "C:\\Users\\54544\\OneDrive\\Documents\\GitHub\\YOLO_DDS\\Dental OPG XRAY Dataset\\Augmented_Data\\test\\labels",
      "num_images": 23,
      "total_valid_boxes": 102,
      "invalid_boxes": 0,
      "per_class_counts": [
        26,
        5,
        12,
        0,
        5,
        54
      ],
      "boxes_per_image": {
        "min": 2,
        "max": 9,
        "mean": 4.434782608695652
      }
    }
  },
  "val_debug_batch": {
    "images": [
      {
        "image_id": "105_jpg.rf.fc10e27e37bdacf62e154171aa518d6a",
        "orig_size": [
          640,
          315
        ],
        "num_gt": 3,
        "num_pred_val_thresh": 20,
        "avg_obj_logit": -5.850162029266357,
        "num_pred_low_thresh": 30,
        "pred_to_gt_iou_mean": 0.10364536195993423,
        "gt_to_pred_iou_mean": 0.7614008784294128
      },
      {
        "image_id": "122_jpg.rf.7668820b59771bafa96b99ba5411b121",
        "orig_size": [
          640,
          311
        ],
        "num_gt": 7,
        "num_pred_val_thresh": 11,
        "avg_obj_logit": -5.934793472290039,
        "num_pred_low_thresh": 30,
        "pred_to_gt_iou_mean": 0.2198454588651657,
        "gt_to_pred_iou_mean": 0.653529942035675
      },
      {
        "image_id": "130_jpg.rf.f26cfd39dad7baef3d90c6f98aaa23ab",
        "orig_size": [
          640,
          278
        ],
        "num_gt": 2,
        "num_pred_val_thresh": 15,
        "avg_obj_logit": -5.853546142578125,
        "num_pred_low_thresh": 30,
        "pred_to_gt_iou_mean": 0.06754393875598907,
        "gt_to_pred_iou_mean": 0.7204061150550842
      },
      {
        "image_id": "141_jpg.rf.a7d2f07e8fbc3051dd3f306d89babea4",
        "orig_size": [
          640,
          312
        ],
        "num_gt": 2,
        "num_pred_val_thresh": 15,
        "avg_obj_logit": -5.849037170410156,
        "num_pred_low_thresh": 30,
        "pred_to_gt_iou_mean": 0.07747543603181839,
        "gt_to_pred_iou_mean": 0.6616566181182861
      }
    ]
  }
}