{
  "epoch": 48,
  "train_loss": 0.08677722540284906,
  "val_loss": 1.0730773011843364,
  "train_pos_per_image": 10.121428571428572,
  "val_pos_per_image": 4.958333333333333,
  "metrics": {
    "mAP": 0.14814631640911102,
    "per_class_ap": {
      "0": 0.05612244829535484,
      "1": 0.0,
      "2": 0.5909444689750671,
      "3": 0.0,
      "4": 0.0555555559694767,
      "5": 0.18625538051128387
    },
    "per_class_counts": {
      "0": {
        "gt": 14,
        "pred": 21,
        "tp": 3,
        "fp": 18,
        "final_recall": 0.2142857164144516,
        "final_precision": 0.1428571492433548
      },
      "2": {
        "gt": 18,
        "pred": 34,
        "tp": 14,
        "fp": 20,
        "final_recall": 0.7777777910232544,
        "final_precision": 0.4117647111415863
      },
      "4": {
        "gt": 9,
        "pred": 11,
        "tp": 2,
        "fp": 9,
        "final_recall": 0.2222222238779068,
        "final_precision": 0.1818181872367859
      },
      "5": {
        "gt": 67,
        "pred": 298,
        "tp": 50,
        "fp": 248,
        "final_recall": 0.746268630027771,
        "final_precision": 0.16778524219989777
      }
    },
    "mean_iou": 0.7386906839705802
  },
  "label_stats": {
    "train": {
      "label_dir": "C:\\Users\\54544\\OneDrive\\Documents\\GitHub\\YOLO_DDS\\Dental OPG XRAY Dataset\\Augmented_Data\\train\\labels",
      "num_images": 558,
      "total_valid_boxes": 5642,
      "invalid_boxes": 0,
      "per_class_counts": [
        853,
        172,
        729,
        69,
        526,
        3293
      ],
      "boxes_per_image": {
        "min": 1,
        "max": 25,
        "mean": 10.11111111111111
      }
    },
    "valid": {
      "label_dir": "C:\\Users\\54544\\OneDrive\\Documents\\GitHub\\YOLO_DDS\\Dental OPG XRAY Dataset\\Augmented_Data\\valid\\labels",
      "num_images": 23,
      "total_valid_boxes": 115,
      "invalid_boxes": 0,
      "per_class_counts": [
        14,
        4,
        18,
        3,
        9,
        67
      ],
      "boxes_per_image": {
        "min": 1,
        "max": 10,
        "mean": 5.0
      }
    },
    "test": {
      "label_dir": "C:\\Users\\54544\\OneDrive\\Documents\\GitHub\\YOLO_DDS\\Dental OPG XRAY Dataset\\Augmented_Data\\test\\labels",
      "num_images": 23,
      "total_valid_boxes": 102,
      "invalid_boxes": 0,
      "per_class_counts": [
        26,
        5,
        12,
        0,
        5,
        54
      ],
      "boxes_per_image": {
        "min": 2,
        "max": 9,
        "mean": 4.434782608695652
      }
    }
  },
  "val_debug_batch": {
    "images": [
      {
        "image_id": "105_jpg.rf.fc10e27e37bdacf62e154171aa518d6a",
        "orig_size": [
          640,
          315
        ],
        "num_gt": 3,
        "num_pred_val_thresh": 15,
        "avg_obj_logit": -6.006345272064209,
        "num_pred_low_thresh": 30,
        "pred_to_gt_iou_mean": 0.09209737926721573,
        "gt_to_pred_iou_mean": 0.8151397705078125
      },
      {
        "image_id": "122_jpg.rf.7668820b59771bafa96b99ba5411b121",
        "orig_size": [
          640,
          311
        ],
        "num_gt": 7,
        "num_pred_val_thresh": 13,
        "avg_obj_logit": -6.089179515838623,
        "num_pred_low_thresh": 30,
        "pred_to_gt_iou_mean": 0.2722277343273163,
        "gt_to_pred_iou_mean": 0.6868964433670044
      },
      {
        "image_id": "130_jpg.rf.f26cfd39dad7baef3d90c6f98aaa23ab",
        "orig_size": [
          640,
          278
        ],
        "num_gt": 2,
        "num_pred_val_thresh": 18,
        "avg_obj_logit": -5.9938154220581055,
        "num_pred_low_thresh": 30,
        "pred_to_gt_iou_mean": 0.0672251507639885,
        "gt_to_pred_iou_mean": 0.7228506207466125
      },
      {
        "image_id": "141_jpg.rf.a7d2f07e8fbc3051dd3f306d89babea4",
        "orig_size": [
          640,
          312
        ],
        "num_gt": 2,
        "num_pred_val_thresh": 14,
        "avg_obj_logit": -6.001983165740967,
        "num_pred_low_thresh": 30,
        "pred_to_gt_iou_mean": 0.0761205330491066,
        "gt_to_pred_iou_mean": 0.6865860819816589
      }
    ]
  }
}