{
  "epoch": 14,
  "train_loss": 0.27271316434655873,
  "val_loss": 1.0561766922473907,
  "train_pos_per_image": 10.107142857142858,
  "val_pos_per_image": 4.958333333333333,
  "metrics": {
    "mAP": 0.075752854347229,
    "per_class_ap": {
      "0": 0.10832025110721588,
      "1": 0.0,
      "2": 0.22852925956249237,
      "3": 0.0,
      "4": 0.0,
      "5": 0.11766761541366577
    },
    "mean_iou": 0.7324877358832449
  },
  "label_stats": {
    "label_dir": "C:\\Users\\54544\\OneDrive\\Documents\\GitHub\\YOLO_DDS\\Dental OPG XRAY Dataset\\Augmented_Data\\train\\labels",
    "num_images": 558,
    "total_valid_boxes": 5642,
    "invalid_boxes": 0,
    "per_class_counts": [
      853,
      172,
      729,
      69,
      526,
      3293
    ],
    "boxes_per_image": {
      "min": 1,
      "max": 25,
      "mean": 10.11111111111111
    }
  },
  "val_debug_batch": {
    "images": [
      {
        "image_id": "105_jpg.rf.fc10e27e37bdacf62e154171aa518d6a",
        "orig_size": [
          640,
          315
        ],
        "num_gt": 3,
        "num_pred_val_thresh": 18,
        "avg_obj_logit": -5.505622386932373,
        "num_pred_low_thresh": 30,
        "pred_to_gt_iou_mean": 0.10253023356199265,
        "gt_to_pred_iou_mean": 0.7273566126823425
      },
      {
        "image_id": "122_jpg.rf.7668820b59771bafa96b99ba5411b121",
        "orig_size": [
          640,
          311
        ],
        "num_gt": 7,
        "num_pred_val_thresh": 11,
        "avg_obj_logit": -5.65142822265625,
        "num_pred_low_thresh": 30,
        "pred_to_gt_iou_mean": 0.20622971653938293,
        "gt_to_pred_iou_mean": 0.5871214866638184
      },
      {
        "image_id": "130_jpg.rf.f26cfd39dad7baef3d90c6f98aaa23ab",
        "orig_size": [
          640,
          278
        ],
        "num_gt": 2,
        "num_pred_val_thresh": 20,
        "avg_obj_logit": -5.510222434997559,
        "num_pred_low_thresh": 30,
        "pred_to_gt_iou_mean": 0.0747232511639595,
        "gt_to_pred_iou_mean": 0.7638538479804993
      },
      {
        "image_id": "141_jpg.rf.a7d2f07e8fbc3051dd3f306d89babea4",
        "orig_size": [
          640,
          312
        ],
        "num_gt": 2,
        "num_pred_val_thresh": 9,
        "avg_obj_logit": -5.601039886474609,
        "num_pred_low_thresh": 30,
        "pred_to_gt_iou_mean": 0.03823709860444069,
        "gt_to_pred_iou_mean": 0.4213951826095581
      }
    ]
  }
}