{
  "epoch": 29,
  "train_loss": 0.15337418956415994,
  "val_loss": 1.038348486026128,
  "train_pos_per_image": 10.1125,
  "val_pos_per_image": 4.958333333333333,
  "metrics": {
    "mAP": 0.13878284394741058,
    "per_class_ap": {
      "0": 0.0714285746216774,
      "1": 0.0,
      "2": 0.5054232478141785,
      "3": 0.0,
      "4": 0.1111111119389534,
      "5": 0.14473411440849304
    },
    "per_class_counts": {
      "0": {
        "gt": 14,
        "pred": 20,
        "tp": 1,
        "fp": 19,
        "final_recall": 0.0714285746216774,
        "final_precision": 0.05000000074505806
      },
      "2": {
        "gt": 18,
        "pred": 27,
        "tp": 11,
        "fp": 16,
        "final_recall": 0.6111111044883728,
        "final_precision": 0.40740740299224854
      },
      "4": {
        "gt": 9,
        "pred": 3,
        "tp": 1,
        "fp": 2,
        "final_recall": 0.1111111119389534,
        "final_precision": 0.3333333432674408
      },
      "5": {
        "gt": 67,
        "pred": 224,
        "tp": 38,
        "fp": 186,
        "final_recall": 0.5671641826629639,
        "final_precision": 0.1696428507566452
      }
    },
    "mean_iou": 0.7361547492318234
  },
  "label_stats": {
    "train": {
      "label_dir": "C:\\Users\\54544\\OneDrive\\Documents\\GitHub\\YOLO_DDS\\Dental OPG XRAY Dataset\\Augmented_Data\\train\\labels",
      "num_images": 558,
      "total_valid_boxes": 5642,
      "invalid_boxes": 0,
      "per_class_counts": [
        853,
        172,
        729,
        69,
        526,
        3293
      ],
      "boxes_per_image": {
        "min": 1,
        "max": 25,
        "mean": 10.11111111111111
      }
    },
    "valid": {
      "label_dir": "C:\\Users\\54544\\OneDrive\\Documents\\GitHub\\YOLO_DDS\\Dental OPG XRAY Dataset\\Augmented_Data\\valid\\labels",
      "num_images": 23,
      "total_valid_boxes": 115,
      "invalid_boxes": 0,
      "per_class_counts": [
        14,
        4,
        18,
        3,
        9,
        67
      ],
      "boxes_per_image": {
        "min": 1,
        "max": 10,
        "mean": 5.0
      }
    },
    "test": {
      "label_dir": "C:\\Users\\54544\\OneDrive\\Documents\\GitHub\\YOLO_DDS\\Dental OPG XRAY Dataset\\Augmented_Data\\test\\labels",
      "num_images": 23,
      "total_valid_boxes": 102,
      "invalid_boxes": 0,
      "per_class_counts": [
        26,
        5,
        12,
        0,
        5,
        54
      ],
      "boxes_per_image": {
        "min": 2,
        "max": 9,
        "mean": 4.434782608695652
      }
    }
  },
  "val_debug_batch": {
    "images": [
      {
        "image_id": "105_jpg.rf.fc10e27e37bdacf62e154171aa518d6a",
        "orig_size": [
          640,
          315
        ],
        "num_gt": 3,
        "num_pred_val_thresh": 8,
        "avg_obj_logit": -5.982105255126953,
        "num_pred_low_thresh": 30,
        "pred_to_gt_iou_mean": 0.0625656321644783,
        "gt_to_pred_iou_mean": 0.5472732782363892
      },
      {
        "image_id": "122_jpg.rf.7668820b59771bafa96b99ba5411b121",
        "orig_size": [
          640,
          311
        ],
        "num_gt": 7,
        "num_pred_val_thresh": 7,
        "avg_obj_logit": -6.0366973876953125,
        "num_pred_low_thresh": 30,
        "pred_to_gt_iou_mean": 0.23305751383304596,
        "gt_to_pred_iou_mean": 0.6202734112739563
      },
      {
        "image_id": "130_jpg.rf.f26cfd39dad7baef3d90c6f98aaa23ab",
        "orig_size": [
          640,
          278
        ],
        "num_gt": 2,
        "num_pred_val_thresh": 12,
        "avg_obj_logit": -5.983631134033203,
        "num_pred_low_thresh": 30,
        "pred_to_gt_iou_mean": 0.08258944004774094,
        "gt_to_pred_iou_mean": 0.8360192775726318
      },
      {
        "image_id": "141_jpg.rf.a7d2f07e8fbc3051dd3f306d89babea4",
        "orig_size": [
          640,
          312
        ],
        "num_gt": 2,
        "num_pred_val_thresh": 11,
        "avg_obj_logit": -6.011806011199951,
        "num_pred_low_thresh": 30,
        "pred_to_gt_iou_mean": 0.07379912585020065,
        "gt_to_pred_iou_mean": 0.6168776750564575
      }
    ]
  }
}