{
  "epoch": 16,
  "train_loss": 0.25145778634718485,
  "val_loss": 1.0189407765865326,
  "train_pos_per_image": 10.094642857142857,
  "val_pos_per_image": 4.958333333333333,
  "metrics": {
    "mAP": 0.11357342451810837,
    "per_class_ap": {
      "0": 0.1428571492433548,
      "1": 0.0,
      "2": 0.38675934076309204,
      "3": 0.0,
      "4": 0.010101010091602802,
      "5": 0.14172302186489105
    },
    "per_class_counts": {
      "0": {
        "gt": 14,
        "pred": 17,
        "tp": 4,
        "fp": 13,
        "final_recall": 0.2857142984867096,
        "final_precision": 0.23529411852359772
      },
      "2": {
        "gt": 18,
        "pred": 25,
        "tp": 12,
        "fp": 13,
        "final_recall": 0.6666666865348816,
        "final_precision": 0.47999998927116394
      },
      "4": {
        "gt": 9,
        "pred": 11,
        "tp": 1,
        "fp": 10,
        "final_recall": 0.1111111119389534,
        "final_precision": 0.09090909361839294
      },
      "5": {
        "gt": 67,
        "pred": 236,
        "tp": 33,
        "fp": 203,
        "final_recall": 0.49253731966018677,
        "final_precision": 0.13983051478862762
      }
    },
    "mean_iou": 0.7238673545696117
  },
  "label_stats": {
    "train": {
      "label_dir": "C:\\Users\\54544\\OneDrive\\Documents\\GitHub\\YOLO_DDS\\Dental OPG XRAY Dataset\\Augmented_Data\\train\\labels",
      "num_images": 558,
      "total_valid_boxes": 5642,
      "invalid_boxes": 0,
      "per_class_counts": [
        853,
        172,
        729,
        69,
        526,
        3293
      ],
      "boxes_per_image": {
        "min": 1,
        "max": 25,
        "mean": 10.11111111111111
      }
    },
    "valid": {
      "label_dir": "C:\\Users\\54544\\OneDrive\\Documents\\GitHub\\YOLO_DDS\\Dental OPG XRAY Dataset\\Augmented_Data\\valid\\labels",
      "num_images": 23,
      "total_valid_boxes": 115,
      "invalid_boxes": 0,
      "per_class_counts": [
        14,
        4,
        18,
        3,
        9,
        67
      ],
      "boxes_per_image": {
        "min": 1,
        "max": 10,
        "mean": 5.0
      }
    },
    "test": {
      "label_dir": "C:\\Users\\54544\\OneDrive\\Documents\\GitHub\\YOLO_DDS\\Dental OPG XRAY Dataset\\Augmented_Data\\test\\labels",
      "num_images": 23,
      "total_valid_boxes": 102,
      "invalid_boxes": 0,
      "per_class_counts": [
        26,
        5,
        12,
        0,
        5,
        54
      ],
      "boxes_per_image": {
        "min": 2,
        "max": 9,
        "mean": 4.434782608695652
      }
    }
  },
  "val_debug_batch": {
    "images": [
      {
        "image_id": "105_jpg.rf.fc10e27e37bdacf62e154171aa518d6a",
        "orig_size": [
          640,
          315
        ],
        "num_gt": 3,
        "num_pred_val_thresh": 17,
        "avg_obj_logit": -5.717267036437988,
        "num_pred_low_thresh": 30,
        "pred_to_gt_iou_mean": 0.077977254986763,
        "gt_to_pred_iou_mean": 0.747615396976471
      },
      {
        "image_id": "122_jpg.rf.7668820b59771bafa96b99ba5411b121",
        "orig_size": [
          640,
          311
        ],
        "num_gt": 7,
        "num_pred_val_thresh": 4,
        "avg_obj_logit": -5.772929668426514,
        "num_pred_low_thresh": 30,
        "pred_to_gt_iou_mean": 0.26199543476104736,
        "gt_to_pred_iou_mean": 0.6794558167457581
      },
      {
        "image_id": "130_jpg.rf.f26cfd39dad7baef3d90c6f98aaa23ab",
        "orig_size": [
          640,
          278
        ],
        "num_gt": 2,
        "num_pred_val_thresh": 8,
        "avg_obj_logit": -5.726141929626465,
        "num_pred_low_thresh": 30,
        "pred_to_gt_iou_mean": 0.06571518629789352,
        "gt_to_pred_iou_mean": 0.7132426500320435
      },
      {
        "image_id": "141_jpg.rf.a7d2f07e8fbc3051dd3f306d89babea4",
        "orig_size": [
          640,
          312
        ],
        "num_gt": 2,
        "num_pred_val_thresh": 11,
        "avg_obj_logit": -5.68962287902832,
        "num_pred_low_thresh": 30,
        "pred_to_gt_iou_mean": 0.05478711798787117,
        "gt_to_pred_iou_mean": 0.6600473523139954
      }
    ]
  }
}