{
  "epoch": 18,
  "train_loss": 0.23013418103967395,
  "val_loss": 1.037801484266917,
  "train_pos_per_image": 10.1,
  "val_pos_per_image": 4.958333333333333,
  "metrics": {
    "mAP": 0.11577204614877701,
    "per_class_ap": {
      "0": 0.04741201177239418,
      "1": 0.0,
      "2": 0.4603937566280365,
      "3": 0.0,
      "4": 0.01587301678955555,
      "5": 0.17095351219177246
    },
    "per_class_counts": {
      "0": {
        "gt": 14,
        "pred": 27,
        "tp": 3,
        "fp": 24,
        "final_recall": 0.2142857164144516,
        "final_precision": 0.1111111119389534
      },
      "2": {
        "gt": 18,
        "pred": 22,
        "tp": 12,
        "fp": 10,
        "final_recall": 0.6666666865348816,
        "final_precision": 0.5454545617103577
      },
      "4": {
        "gt": 9,
        "pred": 7,
        "tp": 1,
        "fp": 6,
        "final_recall": 0.1111111119389534,
        "final_precision": 0.1428571492433548
      },
      "5": {
        "gt": 67,
        "pred": 271,
        "tp": 44,
        "fp": 227,
        "final_recall": 0.6567164063453674,
        "final_precision": 0.16236162185668945
      }
    },
    "mean_iou": 0.7227269961283758
  },
  "label_stats": {
    "train": {
      "label_dir": "C:\\Users\\54544\\OneDrive\\Documents\\GitHub\\YOLO_DDS\\Dental OPG XRAY Dataset\\Augmented_Data\\train\\labels",
      "num_images": 558,
      "total_valid_boxes": 5642,
      "invalid_boxes": 0,
      "per_class_counts": [
        853,
        172,
        729,
        69,
        526,
        3293
      ],
      "boxes_per_image": {
        "min": 1,
        "max": 25,
        "mean": 10.11111111111111
      }
    },
    "valid": {
      "label_dir": "C:\\Users\\54544\\OneDrive\\Documents\\GitHub\\YOLO_DDS\\Dental OPG XRAY Dataset\\Augmented_Data\\valid\\labels",
      "num_images": 23,
      "total_valid_boxes": 115,
      "invalid_boxes": 0,
      "per_class_counts": [
        14,
        4,
        18,
        3,
        9,
        67
      ],
      "boxes_per_image": {
        "min": 1,
        "max": 10,
        "mean": 5.0
      }
    },
    "test": {
      "label_dir": "C:\\Users\\54544\\OneDrive\\Documents\\GitHub\\YOLO_DDS\\Dental OPG XRAY Dataset\\Augmented_Data\\test\\labels",
      "num_images": 23,
      "total_valid_boxes": 102,
      "invalid_boxes": 0,
      "per_class_counts": [
        26,
        5,
        12,
        0,
        5,
        54
      ],
      "boxes_per_image": {
        "min": 2,
        "max": 9,
        "mean": 4.434782608695652
      }
    }
  },
  "val_debug_batch": {
    "images": [
      {
        "image_id": "105_jpg.rf.fc10e27e37bdacf62e154171aa518d6a",
        "orig_size": [
          640,
          315
        ],
        "num_gt": 3,
        "num_pred_val_thresh": 20,
        "avg_obj_logit": -5.7309441566467285,
        "num_pred_low_thresh": 30,
        "pred_to_gt_iou_mean": 0.10018742084503174,
        "gt_to_pred_iou_mean": 0.8117483258247375
      },
      {
        "image_id": "122_jpg.rf.7668820b59771bafa96b99ba5411b121",
        "orig_size": [
          640,
          311
        ],
        "num_gt": 7,
        "num_pred_val_thresh": 11,
        "avg_obj_logit": -5.797179222106934,
        "num_pred_low_thresh": 30,
        "pred_to_gt_iou_mean": 0.25700807571411133,
        "gt_to_pred_iou_mean": 0.6807692646980286
      },
      {
        "image_id": "130_jpg.rf.f26cfd39dad7baef3d90c6f98aaa23ab",
        "orig_size": [
          640,
          278
        ],
        "num_gt": 2,
        "num_pred_val_thresh": 12,
        "avg_obj_logit": -5.745315074920654,
        "num_pred_low_thresh": 30,
        "pred_to_gt_iou_mean": 0.0608757920563221,
        "gt_to_pred_iou_mean": 0.6232335567474365
      },
      {
        "image_id": "141_jpg.rf.a7d2f07e8fbc3051dd3f306d89babea4",
        "orig_size": [
          640,
          312
        ],
        "num_gt": 2,
        "num_pred_val_thresh": 10,
        "avg_obj_logit": -5.7122321128845215,
        "num_pred_low_thresh": 30,
        "pred_to_gt_iou_mean": 0.078091099858284,
        "gt_to_pred_iou_mean": 0.7374910116195679
      }
    ]
  }
}