{
  "epoch": 3,
  "train_loss": 0.8006455787590572,
  "val_loss": 1.143048455317815,
  "train_pos_per_image": 10.105357142857143,
  "val_pos_per_image": 4.958333333333333,
  "metrics": {
    "mAP": 0.02779819630086422,
    "per_class_ap": {
      "0": 0.0357142873108387,
      "1": 0.0,
      "2": 0.1031746119260788,
      "3": 0.0,
      "4": 0.0,
      "5": 0.027900271117687225
    },
    "per_class_counts": {
      "0": {
        "gt": 14,
        "pred": 15,
        "tp": 1,
        "fp": 14,
        "final_recall": 0.0714285746216774,
        "final_precision": 0.06666667014360428
      },
      "2": {
        "gt": 18,
        "pred": 7,
        "tp": 3,
        "fp": 4,
        "final_recall": 0.1666666716337204,
        "final_precision": 0.4285714328289032
      },
      "5": {
        "gt": 67,
        "pred": 30,
        "tp": 4,
        "fp": 26,
        "final_recall": 0.05970149114727974,
        "final_precision": 0.13333334028720856
      }
    },
    "mean_iou": 0.6550601661205292
  },
  "label_stats": {
    "train": {
      "label_dir": "C:\\Users\\54544\\OneDrive\\Documents\\GitHub\\YOLO_DDS\\Dental OPG XRAY Dataset\\Augmented_Data\\train\\labels",
      "num_images": 558,
      "total_valid_boxes": 5642,
      "invalid_boxes": 0,
      "per_class_counts": [
        853,
        172,
        729,
        69,
        526,
        3293
      ],
      "boxes_per_image": {
        "min": 1,
        "max": 25,
        "mean": 10.11111111111111
      }
    },
    "valid": {
      "label_dir": "C:\\Users\\54544\\OneDrive\\Documents\\GitHub\\YOLO_DDS\\Dental OPG XRAY Dataset\\Augmented_Data\\valid\\labels",
      "num_images": 23,
      "total_valid_boxes": 115,
      "invalid_boxes": 0,
      "per_class_counts": [
        14,
        4,
        18,
        3,
        9,
        67
      ],
      "boxes_per_image": {
        "min": 1,
        "max": 10,
        "mean": 5.0
      }
    },
    "test": {
      "label_dir": "C:\\Users\\54544\\OneDrive\\Documents\\GitHub\\YOLO_DDS\\Dental OPG XRAY Dataset\\Augmented_Data\\test\\labels",
      "num_images": 23,
      "total_valid_boxes": 102,
      "invalid_boxes": 0,
      "per_class_counts": [
        26,
        5,
        12,
        0,
        5,
        54
      ],
      "boxes_per_image": {
        "min": 2,
        "max": 9,
        "mean": 4.434782608695652
      }
    }
  },
  "val_debug_batch": {
    "images": [
      {
        "image_id": "105_jpg.rf.fc10e27e37bdacf62e154171aa518d6a",
        "orig_size": [
          640,
          315
        ],
        "num_gt": 3,
        "num_pred_val_thresh": 7,
        "avg_obj_logit": -4.745726585388184,
        "num_pred_low_thresh": 30,
        "pred_to_gt_iou_mean": 0.14932484924793243,
        "gt_to_pred_iou_mean": 0.6905748844146729
      },
      {
        "image_id": "122_jpg.rf.7668820b59771bafa96b99ba5411b121",
        "orig_size": [
          640,
          311
        ],
        "num_gt": 7,
        "num_pred_val_thresh": 2,
        "avg_obj_logit": -4.767208099365234,
        "num_pred_low_thresh": 30,
        "pred_to_gt_iou_mean": 0.19620974361896515,
        "gt_to_pred_iou_mean": 0.4419110119342804
      },
      {
        "image_id": "130_jpg.rf.f26cfd39dad7baef3d90c6f98aaa23ab",
        "orig_size": [
          640,
          278
        ],
        "num_gt": 2,
        "num_pred_val_thresh": 2,
        "avg_obj_logit": -4.813694953918457,
        "num_pred_low_thresh": 30,
        "pred_to_gt_iou_mean": 0.13391871750354767,
        "gt_to_pred_iou_mean": 0.8027057647705078
      },
      {
        "image_id": "141_jpg.rf.a7d2f07e8fbc3051dd3f306d89babea4",
        "orig_size": [
          640,
          312
        ],
        "num_gt": 2,
        "num_pred_val_thresh": 0,
        "avg_obj_logit": -4.733243942260742,
        "num_pred_low_thresh": 30,
        "pred_to_gt_iou_mean": 0.03238006308674812,
        "gt_to_pred_iou_mean": 0.2835591733455658
      }
    ]
  }
}