{
  "epoch": 18,
  "train_loss": 0.21957907538328852,
  "val_loss": 1.0990620056788127,
  "train_pos_per_image": 10.1,
  "val_pos_per_image": 4.958333333333333,
  "metrics": {
    "mAP": 0.12085463851690292,
    "per_class_ap": {
      "0": 0.0535714328289032,
      "1": 0.0,
      "2": 0.45497971773147583,
      "3": 0.0,
      "4": 0.0555555559694767,
      "5": 0.1610211431980133
    },
    "per_class_counts": {
      "0": {
        "gt": 14,
        "pred": 11,
        "tp": 2,
        "fp": 9,
        "final_recall": 0.1428571492433548,
        "final_precision": 0.1818181872367859
      },
      "2": {
        "gt": 18,
        "pred": 26,
        "tp": 10,
        "fp": 16,
        "final_recall": 0.5555555820465088,
        "final_precision": 0.38461539149284363
      },
      "4": {
        "gt": 9,
        "pred": 3,
        "tp": 1,
        "fp": 2,
        "final_recall": 0.1111111119389534,
        "final_precision": 0.3333333432674408
      },
      "5": {
        "gt": 67,
        "pred": 311,
        "tp": 48,
        "fp": 263,
        "final_recall": 0.7164179086685181,
        "final_precision": 0.15434083342552185
      }
    },
    "mean_iou": 0.7200508705083875
  },
  "label_stats": {
    "train": {
      "label_dir": "C:\\Users\\54544\\OneDrive\\Documents\\GitHub\\YOLO_DDS\\Dental OPG XRAY Dataset\\Augmented_Data\\train\\labels",
      "num_images": 558,
      "total_valid_boxes": 5642,
      "invalid_boxes": 0,
      "per_class_counts": [
        853,
        172,
        729,
        69,
        526,
        3293
      ],
      "boxes_per_image": {
        "min": 1,
        "max": 25,
        "mean": 10.11111111111111
      }
    },
    "valid": {
      "label_dir": "C:\\Users\\54544\\OneDrive\\Documents\\GitHub\\YOLO_DDS\\Dental OPG XRAY Dataset\\Augmented_Data\\valid\\labels",
      "num_images": 23,
      "total_valid_boxes": 115,
      "invalid_boxes": 0,
      "per_class_counts": [
        14,
        4,
        18,
        3,
        9,
        67
      ],
      "boxes_per_image": {
        "min": 1,
        "max": 10,
        "mean": 5.0
      }
    },
    "test": {
      "label_dir": "C:\\Users\\54544\\OneDrive\\Documents\\GitHub\\YOLO_DDS\\Dental OPG XRAY Dataset\\Augmented_Data\\test\\labels",
      "num_images": 23,
      "total_valid_boxes": 102,
      "invalid_boxes": 0,
      "per_class_counts": [
        26,
        5,
        12,
        0,
        5,
        54
      ],
      "boxes_per_image": {
        "min": 2,
        "max": 9,
        "mean": 4.434782608695652
      }
    }
  },
  "val_debug_batch": {
    "images": [
      {
        "image_id": "105_jpg.rf.fc10e27e37bdacf62e154171aa518d6a",
        "orig_size": [
          640,
          315
        ],
        "num_gt": 3,
        "num_pred_val_thresh": 13,
        "avg_obj_logit": -5.668245792388916,
        "num_pred_low_thresh": 30,
        "pred_to_gt_iou_mean": 0.09153144061565399,
        "gt_to_pred_iou_mean": 0.82320636510849
      },
      {
        "image_id": "122_jpg.rf.7668820b59771bafa96b99ba5411b121",
        "orig_size": [
          640,
          311
        ],
        "num_gt": 7,
        "num_pred_val_thresh": 9,
        "avg_obj_logit": -5.736138820648193,
        "num_pred_low_thresh": 30,
        "pred_to_gt_iou_mean": 0.24416522681713104,
        "gt_to_pred_iou_mean": 0.6528291702270508
      },
      {
        "image_id": "130_jpg.rf.f26cfd39dad7baef3d90c6f98aaa23ab",
        "orig_size": [
          640,
          278
        ],
        "num_gt": 2,
        "num_pred_val_thresh": 18,
        "avg_obj_logit": -5.6796793937683105,
        "num_pred_low_thresh": 30,
        "pred_to_gt_iou_mean": 0.07851187139749527,
        "gt_to_pred_iou_mean": 0.7643861770629883
      },
      {
        "image_id": "141_jpg.rf.a7d2f07e8fbc3051dd3f306d89babea4",
        "orig_size": [
          640,
          312
        ],
        "num_gt": 2,
        "num_pred_val_thresh": 11,
        "avg_obj_logit": -5.706190586090088,
        "num_pred_low_thresh": 30,
        "pred_to_gt_iou_mean": 0.08805158734321594,
        "gt_to_pred_iou_mean": 0.6705072522163391
      }
    ]
  }
}