{
  "epoch": 15,
  "train_loss": 0.25560231847422465,
  "val_loss": 0.9796906212965647,
  "train_pos_per_image": 10.105357142857143,
  "val_pos_per_image": 4.958333333333333,
  "metrics": {
    "mAP": 0.09008956700563431,
    "per_class_ap": {
      "0": 0.0714285746216774,
      "1": 0.0,
      "2": 0.3514310121536255,
      "3": 0.0,
      "4": 0.02222222276031971,
      "5": 0.09545561671257019
    },
    "per_class_counts": {
      "0": {
        "gt": 14,
        "pred": 20,
        "tp": 1,
        "fp": 19,
        "final_recall": 0.0714285746216774,
        "final_precision": 0.05000000074505806
      },
      "2": {
        "gt": 18,
        "pred": 19,
        "tp": 9,
        "fp": 10,
        "final_recall": 0.5,
        "final_precision": 0.4736842215061188
      },
      "4": {
        "gt": 9,
        "pred": 6,
        "tp": 1,
        "fp": 5,
        "final_recall": 0.1111111119389534,
        "final_precision": 0.1666666716337204
      },
      "5": {
        "gt": 67,
        "pred": 166,
        "tp": 25,
        "fp": 141,
        "final_recall": 0.3731343150138855,
        "final_precision": 0.15060241520404816
      }
    },
    "mean_iou": 0.7069911241531373
  },
  "label_stats": {
    "train": {
      "label_dir": "C:\\Users\\54544\\OneDrive\\Documents\\GitHub\\YOLO_DDS\\Dental OPG XRAY Dataset\\Augmented_Data\\train\\labels",
      "num_images": 558,
      "total_valid_boxes": 5642,
      "invalid_boxes": 0,
      "per_class_counts": [
        853,
        172,
        729,
        69,
        526,
        3293
      ],
      "boxes_per_image": {
        "min": 1,
        "max": 25,
        "mean": 10.11111111111111
      }
    },
    "valid": {
      "label_dir": "C:\\Users\\54544\\OneDrive\\Documents\\GitHub\\YOLO_DDS\\Dental OPG XRAY Dataset\\Augmented_Data\\valid\\labels",
      "num_images": 23,
      "total_valid_boxes": 115,
      "invalid_boxes": 0,
      "per_class_counts": [
        14,
        4,
        18,
        3,
        9,
        67
      ],
      "boxes_per_image": {
        "min": 1,
        "max": 10,
        "mean": 5.0
      }
    },
    "test": {
      "label_dir": "C:\\Users\\54544\\OneDrive\\Documents\\GitHub\\YOLO_DDS\\Dental OPG XRAY Dataset\\Augmented_Data\\test\\labels",
      "num_images": 23,
      "total_valid_boxes": 102,
      "invalid_boxes": 0,
      "per_class_counts": [
        26,
        5,
        12,
        0,
        5,
        54
      ],
      "boxes_per_image": {
        "min": 2,
        "max": 9,
        "mean": 4.434782608695652
      }
    }
  },
  "val_debug_batch": {
    "images": [
      {
        "image_id": "105_jpg.rf.fc10e27e37bdacf62e154171aa518d6a",
        "orig_size": [
          640,
          315
        ],
        "num_gt": 3,
        "num_pred_val_thresh": 8,
        "avg_obj_logit": -5.650779724121094,
        "num_pred_low_thresh": 30,
        "pred_to_gt_iou_mean": 0.08759216964244843,
        "gt_to_pred_iou_mean": 0.5311225056648254
      },
      {
        "image_id": "122_jpg.rf.7668820b59771bafa96b99ba5411b121",
        "orig_size": [
          640,
          311
        ],
        "num_gt": 7,
        "num_pred_val_thresh": 4,
        "avg_obj_logit": -5.744708061218262,
        "num_pred_low_thresh": 30,
        "pred_to_gt_iou_mean": 0.2680482268333435,
        "gt_to_pred_iou_mean": 0.6275162696838379
      },
      {
        "image_id": "130_jpg.rf.f26cfd39dad7baef3d90c6f98aaa23ab",
        "orig_size": [
          640,
          278
        ],
        "num_gt": 2,
        "num_pred_val_thresh": 14,
        "avg_obj_logit": -5.660488605499268,
        "num_pred_low_thresh": 30,
        "pred_to_gt_iou_mean": 0.07371757924556732,
        "gt_to_pred_iou_mean": 0.7814656496047974
      },
      {
        "image_id": "141_jpg.rf.a7d2f07e8fbc3051dd3f306d89babea4",
        "orig_size": [
          640,
          312
        ],
        "num_gt": 2,
        "num_pred_val_thresh": 7,
        "avg_obj_logit": -5.724609375,
        "num_pred_low_thresh": 30,
        "pred_to_gt_iou_mean": 0.07645595073699951,
        "gt_to_pred_iou_mean": 0.6066112518310547
      }
    ]
  }
}