{
  "epoch": 44,
  "train_loss": 0.08882679933948176,
  "val_loss": 1.0746276875336964,
  "train_pos_per_image": 10.117857142857142,
  "val_pos_per_image": 4.958333333333333,
  "metrics": {
    "mAP": 0.1553981751203537,
    "per_class_ap": {
      "0": 0.08095238357782364,
      "1": 0.0,
      "2": 0.5980898141860962,
      "3": 0.0,
      "4": 0.09259259700775146,
      "5": 0.16075429320335388
    },
    "per_class_counts": {
      "0": {
        "gt": 14,
        "pred": 22,
        "tp": 2,
        "fp": 20,
        "final_recall": 0.1428571492433548,
        "final_precision": 0.09090909361839294
      },
      "2": {
        "gt": 18,
        "pred": 29,
        "tp": 13,
        "fp": 16,
        "final_recall": 0.7222222089767456,
        "final_precision": 0.4482758641242981
      },
      "4": {
        "gt": 9,
        "pred": 9,
        "tp": 2,
        "fp": 7,
        "final_recall": 0.2222222238779068,
        "final_precision": 0.2222222238779068
      },
      "5": {
        "gt": 67,
        "pred": 304,
        "tp": 46,
        "fp": 258,
        "final_recall": 0.6865671873092651,
        "final_precision": 0.15131579339504242
      }
    },
    "mean_iou": 0.733214622652027
  },
  "label_stats": {
    "train": {
      "label_dir": "C:\\Users\\54544\\OneDrive\\Documents\\GitHub\\YOLO_DDS\\Dental OPG XRAY Dataset\\Augmented_Data\\train\\labels",
      "num_images": 558,
      "total_valid_boxes": 5642,
      "invalid_boxes": 0,
      "per_class_counts": [
        853,
        172,
        729,
        69,
        526,
        3293
      ],
      "boxes_per_image": {
        "min": 1,
        "max": 25,
        "mean": 10.11111111111111
      }
    },
    "valid": {
      "label_dir": "C:\\Users\\54544\\OneDrive\\Documents\\GitHub\\YOLO_DDS\\Dental OPG XRAY Dataset\\Augmented_Data\\valid\\labels",
      "num_images": 23,
      "total_valid_boxes": 115,
      "invalid_boxes": 0,
      "per_class_counts": [
        14,
        4,
        18,
        3,
        9,
        67
      ],
      "boxes_per_image": {
        "min": 1,
        "max": 10,
        "mean": 5.0
      }
    },
    "test": {
      "label_dir": "C:\\Users\\54544\\OneDrive\\Documents\\GitHub\\YOLO_DDS\\Dental OPG XRAY Dataset\\Augmented_Data\\test\\labels",
      "num_images": 23,
      "total_valid_boxes": 102,
      "invalid_boxes": 0,
      "per_class_counts": [
        26,
        5,
        12,
        0,
        5,
        54
      ],
      "boxes_per_image": {
        "min": 2,
        "max": 9,
        "mean": 4.434782608695652
      }
    }
  },
  "val_debug_batch": {
    "images": [
      {
        "image_id": "105_jpg.rf.fc10e27e37bdacf62e154171aa518d6a",
        "orig_size": [
          640,
          315
        ],
        "num_gt": 3,
        "num_pred_val_thresh": 12,
        "avg_obj_logit": -6.0462965965271,
        "num_pred_low_thresh": 30,
        "pred_to_gt_iou_mean": 0.06938929855823517,
        "gt_to_pred_iou_mean": 0.5798913836479187
      },
      {
        "image_id": "122_jpg.rf.7668820b59771bafa96b99ba5411b121",
        "orig_size": [
          640,
          311
        ],
        "num_gt": 7,
        "num_pred_val_thresh": 10,
        "avg_obj_logit": -6.106644630432129,
        "num_pred_low_thresh": 30,
        "pred_to_gt_iou_mean": 0.2492120862007141,
        "gt_to_pred_iou_mean": 0.6414746642112732
      },
      {
        "image_id": "130_jpg.rf.f26cfd39dad7baef3d90c6f98aaa23ab",
        "orig_size": [
          640,
          278
        ],
        "num_gt": 2,
        "num_pred_val_thresh": 19,
        "avg_obj_logit": -6.048544883728027,
        "num_pred_low_thresh": 30,
        "pred_to_gt_iou_mean": 0.0786418616771698,
        "gt_to_pred_iou_mean": 0.818009614944458
      },
      {
        "image_id": "141_jpg.rf.a7d2f07e8fbc3051dd3f306d89babea4",
        "orig_size": [
          640,
          312
        ],
        "num_gt": 2,
        "num_pred_val_thresh": 12,
        "avg_obj_logit": -6.079153060913086,
        "num_pred_low_thresh": 30,
        "pred_to_gt_iou_mean": 0.07363412529230118,
        "gt_to_pred_iou_mean": 0.6343487501144409
      }
    ]
  }
}