{
  "epoch": 50,
  "train_loss": 0.08331921736576728,
  "val_loss": 1.0695392688115437,
  "train_pos_per_image": 10.085714285714285,
  "val_pos_per_image": 4.958333333333333,
  "metrics": {
    "mAP": 0.16407425701618195,
    "per_class_ap": {
      "0": 0.0892857164144516,
      "1": 0.0,
      "2": 0.6087872385978699,
      "3": 0.0,
      "4": 0.12222222983837128,
      "5": 0.1641504019498825
    },
    "per_class_counts": {
      "0": {
        "gt": 14,
        "pred": 28,
        "tp": 3,
        "fp": 25,
        "final_recall": 0.2142857164144516,
        "final_precision": 0.1071428582072258
      },
      "2": {
        "gt": 18,
        "pred": 33,
        "tp": 13,
        "fp": 20,
        "final_recall": 0.7222222089767456,
        "final_precision": 0.39393940567970276
      },
      "4": {
        "gt": 9,
        "pred": 11,
        "tp": 3,
        "fp": 8,
        "final_recall": 0.3333333432674408,
        "final_precision": 0.27272728085517883
      },
      "5": {
        "gt": 67,
        "pred": 317,
        "tp": 47,
        "fp": 270,
        "final_recall": 0.7014925479888916,
        "final_precision": 0.14826498925685883
      }
    },
    "mean_iou": 0.7314140844989467
  },
  "label_stats": {
    "train": {
      "label_dir": "C:\\Users\\54544\\OneDrive\\Documents\\GitHub\\YOLO_DDS\\Dental OPG XRAY Dataset\\Augmented_Data\\train\\labels",
      "num_images": 558,
      "total_valid_boxes": 5642,
      "invalid_boxes": 0,
      "per_class_counts": [
        853,
        172,
        729,
        69,
        526,
        3293
      ],
      "boxes_per_image": {
        "min": 1,
        "max": 25,
        "mean": 10.11111111111111
      }
    },
    "valid": {
      "label_dir": "C:\\Users\\54544\\OneDrive\\Documents\\GitHub\\YOLO_DDS\\Dental OPG XRAY Dataset\\Augmented_Data\\valid\\labels",
      "num_images": 23,
      "total_valid_boxes": 115,
      "invalid_boxes": 0,
      "per_class_counts": [
        14,
        4,
        18,
        3,
        9,
        67
      ],
      "boxes_per_image": {
        "min": 1,
        "max": 10,
        "mean": 5.0
      }
    },
    "test": {
      "label_dir": "C:\\Users\\54544\\OneDrive\\Documents\\GitHub\\YOLO_DDS\\Dental OPG XRAY Dataset\\Augmented_Data\\test\\labels",
      "num_images": 23,
      "total_valid_boxes": 102,
      "invalid_boxes": 0,
      "per_class_counts": [
        26,
        5,
        12,
        0,
        5,
        54
      ],
      "boxes_per_image": {
        "min": 2,
        "max": 9,
        "mean": 4.434782608695652
      }
    }
  },
  "val_debug_batch": {
    "images": [
      {
        "image_id": "105_jpg.rf.fc10e27e37bdacf62e154171aa518d6a",
        "orig_size": [
          640,
          315
        ],
        "num_gt": 3,
        "num_pred_val_thresh": 12,
        "avg_obj_logit": -6.013218402862549,
        "num_pred_low_thresh": 30,
        "pred_to_gt_iou_mean": 0.06968759745359421,
        "gt_to_pred_iou_mean": 0.584111213684082
      },
      {
        "image_id": "122_jpg.rf.7668820b59771bafa96b99ba5411b121",
        "orig_size": [
          640,
          311
        ],
        "num_gt": 7,
        "num_pred_val_thresh": 12,
        "avg_obj_logit": -6.07291841506958,
        "num_pred_low_thresh": 30,
        "pred_to_gt_iou_mean": 0.2494911253452301,
        "gt_to_pred_iou_mean": 0.6404880285263062
      },
      {
        "image_id": "130_jpg.rf.f26cfd39dad7baef3d90c6f98aaa23ab",
        "orig_size": [
          640,
          278
        ],
        "num_gt": 2,
        "num_pred_val_thresh": 20,
        "avg_obj_logit": -6.013359546661377,
        "num_pred_low_thresh": 30,
        "pred_to_gt_iou_mean": 0.07432101666927338,
        "gt_to_pred_iou_mean": 0.7484757900238037
      },
      {
        "image_id": "141_jpg.rf.a7d2f07e8fbc3051dd3f306d89babea4",
        "orig_size": [
          640,
          312
        ],
        "num_gt": 2,
        "num_pred_val_thresh": 12,
        "avg_obj_logit": -6.043459415435791,
        "num_pred_low_thresh": 30,
        "pred_to_gt_iou_mean": 0.07350682467222214,
        "gt_to_pred_iou_mean": 0.6338991522789001
      }
    ]
  }
}