{
  "epoch": 22,
  "train_loss": 0.19452964514493942,
  "val_loss": 1.0486433903376262,
  "train_pos_per_image": 10.105357142857143,
  "val_pos_per_image": 4.958333333333333,
  "metrics": {
    "mAP": 0.11321059614419937,
    "per_class_ap": {
      "0": 0.035714291036129,
      "1": 0.0,
      "2": 0.4458172917366028,
      "3": 0.0,
      "4": 0.03703703731298447,
      "5": 0.1606949418783188
    },
    "per_class_counts": {
      "0": {
        "gt": 14,
        "pred": 17,
        "tp": 2,
        "fp": 15,
        "final_recall": 0.1428571492433548,
        "final_precision": 0.11764705926179886
      },
      "2": {
        "gt": 18,
        "pred": 26,
        "tp": 13,
        "fp": 13,
        "final_recall": 0.7222222089767456,
        "final_precision": 0.5
      },
      "4": {
        "gt": 9,
        "pred": 3,
        "tp": 1,
        "fp": 2,
        "final_recall": 0.1111111119389534,
        "final_precision": 0.3333333432674408
      },
      "5": {
        "gt": 67,
        "pred": 209,
        "tp": 37,
        "fp": 172,
        "final_recall": 0.5522388219833374,
        "final_precision": 0.17703349888324738
      }
    },
    "mean_iou": 0.7275941873851576
  },
  "label_stats": {
    "train": {
      "label_dir": "C:\\Users\\54544\\OneDrive\\Documents\\GitHub\\YOLO_DDS\\Dental OPG XRAY Dataset\\Augmented_Data\\train\\labels",
      "num_images": 558,
      "total_valid_boxes": 5642,
      "invalid_boxes": 0,
      "per_class_counts": [
        853,
        172,
        729,
        69,
        526,
        3293
      ],
      "boxes_per_image": {
        "min": 1,
        "max": 25,
        "mean": 10.11111111111111
      }
    },
    "valid": {
      "label_dir": "C:\\Users\\54544\\OneDrive\\Documents\\GitHub\\YOLO_DDS\\Dental OPG XRAY Dataset\\Augmented_Data\\valid\\labels",
      "num_images": 23,
      "total_valid_boxes": 115,
      "invalid_boxes": 0,
      "per_class_counts": [
        14,
        4,
        18,
        3,
        9,
        67
      ],
      "boxes_per_image": {
        "min": 1,
        "max": 10,
        "mean": 5.0
      }
    },
    "test": {
      "label_dir": "C:\\Users\\54544\\OneDrive\\Documents\\GitHub\\YOLO_DDS\\Dental OPG XRAY Dataset\\Augmented_Data\\test\\labels",
      "num_images": 23,
      "total_valid_boxes": 102,
      "invalid_boxes": 0,
      "per_class_counts": [
        26,
        5,
        12,
        0,
        5,
        54
      ],
      "boxes_per_image": {
        "min": 2,
        "max": 9,
        "mean": 4.434782608695652
      }
    }
  },
  "val_debug_batch": {
    "images": [
      {
        "image_id": "105_jpg.rf.fc10e27e37bdacf62e154171aa518d6a",
        "orig_size": [
          640,
          315
        ],
        "num_gt": 3,
        "num_pred_val_thresh": 12,
        "avg_obj_logit": -5.844745635986328,
        "num_pred_low_thresh": 30,
        "pred_to_gt_iou_mean": 0.1325172781944275,
        "gt_to_pred_iou_mean": 0.7872694134712219
      },
      {
        "image_id": "122_jpg.rf.7668820b59771bafa96b99ba5411b121",
        "orig_size": [
          640,
          311
        ],
        "num_gt": 7,
        "num_pred_val_thresh": 7,
        "avg_obj_logit": -5.945333003997803,
        "num_pred_low_thresh": 30,
        "pred_to_gt_iou_mean": 0.28057947754859924,
        "gt_to_pred_iou_mean": 0.713085949420929
      },
      {
        "image_id": "130_jpg.rf.f26cfd39dad7baef3d90c6f98aaa23ab",
        "orig_size": [
          640,
          278
        ],
        "num_gt": 2,
        "num_pred_val_thresh": 9,
        "avg_obj_logit": -5.842031955718994,
        "num_pred_low_thresh": 30,
        "pred_to_gt_iou_mean": 0.07099229842424393,
        "gt_to_pred_iou_mean": 0.7439678907394409
      },
      {
        "image_id": "141_jpg.rf.a7d2f07e8fbc3051dd3f306d89babea4",
        "orig_size": [
          640,
          312
        ],
        "num_gt": 2,
        "num_pred_val_thresh": 13,
        "avg_obj_logit": -5.864799976348877,
        "num_pred_low_thresh": 30,
        "pred_to_gt_iou_mean": 0.06289006024599075,
        "gt_to_pred_iou_mean": 0.6897134780883789
      }
    ]
  }
}