{
  "epoch": 27,
  "train_loss": 0.16072201867188726,
  "val_loss": 1.0431044499079387,
  "train_pos_per_image": 10.114285714285714,
  "val_pos_per_image": 4.958333333333333,
  "metrics": {
    "mAP": 0.14695778489112854,
    "per_class_ap": {
      "0": 0.09750567376613617,
      "1": 0.0,
      "2": 0.480651319026947,
      "3": 0.0,
      "4": 0.1428571492433548,
      "5": 0.16073258221149445
    },
    "per_class_counts": {
      "0": {
        "gt": 14,
        "pred": 23,
        "tp": 3,
        "fp": 20,
        "final_recall": 0.2142857164144516,
        "final_precision": 0.1304347813129425
      },
      "2": {
        "gt": 18,
        "pred": 30,
        "tp": 10,
        "fp": 20,
        "final_recall": 0.5555555820465088,
        "final_precision": 0.3333333432674408
      },
      "4": {
        "gt": 9,
        "pred": 8,
        "tp": 2,
        "fp": 6,
        "final_recall": 0.2222222238779068,
        "final_precision": 0.25
      },
      "5": {
        "gt": 67,
        "pred": 300,
        "tp": 46,
        "fp": 254,
        "final_recall": 0.6865671873092651,
        "final_precision": 0.15333333611488342
      }
    },
    "mean_iou": 0.7260659250660219
  },
  "label_stats": {
    "train": {
      "label_dir": "C:\\Users\\54544\\OneDrive\\Documents\\GitHub\\YOLO_DDS\\Dental OPG XRAY Dataset\\Augmented_Data\\train\\labels",
      "num_images": 558,
      "total_valid_boxes": 5642,
      "invalid_boxes": 0,
      "per_class_counts": [
        853,
        172,
        729,
        69,
        526,
        3293
      ],
      "boxes_per_image": {
        "min": 1,
        "max": 25,
        "mean": 10.11111111111111
      }
    },
    "valid": {
      "label_dir": "C:\\Users\\54544\\OneDrive\\Documents\\GitHub\\YOLO_DDS\\Dental OPG XRAY Dataset\\Augmented_Data\\valid\\labels",
      "num_images": 23,
      "total_valid_boxes": 115,
      "invalid_boxes": 0,
      "per_class_counts": [
        14,
        4,
        18,
        3,
        9,
        67
      ],
      "boxes_per_image": {
        "min": 1,
        "max": 10,
        "mean": 5.0
      }
    },
    "test": {
      "label_dir": "C:\\Users\\54544\\OneDrive\\Documents\\GitHub\\YOLO_DDS\\Dental OPG XRAY Dataset\\Augmented_Data\\test\\labels",
      "num_images": 23,
      "total_valid_boxes": 102,
      "invalid_boxes": 0,
      "per_class_counts": [
        26,
        5,
        12,
        0,
        5,
        54
      ],
      "boxes_per_image": {
        "min": 2,
        "max": 9,
        "mean": 4.434782608695652
      }
    }
  },
  "val_debug_batch": {
    "images": [
      {
        "image_id": "105_jpg.rf.fc10e27e37bdacf62e154171aa518d6a",
        "orig_size": [
          640,
          315
        ],
        "num_gt": 3,
        "num_pred_val_thresh": 14,
        "avg_obj_logit": -5.934010028839111,
        "num_pred_low_thresh": 30,
        "pred_to_gt_iou_mean": 0.0695803239941597,
        "gt_to_pred_iou_mean": 0.5655964612960815
      },
      {
        "image_id": "122_jpg.rf.7668820b59771bafa96b99ba5411b121",
        "orig_size": [
          640,
          311
        ],
        "num_gt": 7,
        "num_pred_val_thresh": 9,
        "avg_obj_logit": -6.004624843597412,
        "num_pred_low_thresh": 30,
        "pred_to_gt_iou_mean": 0.2618827223777771,
        "gt_to_pred_iou_mean": 0.6342453956604004
      },
      {
        "image_id": "130_jpg.rf.f26cfd39dad7baef3d90c6f98aaa23ab",
        "orig_size": [
          640,
          278
        ],
        "num_gt": 2,
        "num_pred_val_thresh": 19,
        "avg_obj_logit": -5.951717853546143,
        "num_pred_low_thresh": 30,
        "pred_to_gt_iou_mean": 0.07490482181310654,
        "gt_to_pred_iou_mean": 0.8168065547943115
      },
      {
        "image_id": "141_jpg.rf.a7d2f07e8fbc3051dd3f306d89babea4",
        "orig_size": [
          640,
          312
        ],
        "num_gt": 2,
        "num_pred_val_thresh": 12,
        "avg_obj_logit": -5.9648871421813965,
        "num_pred_low_thresh": 30,
        "pred_to_gt_iou_mean": 0.07118546962738037,
        "gt_to_pred_iou_mean": 0.6267842054367065
      }
    ]
  }
}