{
  "epoch": 20,
  "train_loss": 0.20910586480583462,
  "val_loss": 1.0543366074562073,
  "train_pos_per_image": 10.110714285714286,
  "val_pos_per_image": 4.958333333333333,
  "metrics": {
    "mAP": 0.1124676987528801,
    "per_class_ap": {
      "0": 0.03333333879709244,
      "1": 0.0,
      "2": 0.46663665771484375,
      "3": 0.0,
      "4": 0.03703703731298447,
      "5": 0.13779915869235992
    },
    "per_class_counts": {
      "0": {
        "gt": 14,
        "pred": 20,
        "tp": 2,
        "fp": 18,
        "final_recall": 0.1428571492433548,
        "final_precision": 0.10000000149011612
      },
      "2": {
        "gt": 18,
        "pred": 29,
        "tp": 11,
        "fp": 18,
        "final_recall": 0.6111111044883728,
        "final_precision": 0.37931033968925476
      },
      "4": {
        "gt": 9,
        "pred": 3,
        "tp": 1,
        "fp": 2,
        "final_recall": 0.1111111119389534,
        "final_precision": 0.3333333432674408
      },
      "5": {
        "gt": 67,
        "pred": 233,
        "tp": 38,
        "fp": 195,
        "final_recall": 0.5671641826629639,
        "final_precision": 0.16309012472629547
      }
    },
    "mean_iou": 0.7322984802520881
  },
  "label_stats": {
    "train": {
      "label_dir": "C:\\Users\\54544\\OneDrive\\Documents\\GitHub\\YOLO_DDS\\Dental OPG XRAY Dataset\\Augmented_Data\\train\\labels",
      "num_images": 558,
      "total_valid_boxes": 5642,
      "invalid_boxes": 0,
      "per_class_counts": [
        853,
        172,
        729,
        69,
        526,
        3293
      ],
      "boxes_per_image": {
        "min": 1,
        "max": 25,
        "mean": 10.11111111111111
      }
    },
    "valid": {
      "label_dir": "C:\\Users\\54544\\OneDrive\\Documents\\GitHub\\YOLO_DDS\\Dental OPG XRAY Dataset\\Augmented_Data\\valid\\labels",
      "num_images": 23,
      "total_valid_boxes": 115,
      "invalid_boxes": 0,
      "per_class_counts": [
        14,
        4,
        18,
        3,
        9,
        67
      ],
      "boxes_per_image": {
        "min": 1,
        "max": 10,
        "mean": 5.0
      }
    },
    "test": {
      "label_dir": "C:\\Users\\54544\\OneDrive\\Documents\\GitHub\\YOLO_DDS\\Dental OPG XRAY Dataset\\Augmented_Data\\test\\labels",
      "num_images": 23,
      "total_valid_boxes": 102,
      "invalid_boxes": 0,
      "per_class_counts": [
        26,
        5,
        12,
        0,
        5,
        54
      ],
      "boxes_per_image": {
        "min": 2,
        "max": 9,
        "mean": 4.434782608695652
      }
    }
  },
  "val_debug_batch": {
    "images": [
      {
        "image_id": "105_jpg.rf.fc10e27e37bdacf62e154171aa518d6a",
        "orig_size": [
          640,
          315
        ],
        "num_gt": 3,
        "num_pred_val_thresh": 10,
        "avg_obj_logit": -5.765524387359619,
        "num_pred_low_thresh": 30,
        "pred_to_gt_iou_mean": 0.06505636125802994,
        "gt_to_pred_iou_mean": 0.5909685492515564
      },
      {
        "image_id": "122_jpg.rf.7668820b59771bafa96b99ba5411b121",
        "orig_size": [
          640,
          311
        ],
        "num_gt": 7,
        "num_pred_val_thresh": 5,
        "avg_obj_logit": -5.873157024383545,
        "num_pred_low_thresh": 30,
        "pred_to_gt_iou_mean": 0.2281833440065384,
        "gt_to_pred_iou_mean": 0.6507430672645569
      },
      {
        "image_id": "130_jpg.rf.f26cfd39dad7baef3d90c6f98aaa23ab",
        "orig_size": [
          640,
          278
        ],
        "num_gt": 2,
        "num_pred_val_thresh": 13,
        "avg_obj_logit": -5.787372589111328,
        "num_pred_low_thresh": 30,
        "pred_to_gt_iou_mean": 0.09115631878376007,
        "gt_to_pred_iou_mean": 0.7331035137176514
      },
      {
        "image_id": "141_jpg.rf.a7d2f07e8fbc3051dd3f306d89babea4",
        "orig_size": [
          640,
          312
        ],
        "num_gt": 2,
        "num_pred_val_thresh": 7,
        "avg_obj_logit": -5.83313512802124,
        "num_pred_low_thresh": 30,
        "pred_to_gt_iou_mean": 0.05510086938738823,
        "gt_to_pred_iou_mean": 0.5930230617523193
      }
    ]
  }
}