{
  "epoch": 37,
  "train_loss": 0.11207207829824516,
  "val_loss": 1.0525523622830708,
  "train_pos_per_image": 10.1125,
  "val_pos_per_image": 4.958333333333333,
  "metrics": {
    "mAP": 0.1510544866323471,
    "per_class_ap": {
      "0": 0.05000000447034836,
      "1": 0.0,
      "2": 0.6224989295005798,
      "3": 0.0,
      "4": 0.0634920671582222,
      "5": 0.17033590376377106
    },
    "per_class_counts": {
      "0": {
        "gt": 14,
        "pred": 16,
        "tp": 2,
        "fp": 14,
        "final_recall": 0.1428571492433548,
        "final_precision": 0.125
      },
      "2": {
        "gt": 18,
        "pred": 30,
        "tp": 14,
        "fp": 16,
        "final_recall": 0.7777777910232544,
        "final_precision": 0.46666666865348816
      },
      "4": {
        "gt": 9,
        "pred": 9,
        "tp": 2,
        "fp": 7,
        "final_recall": 0.2222222238779068,
        "final_precision": 0.2222222238779068
      },
      "5": {
        "gt": 67,
        "pred": 292,
        "tp": 47,
        "fp": 245,
        "final_recall": 0.7014925479888916,
        "final_precision": 0.1609589010477066
      }
    },
    "mean_iou": 0.7293223647607697
  },
  "label_stats": {
    "train": {
      "label_dir": "C:\\Users\\54544\\OneDrive\\Documents\\GitHub\\YOLO_DDS\\Dental OPG XRAY Dataset\\Augmented_Data\\train\\labels",
      "num_images": 558,
      "total_valid_boxes": 5642,
      "invalid_boxes": 0,
      "per_class_counts": [
        853,
        172,
        729,
        69,
        526,
        3293
      ],
      "boxes_per_image": {
        "min": 1,
        "max": 25,
        "mean": 10.11111111111111
      }
    },
    "valid": {
      "label_dir": "C:\\Users\\54544\\OneDrive\\Documents\\GitHub\\YOLO_DDS\\Dental OPG XRAY Dataset\\Augmented_Data\\valid\\labels",
      "num_images": 23,
      "total_valid_boxes": 115,
      "invalid_boxes": 0,
      "per_class_counts": [
        14,
        4,
        18,
        3,
        9,
        67
      ],
      "boxes_per_image": {
        "min": 1,
        "max": 10,
        "mean": 5.0
      }
    },
    "test": {
      "label_dir": "C:\\Users\\54544\\OneDrive\\Documents\\GitHub\\YOLO_DDS\\Dental OPG XRAY Dataset\\Augmented_Data\\test\\labels",
      "num_images": 23,
      "total_valid_boxes": 102,
      "invalid_boxes": 0,
      "per_class_counts": [
        26,
        5,
        12,
        0,
        5,
        54
      ],
      "boxes_per_image": {
        "min": 2,
        "max": 9,
        "mean": 4.434782608695652
      }
    }
  },
  "val_debug_batch": {
    "images": [
      {
        "image_id": "105_jpg.rf.fc10e27e37bdacf62e154171aa518d6a",
        "orig_size": [
          640,
          315
        ],
        "num_gt": 3,
        "num_pred_val_thresh": 15,
        "avg_obj_logit": -5.9941887855529785,
        "num_pred_low_thresh": 30,
        "pred_to_gt_iou_mean": 0.09192528575658798,
        "gt_to_pred_iou_mean": 0.813163697719574
      },
      {
        "image_id": "122_jpg.rf.7668820b59771bafa96b99ba5411b121",
        "orig_size": [
          640,
          311
        ],
        "num_gt": 7,
        "num_pred_val_thresh": 11,
        "avg_obj_logit": -6.07076358795166,
        "num_pred_low_thresh": 30,
        "pred_to_gt_iou_mean": 0.27499112486839294,
        "gt_to_pred_iou_mean": 0.6839492917060852
      },
      {
        "image_id": "130_jpg.rf.f26cfd39dad7baef3d90c6f98aaa23ab",
        "orig_size": [
          640,
          278
        ],
        "num_gt": 2,
        "num_pred_val_thresh": 18,
        "avg_obj_logit": -5.975180625915527,
        "num_pred_low_thresh": 30,
        "pred_to_gt_iou_mean": 0.06262922286987305,
        "gt_to_pred_iou_mean": 0.7317816615104675
      },
      {
        "image_id": "141_jpg.rf.a7d2f07e8fbc3051dd3f306d89babea4",
        "orig_size": [
          640,
          312
        ],
        "num_gt": 2,
        "num_pred_val_thresh": 11,
        "avg_obj_logit": -5.9802937507629395,
        "num_pred_low_thresh": 30,
        "pred_to_gt_iou_mean": 0.07287445664405823,
        "gt_to_pred_iou_mean": 0.6635358333587646
      }
    ]
  }
}