{
  "epoch": 21,
  "train_loss": 0.20315611245376722,
  "train_loss_breakdown": {
    "giou": 0.15369329511054924,
    "objectness": 0.03165491654404572,
    "class": 0.017807900067418815
  },
  "val_loss": 1.0065669814745586,
  "val_loss_breakdown": {
    "giou": 0.2887219885985057,
    "objectness": 0.01787405243764321,
    "class": 0.6999709407488505
  },
  "train_pos_per_image": 10.135714285714286,
  "val_pos_per_image": 4.958333333333333,
  "metrics": {
    "mAP": 0.12376102060079575,
    "per_class_ap": {
      "0": 0.07576531171798706,
      "1": 0.0,
      "2": 0.49082890152931213,
      "3": 0.0,
      "4": 0.0555555559694767,
      "5": 0.12041636556386948
    },
    "per_class_counts": {
      "0": {
        "gt": 14,
        "pred": 34,
        "tp": 4,
        "fp": 30,
        "final_recall": 0.2857142984867096,
        "final_precision": 0.11764705926179886
      },
      "2": {
        "gt": 18,
        "pred": 22,
        "tp": 11,
        "fp": 11,
        "final_recall": 0.6111111044883728,
        "final_precision": 0.5
      },
      "4": {
        "gt": 9,
        "pred": 6,
        "tp": 1,
        "fp": 5,
        "final_recall": 0.1111111119389534,
        "final_precision": 0.1666666716337204
      },
      "5": {
        "gt": 67,
        "pred": 292,
        "tp": 40,
        "fp": 252,
        "final_recall": 0.5970149040222168,
        "final_precision": 0.13698630034923553
      }
    },
    "mean_iou": 0.7282860249280929
  },
  "val_confidence": {
    "count": 354,
    "mean": 0.32938599586486816,
    "median": 0.3031027913093567,
    "p90": 0.4943225383758545
  },
  "label_stats": {
    "train": {
      "label_dir": "C:\\Users\\54544\\OneDrive\\Documents\\GitHub\\YOLO_DDS\\Dental OPG XRAY Dataset\\Augmented_Data\\train\\labels",
      "num_images": 558,
      "images_with_no_boxes": 0,
      "total_valid_boxes": 5642,
      "invalid_boxes": 0,
      "per_class_counts": [
        853,
        172,
        729,
        69,
        526,
        3293
      ],
      "per_class_image_freq": [
        392,
        104,
        322,
        58,
        225,
        550
      ],
      "class_presence_ratio": [
        0.7025089605734767,
        0.1863799283154122,
        0.5770609318996416,
        0.1039426523297491,
        0.4032258064516129,
        0.985663082437276
      ],
      "missing_classes": [],
      "class_imbalance_ratio": 47.72463768115942,
      "boxes_per_image": {
        "min": 1,
        "max": 25,
        "mean": 10.11111111111111
      }
    },
    "valid": {
      "label_dir": "C:\\Users\\54544\\OneDrive\\Documents\\GitHub\\YOLO_DDS\\Dental OPG XRAY Dataset\\Augmented_Data\\valid\\labels",
      "num_images": 23,
      "images_with_no_boxes": 0,
      "total_valid_boxes": 115,
      "invalid_boxes": 0,
      "per_class_counts": [
        14,
        4,
        18,
        3,
        9,
        67
      ],
      "per_class_image_freq": [
        8,
        3,
        7,
        3,
        6,
        22
      ],
      "class_presence_ratio": [
        0.34782608695652173,
        0.13043478260869565,
        0.30434782608695654,
        0.13043478260869565,
        0.2608695652173913,
        0.9565217391304348
      ],
      "missing_classes": [],
      "class_imbalance_ratio": 22.333333333333332,
      "boxes_per_image": {
        "min": 1,
        "max": 10,
        "mean": 5.0
      }
    },
    "test": {
      "label_dir": "C:\\Users\\54544\\OneDrive\\Documents\\GitHub\\YOLO_DDS\\Dental OPG XRAY Dataset\\Augmented_Data\\test\\labels",
      "num_images": 23,
      "images_with_no_boxes": 0,
      "total_valid_boxes": 102,
      "invalid_boxes": 0,
      "per_class_counts": [
        26,
        5,
        12,
        0,
        5,
        54
      ],
      "per_class_image_freq": [
        14,
        2,
        7,
        0,
        4,
        23
      ],
      "class_presence_ratio": [
        0.6086956521739131,
        0.08695652173913043,
        0.30434782608695654,
        0.0,
        0.17391304347826086,
        1.0
      ],
      "missing_classes": [
        3
      ],
      "class_imbalance_ratio": 10.8,
      "boxes_per_image": {
        "min": 2,
        "max": 9,
        "mean": 4.434782608695652
      }
    }
  },
  "val_debug_batch": {
    "images": [
      {
        "image_id": "105_jpg.rf.fc10e27e37bdacf62e154171aa518d6a",
        "orig_size": [
          640,
          315
        ],
        "num_gt": 3,
        "num_pred_val_thresh": 14,
        "avg_obj_logit": -5.855578899383545,
        "num_pred_low_thresh": 30,
        "pred_to_gt_iou_mean": 0.08337534219026566,
        "gt_to_pred_iou_mean": 0.8011260628700256
      },
      {
        "image_id": "122_jpg.rf.7668820b59771bafa96b99ba5411b121",
        "orig_size": [
          640,
          311
        ],
        "num_gt": 7,
        "num_pred_val_thresh": 11,
        "avg_obj_logit": -5.925116062164307,
        "num_pred_low_thresh": 30,
        "pred_to_gt_iou_mean": 0.2906549274921417,
        "gt_to_pred_iou_mean": 0.6563563346862793
      },
      {
        "image_id": "130_jpg.rf.f26cfd39dad7baef3d90c6f98aaa23ab",
        "orig_size": [
          640,
          278
        ],
        "num_gt": 2,
        "num_pred_val_thresh": 16,
        "avg_obj_logit": -5.862060070037842,
        "num_pred_low_thresh": 30,
        "pred_to_gt_iou_mean": 0.07417188584804535,
        "gt_to_pred_iou_mean": 0.8121532201766968
      },
      {
        "image_id": "141_jpg.rf.a7d2f07e8fbc3051dd3f306d89babea4",
        "orig_size": [
          640,
          312
        ],
        "num_gt": 2,
        "num_pred_val_thresh": 12,
        "avg_obj_logit": -5.8501973152160645,
        "num_pred_low_thresh": 30,
        "pred_to_gt_iou_mean": 0.07957890629768372,
        "gt_to_pred_iou_mean": 0.7008143067359924
      }
    ]
  }
}