{
  "epoch": 10,
  "train_loss": 0.3341199753539903,
  "val_loss": 1.0275829037030537,
  "train_pos_per_image": 10.103571428571428,
  "val_pos_per_image": 4.958333333333333,
  "metrics": {
    "mAP": 0.08078046888113022,
    "per_class_ap": {
      "0": 0.06527093797922134,
      "1": 0.0,
      "2": 0.28956228494644165,
      "3": 0.0,
      "4": 0.0,
      "5": 0.1298495978116989
    },
    "per_class_counts": {
      "0": {
        "gt": 14,
        "pred": 31,
        "tp": 4,
        "fp": 27,
        "final_recall": 0.2857142984867096,
        "final_precision": 0.12903225421905518
      },
      "2": {
        "gt": 18,
        "pred": 21,
        "tp": 8,
        "fp": 13,
        "final_recall": 0.4444444477558136,
        "final_precision": 0.380952388048172
      },
      "5": {
        "gt": 67,
        "pred": 236,
        "tp": 37,
        "fp": 199,
        "final_recall": 0.5522388219833374,
        "final_precision": 0.15677966177463531
      }
    },
    "mean_iou": 0.688173601844094
  },
  "label_stats": {
    "train": {
      "label_dir": "C:\\Users\\54544\\OneDrive\\Documents\\GitHub\\YOLO_DDS\\Dental OPG XRAY Dataset\\Augmented_Data\\train\\labels",
      "num_images": 558,
      "total_valid_boxes": 5642,
      "invalid_boxes": 0,
      "per_class_counts": [
        853,
        172,
        729,
        69,
        526,
        3293
      ],
      "boxes_per_image": {
        "min": 1,
        "max": 25,
        "mean": 10.11111111111111
      }
    },
    "valid": {
      "label_dir": "C:\\Users\\54544\\OneDrive\\Documents\\GitHub\\YOLO_DDS\\Dental OPG XRAY Dataset\\Augmented_Data\\valid\\labels",
      "num_images": 23,
      "total_valid_boxes": 115,
      "invalid_boxes": 0,
      "per_class_counts": [
        14,
        4,
        18,
        3,
        9,
        67
      ],
      "boxes_per_image": {
        "min": 1,
        "max": 10,
        "mean": 5.0
      }
    },
    "test": {
      "label_dir": "C:\\Users\\54544\\OneDrive\\Documents\\GitHub\\YOLO_DDS\\Dental OPG XRAY Dataset\\Augmented_Data\\test\\labels",
      "num_images": 23,
      "total_valid_boxes": 102,
      "invalid_boxes": 0,
      "per_class_counts": [
        26,
        5,
        12,
        0,
        5,
        54
      ],
      "boxes_per_image": {
        "min": 2,
        "max": 9,
        "mean": 4.434782608695652
      }
    }
  },
  "val_debug_batch": {
    "images": [
      {
        "image_id": "105_jpg.rf.fc10e27e37bdacf62e154171aa518d6a",
        "orig_size": [
          640,
          315
        ],
        "num_gt": 3,
        "num_pred_val_thresh": 14,
        "avg_obj_logit": -5.344232082366943,
        "num_pred_low_thresh": 30,
        "pred_to_gt_iou_mean": 0.08748365938663483,
        "gt_to_pred_iou_mean": 0.5704595446586609
      },
      {
        "image_id": "122_jpg.rf.7668820b59771bafa96b99ba5411b121",
        "orig_size": [
          640,
          311
        ],
        "num_gt": 7,
        "num_pred_val_thresh": 5,
        "avg_obj_logit": -5.4210004806518555,
        "num_pred_low_thresh": 30,
        "pred_to_gt_iou_mean": 0.2662574052810669,
        "gt_to_pred_iou_mean": 0.6083106994628906
      },
      {
        "image_id": "130_jpg.rf.f26cfd39dad7baef3d90c6f98aaa23ab",
        "orig_size": [
          640,
          278
        ],
        "num_gt": 2,
        "num_pred_val_thresh": 20,
        "avg_obj_logit": -5.388845443725586,
        "num_pred_low_thresh": 30,
        "pred_to_gt_iou_mean": 0.10041231662034988,
        "gt_to_pred_iou_mean": 0.8052995204925537
      },
      {
        "image_id": "141_jpg.rf.a7d2f07e8fbc3051dd3f306d89babea4",
        "orig_size": [
          640,
          312
        ],
        "num_gt": 2,
        "num_pred_val_thresh": 10,
        "avg_obj_logit": -5.382641792297363,
        "num_pred_low_thresh": 30,
        "pred_to_gt_iou_mean": 0.05119647458195686,
        "gt_to_pred_iou_mean": 0.5274246335029602
      }
    ]
  }
}