{
  "epoch": 35,
  "train_loss": 0.12516532077320985,
  "val_loss": 1.0879287421703339,
  "train_pos_per_image": 10.103571428571428,
  "val_pos_per_image": 4.958333333333333,
  "metrics": {
    "mAP": 0.11262371391057968,
    "per_class_ap": {
      "0": 0.125,
      "1": 0.0,
      "2": 0.3928571343421936,
      "3": 0.0,
      "4": 0.02777777798473835,
      "5": 0.1301073282957077
    },
    "mean_iou": 0.7406911273156443
  },
  "label_stats": {
    "label_dir": "C:\\Users\\54544\\OneDrive\\Documents\\GitHub\\YOLO_DDS\\Dental OPG XRAY Dataset\\Augmented_Data\\train\\labels",
    "num_images": 558,
    "total_valid_boxes": 5642,
    "invalid_boxes": 0,
    "per_class_counts": [
      853,
      172,
      729,
      69,
      526,
      3293
    ],
    "boxes_per_image": {
      "min": 1,
      "max": 25,
      "mean": 10.11111111111111
    }
  },
  "val_debug_batch": {
    "images": [
      {
        "image_id": "105_jpg.rf.fc10e27e37bdacf62e154171aa518d6a",
        "orig_size": [
          640,
          315
        ],
        "num_gt": 3,
        "num_pred_val_thresh": 16,
        "avg_obj_logit": -5.9731245040893555,
        "num_pred_low_thresh": 30,
        "pred_to_gt_iou_mean": 0.05770197883248329,
        "gt_to_pred_iou_mean": 0.5401614308357239
      },
      {
        "image_id": "122_jpg.rf.7668820b59771bafa96b99ba5411b121",
        "orig_size": [
          640,
          311
        ],
        "num_gt": 7,
        "num_pred_val_thresh": 12,
        "avg_obj_logit": -6.0703654289245605,
        "num_pred_low_thresh": 30,
        "pred_to_gt_iou_mean": 0.23488356173038483,
        "gt_to_pred_iou_mean": 0.6650331616401672
      },
      {
        "image_id": "130_jpg.rf.f26cfd39dad7baef3d90c6f98aaa23ab",
        "orig_size": [
          640,
          278
        ],
        "num_gt": 2,
        "num_pred_val_thresh": 14,
        "avg_obj_logit": -5.978732109069824,
        "num_pred_low_thresh": 30,
        "pred_to_gt_iou_mean": 0.09423282742500305,
        "gt_to_pred_iou_mean": 0.8589750528335571
      },
      {
        "image_id": "141_jpg.rf.a7d2f07e8fbc3051dd3f306d89babea4",
        "orig_size": [
          640,
          312
        ],
        "num_gt": 2,
        "num_pred_val_thresh": 8,
        "avg_obj_logit": -6.032769680023193,
        "num_pred_low_thresh": 30,
        "pred_to_gt_iou_mean": 0.10018409788608551,
        "gt_to_pred_iou_mean": 0.5838159918785095
      }
    ]
  }
}