{
  "epoch": 26,
  "train_loss": 0.16450805493763515,
  "val_loss": 1.0648749669392903,
  "train_pos_per_image": 10.094642857142857,
  "val_pos_per_image": 4.958333333333333,
  "metrics": {
    "mAP": 0.13448721170425415,
    "per_class_ap": {
      "0": 0.0714285746216774,
      "1": 0.0,
      "2": 0.5233954191207886,
      "3": 0.0,
      "4": 0.0555555559694767,
      "5": 0.15654373168945312
    },
    "per_class_counts": {
      "0": {
        "gt": 14,
        "pred": 17,
        "tp": 1,
        "fp": 16,
        "final_recall": 0.0714285746216774,
        "final_precision": 0.05882352963089943
      },
      "2": {
        "gt": 18,
        "pred": 23,
        "tp": 11,
        "fp": 12,
        "final_recall": 0.6111111044883728,
        "final_precision": 0.47826087474823
      },
      "4": {
        "gt": 9,
        "pred": 2,
        "tp": 1,
        "fp": 1,
        "final_recall": 0.1111111119389534,
        "final_precision": 0.5
      },
      "5": {
        "gt": 67,
        "pred": 299,
        "tp": 47,
        "fp": 252,
        "final_recall": 0.7014925479888916,
        "final_precision": 0.15719063580036163
      }
    },
    "mean_iou": 0.7165790296652738
  },
  "label_stats": {
    "train": {
      "label_dir": "C:\\Users\\54544\\OneDrive\\Documents\\GitHub\\YOLO_DDS\\Dental OPG XRAY Dataset\\Augmented_Data\\train\\labels",
      "num_images": 558,
      "total_valid_boxes": 5642,
      "invalid_boxes": 0,
      "per_class_counts": [
        853,
        172,
        729,
        69,
        526,
        3293
      ],
      "boxes_per_image": {
        "min": 1,
        "max": 25,
        "mean": 10.11111111111111
      }
    },
    "valid": {
      "label_dir": "C:\\Users\\54544\\OneDrive\\Documents\\GitHub\\YOLO_DDS\\Dental OPG XRAY Dataset\\Augmented_Data\\valid\\labels",
      "num_images": 23,
      "total_valid_boxes": 115,
      "invalid_boxes": 0,
      "per_class_counts": [
        14,
        4,
        18,
        3,
        9,
        67
      ],
      "boxes_per_image": {
        "min": 1,
        "max": 10,
        "mean": 5.0
      }
    },
    "test": {
      "label_dir": "C:\\Users\\54544\\OneDrive\\Documents\\GitHub\\YOLO_DDS\\Dental OPG XRAY Dataset\\Augmented_Data\\test\\labels",
      "num_images": 23,
      "total_valid_boxes": 102,
      "invalid_boxes": 0,
      "per_class_counts": [
        26,
        5,
        12,
        0,
        5,
        54
      ],
      "boxes_per_image": {
        "min": 2,
        "max": 9,
        "mean": 4.434782608695652
      }
    }
  },
  "val_debug_batch": {
    "images": [
      {
        "image_id": "105_jpg.rf.fc10e27e37bdacf62e154171aa518d6a",
        "orig_size": [
          640,
          315
        ],
        "num_gt": 3,
        "num_pred_val_thresh": 17,
        "avg_obj_logit": -5.948237419128418,
        "num_pred_low_thresh": 30,
        "pred_to_gt_iou_mean": 0.06222517415881157,
        "gt_to_pred_iou_mean": 0.543955385684967
      },
      {
        "image_id": "122_jpg.rf.7668820b59771bafa96b99ba5411b121",
        "orig_size": [
          640,
          311
        ],
        "num_gt": 7,
        "num_pred_val_thresh": 8,
        "avg_obj_logit": -6.0064778327941895,
        "num_pred_low_thresh": 30,
        "pred_to_gt_iou_mean": 0.23463481664657593,
        "gt_to_pred_iou_mean": 0.6333581805229187
      },
      {
        "image_id": "130_jpg.rf.f26cfd39dad7baef3d90c6f98aaa23ab",
        "orig_size": [
          640,
          278
        ],
        "num_gt": 2,
        "num_pred_val_thresh": 19,
        "avg_obj_logit": -5.948439121246338,
        "num_pred_low_thresh": 30,
        "pred_to_gt_iou_mean": 0.07890451699495316,
        "gt_to_pred_iou_mean": 0.7882413268089294
      },
      {
        "image_id": "141_jpg.rf.a7d2f07e8fbc3051dd3f306d89babea4",
        "orig_size": [
          640,
          312
        ],
        "num_gt": 2,
        "num_pred_val_thresh": 12,
        "avg_obj_logit": -5.987825393676758,
        "num_pred_low_thresh": 30,
        "pred_to_gt_iou_mean": 0.07696826756000519,
        "gt_to_pred_iou_mean": 0.5881689190864563
      }
    ]
  }
}