{
  "epoch": 29,
  "train_loss": 0.15587660260498523,
  "train_loss_breakdown": {
    "giou": 0.11434484150792872,
    "objectness": 0.029686825150357827,
    "class": 0.011844935520951236
  },
  "val_loss": 1.0260612964630127,
  "val_loss_breakdown": {
    "giou": 0.27215656638145447,
    "objectness": 0.017050635690490406,
    "class": 0.7368540912866592
  },
  "train_pos_per_image": 10.1125,
  "val_pos_per_image": 4.958333333333333,
  "metrics": {
    "mAP": 0.12982194125652313,
    "per_class_ap": {
      "0": 0.0714285746216774,
      "1": 0.0,
      "2": 0.5233466029167175,
      "3": 0.0,
      "4": 0.0555555559694767,
      "5": 0.1286008656024933
    },
    "per_class_counts": {
      "0": {
        "gt": 14,
        "pred": 21,
        "tp": 3,
        "fp": 18,
        "final_recall": 0.2142857164144516,
        "final_precision": 0.1428571492433548
      },
      "2": {
        "gt": 18,
        "pred": 20,
        "tp": 12,
        "fp": 8,
        "final_recall": 0.6666666865348816,
        "final_precision": 0.6000000238418579
      },
      "4": {
        "gt": 9,
        "pred": 3,
        "tp": 1,
        "fp": 2,
        "final_recall": 0.1111111119389534,
        "final_precision": 0.3333333432674408
      },
      "5": {
        "gt": 67,
        "pred": 242,
        "tp": 37,
        "fp": 205,
        "final_recall": 0.5522388219833374,
        "final_precision": 0.1528925597667694
      }
    },
    "mean_iou": 0.7355790493781107
  },
  "val_confidence": {
    "count": 286,
    "mean": 0.32439443469047546,
    "median": 0.2998853623867035,
    "p90": 0.47137564420700073
  },
  "label_stats": {
    "train": {
      "label_dir": "C:\\Users\\54544\\OneDrive\\Documents\\GitHub\\YOLO_DDS\\Dental OPG XRAY Dataset\\Augmented_Data\\train\\labels",
      "num_images": 558,
      "images_with_no_boxes": 0,
      "total_valid_boxes": 5642,
      "invalid_boxes": 0,
      "per_class_counts": [
        853,
        172,
        729,
        69,
        526,
        3293
      ],
      "per_class_image_freq": [
        392,
        104,
        322,
        58,
        225,
        550
      ],
      "class_presence_ratio": [
        0.7025089605734767,
        0.1863799283154122,
        0.5770609318996416,
        0.1039426523297491,
        0.4032258064516129,
        0.985663082437276
      ],
      "missing_classes": [],
      "class_imbalance_ratio": 47.72463768115942,
      "boxes_per_image": {
        "min": 1,
        "max": 25,
        "mean": 10.11111111111111
      }
    },
    "valid": {
      "label_dir": "C:\\Users\\54544\\OneDrive\\Documents\\GitHub\\YOLO_DDS\\Dental OPG XRAY Dataset\\Augmented_Data\\valid\\labels",
      "num_images": 23,
      "images_with_no_boxes": 0,
      "total_valid_boxes": 115,
      "invalid_boxes": 0,
      "per_class_counts": [
        14,
        4,
        18,
        3,
        9,
        67
      ],
      "per_class_image_freq": [
        8,
        3,
        7,
        3,
        6,
        22
      ],
      "class_presence_ratio": [
        0.34782608695652173,
        0.13043478260869565,
        0.30434782608695654,
        0.13043478260869565,
        0.2608695652173913,
        0.9565217391304348
      ],
      "missing_classes": [],
      "class_imbalance_ratio": 22.333333333333332,
      "boxes_per_image": {
        "min": 1,
        "max": 10,
        "mean": 5.0
      }
    },
    "test": {
      "label_dir": "C:\\Users\\54544\\OneDrive\\Documents\\GitHub\\YOLO_DDS\\Dental OPG XRAY Dataset\\Augmented_Data\\test\\labels",
      "num_images": 23,
      "images_with_no_boxes": 0,
      "total_valid_boxes": 102,
      "invalid_boxes": 0,
      "per_class_counts": [
        26,
        5,
        12,
        0,
        5,
        54
      ],
      "per_class_image_freq": [
        14,
        2,
        7,
        0,
        4,
        23
      ],
      "class_presence_ratio": [
        0.6086956521739131,
        0.08695652173913043,
        0.30434782608695654,
        0.0,
        0.17391304347826086,
        1.0
      ],
      "missing_classes": [
        3
      ],
      "class_imbalance_ratio": 10.8,
      "boxes_per_image": {
        "min": 2,
        "max": 9,
        "mean": 4.434782608695652
      }
    }
  },
  "val_debug_batch": {
    "images": [
      {
        "image_id": "105_jpg.rf.fc10e27e37bdacf62e154171aa518d6a",
        "orig_size": [
          640,
          315
        ],
        "num_gt": 3,
        "num_pred_val_thresh": 12,
        "avg_obj_logit": -5.997150897979736,
        "num_pred_low_thresh": 30,
        "pred_to_gt_iou_mean": 0.09113478660583496,
        "gt_to_pred_iou_mean": 0.7826425433158875
      },
      {
        "image_id": "122_jpg.rf.7668820b59771bafa96b99ba5411b121",
        "orig_size": [
          640,
          311
        ],
        "num_gt": 7,
        "num_pred_val_thresh": 10,
        "avg_obj_logit": -6.055074691772461,
        "num_pred_low_thresh": 30,
        "pred_to_gt_iou_mean": 0.2833465337753296,
        "gt_to_pred_iou_mean": 0.6269611120223999
      },
      {
        "image_id": "130_jpg.rf.f26cfd39dad7baef3d90c6f98aaa23ab",
        "orig_size": [
          640,
          278
        ],
        "num_gt": 2,
        "num_pred_val_thresh": 11,
        "avg_obj_logit": -6.000316143035889,
        "num_pred_low_thresh": 30,
        "pred_to_gt_iou_mean": 0.08062281459569931,
        "gt_to_pred_iou_mean": 0.840410053730011
      },
      {
        "image_id": "141_jpg.rf.a7d2f07e8fbc3051dd3f306d89babea4",
        "orig_size": [
          640,
          312
        ],
        "num_gt": 2,
        "num_pred_val_thresh": 10,
        "avg_obj_logit": -5.981448650360107,
        "num_pred_low_thresh": 30,
        "pred_to_gt_iou_mean": 0.08356841653585434,
        "gt_to_pred_iou_mean": 0.7256696224212646
      }
    ]
  }
}