{
  "epoch": 39,
  "train_loss": 0.10195561854967049,
  "val_loss": 1.061915914217631,
  "train_pos_per_image": 10.1,
  "val_pos_per_image": 4.958333333333333,
  "metrics": {
    "mAP": 0.15250806510448456,
    "per_class_ap": {
      "0": 0.08241758495569229,
      "1": 0.0,
      "2": 0.5966848134994507,
      "3": 0.0,
      "4": 0.08024691045284271,
      "5": 0.15569907426834106
    },
    "per_class_counts": {
      "0": {
        "gt": 14,
        "pred": 24,
        "tp": 2,
        "fp": 22,
        "final_recall": 0.1428571492433548,
        "final_precision": 0.0833333358168602
      },
      "2": {
        "gt": 18,
        "pred": 29,
        "tp": 12,
        "fp": 17,
        "final_recall": 0.6666666865348816,
        "final_precision": 0.4137931168079376
      },
      "4": {
        "gt": 9,
        "pred": 9,
        "tp": 2,
        "fp": 7,
        "final_recall": 0.2222222238779068,
        "final_precision": 0.2222222238779068
      },
      "5": {
        "gt": 67,
        "pred": 302,
        "tp": 46,
        "fp": 256,
        "final_recall": 0.6865671873092651,
        "final_precision": 0.15231788158416748
      }
    },
    "mean_iou": 0.7334712156227656
  },
  "label_stats": {
    "train": {
      "label_dir": "C:\\Users\\54544\\OneDrive\\Documents\\GitHub\\YOLO_DDS\\Dental OPG XRAY Dataset\\Augmented_Data\\train\\labels",
      "num_images": 558,
      "total_valid_boxes": 5642,
      "invalid_boxes": 0,
      "per_class_counts": [
        853,
        172,
        729,
        69,
        526,
        3293
      ],
      "boxes_per_image": {
        "min": 1,
        "max": 25,
        "mean": 10.11111111111111
      }
    },
    "valid": {
      "label_dir": "C:\\Users\\54544\\OneDrive\\Documents\\GitHub\\YOLO_DDS\\Dental OPG XRAY Dataset\\Augmented_Data\\valid\\labels",
      "num_images": 23,
      "total_valid_boxes": 115,
      "invalid_boxes": 0,
      "per_class_counts": [
        14,
        4,
        18,
        3,
        9,
        67
      ],
      "boxes_per_image": {
        "min": 1,
        "max": 10,
        "mean": 5.0
      }
    },
    "test": {
      "label_dir": "C:\\Users\\54544\\OneDrive\\Documents\\GitHub\\YOLO_DDS\\Dental OPG XRAY Dataset\\Augmented_Data\\test\\labels",
      "num_images": 23,
      "total_valid_boxes": 102,
      "invalid_boxes": 0,
      "per_class_counts": [
        26,
        5,
        12,
        0,
        5,
        54
      ],
      "boxes_per_image": {
        "min": 2,
        "max": 9,
        "mean": 4.434782608695652
      }
    }
  },
  "val_debug_batch": {
    "images": [
      {
        "image_id": "105_jpg.rf.fc10e27e37bdacf62e154171aa518d6a",
        "orig_size": [
          640,
          315
        ],
        "num_gt": 3,
        "num_pred_val_thresh": 12,
        "avg_obj_logit": -6.029800891876221,
        "num_pred_low_thresh": 30,
        "pred_to_gt_iou_mean": 0.06991558521986008,
        "gt_to_pred_iou_mean": 0.5765544176101685
      },
      {
        "image_id": "122_jpg.rf.7668820b59771bafa96b99ba5411b121",
        "orig_size": [
          640,
          311
        ],
        "num_gt": 7,
        "num_pred_val_thresh": 9,
        "avg_obj_logit": -6.086772441864014,
        "num_pred_low_thresh": 30,
        "pred_to_gt_iou_mean": 0.2688712179660797,
        "gt_to_pred_iou_mean": 0.6675828695297241
      },
      {
        "image_id": "130_jpg.rf.f26cfd39dad7baef3d90c6f98aaa23ab",
        "orig_size": [
          640,
          278
        ],
        "num_gt": 2,
        "num_pred_val_thresh": 19,
        "avg_obj_logit": -6.030001163482666,
        "num_pred_low_thresh": 30,
        "pred_to_gt_iou_mean": 0.08059249818325043,
        "gt_to_pred_iou_mean": 0.8206607103347778
      },
      {
        "image_id": "141_jpg.rf.a7d2f07e8fbc3051dd3f306d89babea4",
        "orig_size": [
          640,
          312
        ],
        "num_gt": 2,
        "num_pred_val_thresh": 12,
        "avg_obj_logit": -6.063385486602783,
        "num_pred_low_thresh": 30,
        "pred_to_gt_iou_mean": 0.07245384901762009,
        "gt_to_pred_iou_mean": 0.6203001737594604
      }
    ]
  }
}