{
  "epoch": 12,
  "train_loss": 0.29005606334124295,
  "val_loss": 0.988038162390391,
  "train_pos_per_image": 10.1125,
  "val_pos_per_image": 4.958333333333333,
  "metrics": {
    "mAP": 0.08187427371740341,
    "per_class_ap": {
      "0": 0.0985797867178917,
      "1": 0.0,
      "2": 0.2976190447807312,
      "3": 0.0,
      "4": 0.0,
      "5": 0.09504683315753937
    },
    "per_class_counts": {
      "0": {
        "gt": 14,
        "pred": 19,
        "tp": 3,
        "fp": 16,
        "final_recall": 0.2142857164144516,
        "final_precision": 0.15789473056793213
      },
      "2": {
        "gt": 18,
        "pred": 14,
        "tp": 8,
        "fp": 6,
        "final_recall": 0.4444444477558136,
        "final_precision": 0.5714285969734192
      },
      "5": {
        "gt": 67,
        "pred": 151,
        "tp": 23,
        "fp": 128,
        "final_recall": 0.34328359365463257,
        "final_precision": 0.15231788158416748
      }
    },
    "mean_iou": 0.733121953512493
  },
  "label_stats": {
    "train": {
      "label_dir": "C:\\Users\\54544\\OneDrive\\Documents\\GitHub\\YOLO_DDS\\Dental OPG XRAY Dataset\\Augmented_Data\\train\\labels",
      "num_images": 558,
      "total_valid_boxes": 5642,
      "invalid_boxes": 0,
      "per_class_counts": [
        853,
        172,
        729,
        69,
        526,
        3293
      ],
      "boxes_per_image": {
        "min": 1,
        "max": 25,
        "mean": 10.11111111111111
      }
    },
    "valid": {
      "label_dir": "C:\\Users\\54544\\OneDrive\\Documents\\GitHub\\YOLO_DDS\\Dental OPG XRAY Dataset\\Augmented_Data\\valid\\labels",
      "num_images": 23,
      "total_valid_boxes": 115,
      "invalid_boxes": 0,
      "per_class_counts": [
        14,
        4,
        18,
        3,
        9,
        67
      ],
      "boxes_per_image": {
        "min": 1,
        "max": 10,
        "mean": 5.0
      }
    },
    "test": {
      "label_dir": "C:\\Users\\54544\\OneDrive\\Documents\\GitHub\\YOLO_DDS\\Dental OPG XRAY Dataset\\Augmented_Data\\test\\labels",
      "num_images": 23,
      "total_valid_boxes": 102,
      "invalid_boxes": 0,
      "per_class_counts": [
        26,
        5,
        12,
        0,
        5,
        54
      ],
      "boxes_per_image": {
        "min": 2,
        "max": 9,
        "mean": 4.434782608695652
      }
    }
  },
  "val_debug_batch": {
    "images": [
      {
        "image_id": "105_jpg.rf.fc10e27e37bdacf62e154171aa518d6a",
        "orig_size": [
          640,
          315
        ],
        "num_gt": 3,
        "num_pred_val_thresh": 6,
        "avg_obj_logit": -5.514858722686768,
        "num_pred_low_thresh": 30,
        "pred_to_gt_iou_mean": 0.08275540918111801,
        "gt_to_pred_iou_mean": 0.5693463087081909
      },
      {
        "image_id": "122_jpg.rf.7668820b59771bafa96b99ba5411b121",
        "orig_size": [
          640,
          311
        ],
        "num_gt": 7,
        "num_pred_val_thresh": 3,
        "avg_obj_logit": -5.557894706726074,
        "num_pred_low_thresh": 30,
        "pred_to_gt_iou_mean": 0.25450342893600464,
        "gt_to_pred_iou_mean": 0.6564070582389832
      },
      {
        "image_id": "130_jpg.rf.f26cfd39dad7baef3d90c6f98aaa23ab",
        "orig_size": [
          640,
          278
        ],
        "num_gt": 2,
        "num_pred_val_thresh": 12,
        "avg_obj_logit": -5.5410475730896,
        "num_pred_low_thresh": 30,
        "pred_to_gt_iou_mean": 0.07006867974996567,
        "gt_to_pred_iou_mean": 0.6896970272064209
      },
      {
        "image_id": "141_jpg.rf.a7d2f07e8fbc3051dd3f306d89babea4",
        "orig_size": [
          640,
          312
        ],
        "num_gt": 2,
        "num_pred_val_thresh": 8,
        "avg_obj_logit": -5.52699089050293,
        "num_pred_low_thresh": 30,
        "pred_to_gt_iou_mean": 0.0548911951482296,
        "gt_to_pred_iou_mean": 0.5570881366729736
      }
    ]
  }
}