{
  "epoch": 17,
  "train_loss": 0.2459670836372035,
  "val_loss": 1.083454708258311,
  "train_pos_per_image": 10.092857142857143,
  "val_pos_per_image": 4.958333333333333,
  "metrics": {
    "mAP": 0.13062693178653717,
    "per_class_ap": {
      "0": 0.0714285746216774,
      "1": 0.0,
      "2": 0.4511752128601074,
      "3": 0.0,
      "4": 0.07407407462596893,
      "5": 0.18708378076553345
    },
    "per_class_counts": {
      "0": {
        "gt": 14,
        "pred": 16,
        "tp": 2,
        "fp": 14,
        "final_recall": 0.1428571492433548,
        "final_precision": 0.125
      },
      "2": {
        "gt": 18,
        "pred": 20,
        "tp": 12,
        "fp": 8,
        "final_recall": 0.6666666865348816,
        "final_precision": 0.6000000238418579
      },
      "4": {
        "gt": 9,
        "pred": 6,
        "tp": 2,
        "fp": 4,
        "final_recall": 0.2222222238779068,
        "final_precision": 0.3333333432674408
      },
      "5": {
        "gt": 67,
        "pred": 356,
        "tp": 50,
        "fp": 306,
        "final_recall": 0.746268630027771,
        "final_precision": 0.1404494345188141
      }
    },
    "mean_iou": 0.7273907189567884
  },
  "label_stats": {
    "train": {
      "label_dir": "C:\\Users\\54544\\OneDrive\\Documents\\GitHub\\YOLO_DDS\\Dental OPG XRAY Dataset\\Augmented_Data\\train\\labels",
      "num_images": 558,
      "total_valid_boxes": 5642,
      "invalid_boxes": 0,
      "per_class_counts": [
        853,
        172,
        729,
        69,
        526,
        3293
      ],
      "boxes_per_image": {
        "min": 1,
        "max": 25,
        "mean": 10.11111111111111
      }
    },
    "valid": {
      "label_dir": "C:\\Users\\54544\\OneDrive\\Documents\\GitHub\\YOLO_DDS\\Dental OPG XRAY Dataset\\Augmented_Data\\valid\\labels",
      "num_images": 23,
      "total_valid_boxes": 115,
      "invalid_boxes": 0,
      "per_class_counts": [
        14,
        4,
        18,
        3,
        9,
        67
      ],
      "boxes_per_image": {
        "min": 1,
        "max": 10,
        "mean": 5.0
      }
    },
    "test": {
      "label_dir": "C:\\Users\\54544\\OneDrive\\Documents\\GitHub\\YOLO_DDS\\Dental OPG XRAY Dataset\\Augmented_Data\\test\\labels",
      "num_images": 23,
      "total_valid_boxes": 102,
      "invalid_boxes": 0,
      "per_class_counts": [
        26,
        5,
        12,
        0,
        5,
        54
      ],
      "boxes_per_image": {
        "min": 2,
        "max": 9,
        "mean": 4.434782608695652
      }
    }
  },
  "val_debug_batch": {
    "images": [
      {
        "image_id": "105_jpg.rf.fc10e27e37bdacf62e154171aa518d6a",
        "orig_size": [
          640,
          315
        ],
        "num_gt": 3,
        "num_pred_val_thresh": 20,
        "avg_obj_logit": -5.70774507522583,
        "num_pred_low_thresh": 30,
        "pred_to_gt_iou_mean": 0.09434697031974792,
        "gt_to_pred_iou_mean": 0.795889139175415
      },
      {
        "image_id": "122_jpg.rf.7668820b59771bafa96b99ba5411b121",
        "orig_size": [
          640,
          311
        ],
        "num_gt": 7,
        "num_pred_val_thresh": 12,
        "avg_obj_logit": -5.779001712799072,
        "num_pred_low_thresh": 30,
        "pred_to_gt_iou_mean": 0.21726712584495544,
        "gt_to_pred_iou_mean": 0.6631795763969421
      },
      {
        "image_id": "130_jpg.rf.f26cfd39dad7baef3d90c6f98aaa23ab",
        "orig_size": [
          640,
          278
        ],
        "num_gt": 2,
        "num_pred_val_thresh": 15,
        "avg_obj_logit": -5.725198745727539,
        "num_pred_low_thresh": 30,
        "pred_to_gt_iou_mean": 0.06513877958059311,
        "gt_to_pred_iou_mean": 0.7020779848098755
      },
      {
        "image_id": "141_jpg.rf.a7d2f07e8fbc3051dd3f306d89babea4",
        "orig_size": [
          640,
          312
        ],
        "num_gt": 2,
        "num_pred_val_thresh": 17,
        "avg_obj_logit": -5.694576740264893,
        "num_pred_low_thresh": 30,
        "pred_to_gt_iou_mean": 0.07250644266605377,
        "gt_to_pred_iou_mean": 0.6727616190910339
      }
    ]
  }
}