{
  "epoch": 33,
  "train_loss": 0.12732407466641493,
  "val_loss": 1.081766406695048,
  "train_pos_per_image": 10.125,
  "val_pos_per_image": 4.958333333333333,
  "metrics": {
    "mAP": 0.14623355865478516,
    "per_class_ap": {
      "0": 0.08829365670681,
      "1": 0.0,
      "2": 0.5685184597969055,
      "3": 0.0,
      "4": 0.0555555559694767,
      "5": 0.1650337129831314
    },
    "per_class_counts": {
      "0": {
        "gt": 14,
        "pred": 27,
        "tp": 3,
        "fp": 24,
        "final_recall": 0.2142857164144516,
        "final_precision": 0.1111111119389534
      },
      "2": {
        "gt": 18,
        "pred": 32,
        "tp": 12,
        "fp": 20,
        "final_recall": 0.6666666865348816,
        "final_precision": 0.375
      },
      "4": {
        "gt": 9,
        "pred": 7,
        "tp": 1,
        "fp": 6,
        "final_recall": 0.1111111119389534,
        "final_precision": 0.1428571492433548
      },
      "5": {
        "gt": 67,
        "pred": 298,
        "tp": 46,
        "fp": 252,
        "final_recall": 0.6865671873092651,
        "final_precision": 0.15436241030693054
      }
    },
    "mean_iou": 0.7272008778392405
  },
  "label_stats": {
    "train": {
      "label_dir": "C:\\Users\\54544\\OneDrive\\Documents\\GitHub\\YOLO_DDS\\Dental OPG XRAY Dataset\\Augmented_Data\\train\\labels",
      "num_images": 558,
      "total_valid_boxes": 5642,
      "invalid_boxes": 0,
      "per_class_counts": [
        853,
        172,
        729,
        69,
        526,
        3293
      ],
      "boxes_per_image": {
        "min": 1,
        "max": 25,
        "mean": 10.11111111111111
      }
    },
    "valid": {
      "label_dir": "C:\\Users\\54544\\OneDrive\\Documents\\GitHub\\YOLO_DDS\\Dental OPG XRAY Dataset\\Augmented_Data\\valid\\labels",
      "num_images": 23,
      "total_valid_boxes": 115,
      "invalid_boxes": 0,
      "per_class_counts": [
        14,
        4,
        18,
        3,
        9,
        67
      ],
      "boxes_per_image": {
        "min": 1,
        "max": 10,
        "mean": 5.0
      }
    },
    "test": {
      "label_dir": "C:\\Users\\54544\\OneDrive\\Documents\\GitHub\\YOLO_DDS\\Dental OPG XRAY Dataset\\Augmented_Data\\test\\labels",
      "num_images": 23,
      "total_valid_boxes": 102,
      "invalid_boxes": 0,
      "per_class_counts": [
        26,
        5,
        12,
        0,
        5,
        54
      ],
      "boxes_per_image": {
        "min": 2,
        "max": 9,
        "mean": 4.434782608695652
      }
    }
  },
  "val_debug_batch": {
    "images": [
      {
        "image_id": "105_jpg.rf.fc10e27e37bdacf62e154171aa518d6a",
        "orig_size": [
          640,
          315
        ],
        "num_gt": 3,
        "num_pred_val_thresh": 12,
        "avg_obj_logit": -5.994981288909912,
        "num_pred_low_thresh": 30,
        "pred_to_gt_iou_mean": 0.0679558739066124,
        "gt_to_pred_iou_mean": 0.5596886277198792
      },
      {
        "image_id": "122_jpg.rf.7668820b59771bafa96b99ba5411b121",
        "orig_size": [
          640,
          311
        ],
        "num_gt": 7,
        "num_pred_val_thresh": 11,
        "avg_obj_logit": -6.035772323608398,
        "num_pred_low_thresh": 30,
        "pred_to_gt_iou_mean": 0.24701476097106934,
        "gt_to_pred_iou_mean": 0.6280194520950317
      },
      {
        "image_id": "130_jpg.rf.f26cfd39dad7baef3d90c6f98aaa23ab",
        "orig_size": [
          640,
          278
        ],
        "num_gt": 2,
        "num_pred_val_thresh": 20,
        "avg_obj_logit": -6.005820274353027,
        "num_pred_low_thresh": 30,
        "pred_to_gt_iou_mean": 0.08074457943439484,
        "gt_to_pred_iou_mean": 0.8169615864753723
      },
      {
        "image_id": "141_jpg.rf.a7d2f07e8fbc3051dd3f306d89babea4",
        "orig_size": [
          640,
          312
        ],
        "num_gt": 2,
        "num_pred_val_thresh": 13,
        "avg_obj_logit": -6.01392936706543,
        "num_pred_low_thresh": 30,
        "pred_to_gt_iou_mean": 0.07028716057538986,
        "gt_to_pred_iou_mean": 0.6277860999107361
      }
    ]
  }
}