{
  "epoch": 28,
  "train_loss": 0.15530936451894897,
  "val_loss": 1.091860701640447,
  "train_pos_per_image": 10.098214285714286,
  "val_pos_per_image": 4.958333333333333,
  "metrics": {
    "mAP": 0.15369242429733276,
    "per_class_ap": {
      "0": 0.11190477013587952,
      "1": 0.0,
      "2": 0.5400329828262329,
      "3": 0.0,
      "4": 0.1111111119389534,
      "5": 0.15910571813583374
    },
    "per_class_counts": {
      "0": {
        "gt": 14,
        "pred": 19,
        "tp": 3,
        "fp": 16,
        "final_recall": 0.2142857164144516,
        "final_precision": 0.15789473056793213
      },
      "2": {
        "gt": 18,
        "pred": 25,
        "tp": 11,
        "fp": 14,
        "final_recall": 0.6111111044883728,
        "final_precision": 0.4399999976158142
      },
      "4": {
        "gt": 9,
        "pred": 6,
        "tp": 2,
        "fp": 4,
        "final_recall": 0.2222222238779068,
        "final_precision": 0.3333333432674408
      },
      "5": {
        "gt": 67,
        "pred": 300,
        "tp": 46,
        "fp": 254,
        "final_recall": 0.6865671873092651,
        "final_precision": 0.15333333611488342
      }
    },
    "mean_iou": 0.7268495979443402
  },
  "label_stats": {
    "train": {
      "label_dir": "C:\\Users\\54544\\OneDrive\\Documents\\GitHub\\YOLO_DDS\\Dental OPG XRAY Dataset\\Augmented_Data\\train\\labels",
      "num_images": 558,
      "total_valid_boxes": 5642,
      "invalid_boxes": 0,
      "per_class_counts": [
        853,
        172,
        729,
        69,
        526,
        3293
      ],
      "boxes_per_image": {
        "min": 1,
        "max": 25,
        "mean": 10.11111111111111
      }
    },
    "valid": {
      "label_dir": "C:\\Users\\54544\\OneDrive\\Documents\\GitHub\\YOLO_DDS\\Dental OPG XRAY Dataset\\Augmented_Data\\valid\\labels",
      "num_images": 23,
      "total_valid_boxes": 115,
      "invalid_boxes": 0,
      "per_class_counts": [
        14,
        4,
        18,
        3,
        9,
        67
      ],
      "boxes_per_image": {
        "min": 1,
        "max": 10,
        "mean": 5.0
      }
    },
    "test": {
      "label_dir": "C:\\Users\\54544\\OneDrive\\Documents\\GitHub\\YOLO_DDS\\Dental OPG XRAY Dataset\\Augmented_Data\\test\\labels",
      "num_images": 23,
      "total_valid_boxes": 102,
      "invalid_boxes": 0,
      "per_class_counts": [
        26,
        5,
        12,
        0,
        5,
        54
      ],
      "boxes_per_image": {
        "min": 2,
        "max": 9,
        "mean": 4.434782608695652
      }
    }
  },
  "val_debug_batch": {
    "images": [
      {
        "image_id": "105_jpg.rf.fc10e27e37bdacf62e154171aa518d6a",
        "orig_size": [
          640,
          315
        ],
        "num_gt": 3,
        "num_pred_val_thresh": 12,
        "avg_obj_logit": -5.903648376464844,
        "num_pred_low_thresh": 30,
        "pred_to_gt_iou_mean": 0.06408684700727463,
        "gt_to_pred_iou_mean": 0.5617191195487976
      },
      {
        "image_id": "122_jpg.rf.7668820b59771bafa96b99ba5411b121",
        "orig_size": [
          640,
          311
        ],
        "num_gt": 7,
        "num_pred_val_thresh": 9,
        "avg_obj_logit": -5.987563610076904,
        "num_pred_low_thresh": 30,
        "pred_to_gt_iou_mean": 0.22727155685424805,
        "gt_to_pred_iou_mean": 0.6425307393074036
      },
      {
        "image_id": "130_jpg.rf.f26cfd39dad7baef3d90c6f98aaa23ab",
        "orig_size": [
          640,
          278
        ],
        "num_gt": 2,
        "num_pred_val_thresh": 20,
        "avg_obj_logit": -5.902087688446045,
        "num_pred_low_thresh": 30,
        "pred_to_gt_iou_mean": 0.07851383090019226,
        "gt_to_pred_iou_mean": 0.8164729475975037
      },
      {
        "image_id": "141_jpg.rf.a7d2f07e8fbc3051dd3f306d89babea4",
        "orig_size": [
          640,
          312
        ],
        "num_gt": 2,
        "num_pred_val_thresh": 11,
        "avg_obj_logit": -5.958006381988525,
        "num_pred_low_thresh": 30,
        "pred_to_gt_iou_mean": 0.07109542191028595,
        "gt_to_pred_iou_mean": 0.6299208402633667
      }
    ]
  }
}