{
  "epoch": 41,
  "train_loss": 0.09786548566605363,
  "train_loss_breakdown": {
    "giou": 0.06142149713954755,
    "objectness": 0.028063262859359384,
    "class": 0.008380725673799003
  },
  "val_loss": 1.0424199104309082,
  "val_loss_breakdown": {
    "giou": 0.27206696569919586,
    "objectness": 0.016836228625228006,
    "class": 0.7535167336463928
  },
  "train_pos_per_image": 10.10892857142857,
  "val_pos_per_image": 4.958333333333333,
  "metrics": {
    "mAP": 0.14098206162452698,
    "per_class_ap": {
      "0": 0.09432234615087509,
      "1": 0.0,
      "2": 0.5539186596870422,
      "3": 0.0,
      "4": 0.0555555559694767,
      "5": 0.14209581911563873
    },
    "per_class_counts": {
      "0": {
        "gt": 14,
        "pred": 28,
        "tp": 4,
        "fp": 24,
        "final_recall": 0.2857142984867096,
        "final_precision": 0.1428571492433548
      },
      "2": {
        "gt": 18,
        "pred": 32,
        "tp": 13,
        "fp": 19,
        "final_recall": 0.7222222089767456,
        "final_precision": 0.40625
      },
      "4": {
        "gt": 9,
        "pred": 11,
        "tp": 1,
        "fp": 10,
        "final_recall": 0.1111111119389534,
        "final_precision": 0.09090909361839294
      },
      "5": {
        "gt": 67,
        "pred": 333,
        "tp": 45,
        "fp": 288,
        "final_recall": 0.6716417670249939,
        "final_precision": 0.13513512909412384
      }
    },
    "mean_iou": 0.7386396152632577
  },
  "val_confidence": {
    "count": 404,
    "mean": 0.35419508814811707,
    "median": 0.3169042468070984,
    "p90": 0.545348584651947
  },
  "label_stats": {
    "train": {
      "label_dir": "C:\\Users\\54544\\OneDrive\\Documents\\GitHub\\YOLO_DDS\\Dental OPG XRAY Dataset\\Augmented_Data\\train\\labels",
      "num_images": 558,
      "images_with_no_boxes": 0,
      "total_valid_boxes": 5642,
      "invalid_boxes": 0,
      "per_class_counts": [
        853,
        172,
        729,
        69,
        526,
        3293
      ],
      "per_class_image_freq": [
        392,
        104,
        322,
        58,
        225,
        550
      ],
      "class_presence_ratio": [
        0.7025089605734767,
        0.1863799283154122,
        0.5770609318996416,
        0.1039426523297491,
        0.4032258064516129,
        0.985663082437276
      ],
      "missing_classes": [],
      "class_imbalance_ratio": 47.72463768115942,
      "boxes_per_image": {
        "min": 1,
        "max": 25,
        "mean": 10.11111111111111
      }
    },
    "valid": {
      "label_dir": "C:\\Users\\54544\\OneDrive\\Documents\\GitHub\\YOLO_DDS\\Dental OPG XRAY Dataset\\Augmented_Data\\valid\\labels",
      "num_images": 23,
      "images_with_no_boxes": 0,
      "total_valid_boxes": 115,
      "invalid_boxes": 0,
      "per_class_counts": [
        14,
        4,
        18,
        3,
        9,
        67
      ],
      "per_class_image_freq": [
        8,
        3,
        7,
        3,
        6,
        22
      ],
      "class_presence_ratio": [
        0.34782608695652173,
        0.13043478260869565,
        0.30434782608695654,
        0.13043478260869565,
        0.2608695652173913,
        0.9565217391304348
      ],
      "missing_classes": [],
      "class_imbalance_ratio": 22.333333333333332,
      "boxes_per_image": {
        "min": 1,
        "max": 10,
        "mean": 5.0
      }
    },
    "test": {
      "label_dir": "C:\\Users\\54544\\OneDrive\\Documents\\GitHub\\YOLO_DDS\\Dental OPG XRAY Dataset\\Augmented_Data\\test\\labels",
      "num_images": 23,
      "images_with_no_boxes": 0,
      "total_valid_boxes": 102,
      "invalid_boxes": 0,
      "per_class_counts": [
        26,
        5,
        12,
        0,
        5,
        54
      ],
      "per_class_image_freq": [
        14,
        2,
        7,
        0,
        4,
        23
      ],
      "class_presence_ratio": [
        0.6086956521739131,
        0.08695652173913043,
        0.30434782608695654,
        0.0,
        0.17391304347826086,
        1.0
      ],
      "missing_classes": [
        3
      ],
      "class_imbalance_ratio": 10.8,
      "boxes_per_image": {
        "min": 2,
        "max": 9,
        "mean": 4.434782608695652
      }
    }
  },
  "val_debug_batch": {
    "images": [
      {
        "image_id": "105_jpg.rf.fc10e27e37bdacf62e154171aa518d6a",
        "orig_size": [
          640,
          315
        ],
        "num_gt": 3,
        "num_pred_val_thresh": 15,
        "avg_obj_logit": -6.016800403594971,
        "num_pred_low_thresh": 30,
        "pred_to_gt_iou_mean": 0.08488710969686508,
        "gt_to_pred_iou_mean": 0.7666475772857666
      },
      {
        "image_id": "122_jpg.rf.7668820b59771bafa96b99ba5411b121",
        "orig_size": [
          640,
          311
        ],
        "num_gt": 7,
        "num_pred_val_thresh": 16,
        "avg_obj_logit": -6.082613945007324,
        "num_pred_low_thresh": 30,
        "pred_to_gt_iou_mean": 0.29763975739479065,
        "gt_to_pred_iou_mean": 0.6540878415107727
      },
      {
        "image_id": "130_jpg.rf.f26cfd39dad7baef3d90c6f98aaa23ab",
        "orig_size": [
          640,
          278
        ],
        "num_gt": 2,
        "num_pred_val_thresh": 20,
        "avg_obj_logit": -6.011130332946777,
        "num_pred_low_thresh": 30,
        "pred_to_gt_iou_mean": 0.07900547236204147,
        "gt_to_pred_iou_mean": 0.8014083504676819
      },
      {
        "image_id": "141_jpg.rf.a7d2f07e8fbc3051dd3f306d89babea4",
        "orig_size": [
          640,
          312
        ],
        "num_gt": 2,
        "num_pred_val_thresh": 14,
        "avg_obj_logit": -6.009760856628418,
        "num_pred_low_thresh": 30,
        "pred_to_gt_iou_mean": 0.0809999331831932,
        "gt_to_pred_iou_mean": 0.7082457542419434
      }
    ]
  }
}