{
  "epoch": 30,
  "train_loss": 0.14505445973149367,
  "val_loss": 1.1234574516614277,
  "train_pos_per_image": 10.105357142857143,
  "val_pos_per_image": 4.958333333333333,
  "metrics": {
    "mAP": 0.11783745139837265,
    "per_class_ap": {
      "0": 0.15546219050884247,
      "1": 0.0,
      "2": 0.3876543343067169,
      "3": 0.0,
      "4": 0.02777777798473835,
      "5": 0.13613039255142212
    },
    "mean_iou": 0.730095443225676
  },
  "label_stats": {
    "label_dir": "C:\\Users\\54544\\OneDrive\\Documents\\GitHub\\YOLO_DDS\\Dental OPG XRAY Dataset\\Augmented_Data\\train\\labels",
    "num_images": 558,
    "total_valid_boxes": 5642,
    "invalid_boxes": 0,
    "per_class_counts": [
      853,
      172,
      729,
      69,
      526,
      3293
    ],
    "boxes_per_image": {
      "min": 1,
      "max": 25,
      "mean": 10.11111111111111
    }
  },
  "val_debug_batch": {
    "images": [
      {
        "image_id": "105_jpg.rf.fc10e27e37bdacf62e154171aa518d6a",
        "orig_size": [
          640,
          315
        ],
        "num_gt": 3,
        "num_pred_val_thresh": 15,
        "avg_obj_logit": -5.910102367401123,
        "num_pred_low_thresh": 30,
        "pred_to_gt_iou_mean": 0.056198883801698685,
        "gt_to_pred_iou_mean": 0.5158138275146484
      },
      {
        "image_id": "122_jpg.rf.7668820b59771bafa96b99ba5411b121",
        "orig_size": [
          640,
          311
        ],
        "num_gt": 7,
        "num_pred_val_thresh": 12,
        "avg_obj_logit": -5.998048305511475,
        "num_pred_low_thresh": 30,
        "pred_to_gt_iou_mean": 0.2753368318080902,
        "gt_to_pred_iou_mean": 0.6763491630554199
      },
      {
        "image_id": "130_jpg.rf.f26cfd39dad7baef3d90c6f98aaa23ab",
        "orig_size": [
          640,
          278
        ],
        "num_gt": 2,
        "num_pred_val_thresh": 13,
        "avg_obj_logit": -5.920416831970215,
        "num_pred_low_thresh": 30,
        "pred_to_gt_iou_mean": 0.08958419412374496,
        "gt_to_pred_iou_mean": 0.8524621725082397
      },
      {
        "image_id": "141_jpg.rf.a7d2f07e8fbc3051dd3f306d89babea4",
        "orig_size": [
          640,
          312
        ],
        "num_gt": 2,
        "num_pred_val_thresh": 8,
        "avg_obj_logit": -5.952807903289795,
        "num_pred_low_thresh": 30,
        "pred_to_gt_iou_mean": 0.09204550087451935,
        "gt_to_pred_iou_mean": 0.5934774875640869
      }
    ]
  }
}