{
  "epoch": 12,
  "train_loss": 0.30182873755693435,
  "val_loss": 1.05380184451739,
  "train_pos_per_image": 10.1125,
  "val_pos_per_image": 4.958333333333333,
  "metrics": {
    "mAP": 0.060611922293901443,
    "per_class_ap": {
      "0": 0.114107146859169,
      "1": 0.0,
      "2": 0.1527777910232544,
      "3": 0.0,
      "4": 0.0,
      "5": 0.09678658843040466
    },
    "mean_iou": 0.7500753167428469
  },
  "label_stats": {
    "label_dir": "C:\\Users\\54544\\OneDrive\\Documents\\GitHub\\YOLO_DDS\\Dental OPG XRAY Dataset\\Augmented_Data\\train\\labels",
    "num_images": 558,
    "total_valid_boxes": 5642,
    "invalid_boxes": 0,
    "per_class_counts": [
      853,
      172,
      729,
      69,
      526,
      3293
    ],
    "boxes_per_image": {
      "min": 1,
      "max": 25,
      "mean": 10.11111111111111
    }
  },
  "val_debug_batch": {
    "images": [
      {
        "image_id": "105_jpg.rf.fc10e27e37bdacf62e154171aa518d6a",
        "orig_size": [
          640,
          315
        ],
        "num_gt": 3,
        "num_pred_val_thresh": 6,
        "avg_obj_logit": -5.488058567047119,
        "num_pred_low_thresh": 30,
        "pred_to_gt_iou_mean": 0.12094955891370773,
        "gt_to_pred_iou_mean": 0.7358359694480896
      },
      {
        "image_id": "122_jpg.rf.7668820b59771bafa96b99ba5411b121",
        "orig_size": [
          640,
          311
        ],
        "num_gt": 7,
        "num_pred_val_thresh": 6,
        "avg_obj_logit": -5.544628143310547,
        "num_pred_low_thresh": 30,
        "pred_to_gt_iou_mean": 0.24931196868419647,
        "gt_to_pred_iou_mean": 0.6434106826782227
      },
      {
        "image_id": "130_jpg.rf.f26cfd39dad7baef3d90c6f98aaa23ab",
        "orig_size": [
          640,
          278
        ],
        "num_gt": 2,
        "num_pred_val_thresh": 9,
        "avg_obj_logit": -5.522132396697998,
        "num_pred_low_thresh": 30,
        "pred_to_gt_iou_mean": 0.08423564583063126,
        "gt_to_pred_iou_mean": 0.7409420609474182
      },
      {
        "image_id": "141_jpg.rf.a7d2f07e8fbc3051dd3f306d89babea4",
        "orig_size": [
          640,
          312
        ],
        "num_gt": 2,
        "num_pred_val_thresh": 8,
        "avg_obj_logit": -5.501556873321533,
        "num_pred_low_thresh": 30,
        "pred_to_gt_iou_mean": 0.041644979268312454,
        "gt_to_pred_iou_mean": 0.48662233352661133
      }
    ]
  }
}