{
  "epoch": 36,
  "train_loss": 0.11626068678285395,
  "val_loss": 1.055803547302882,
  "train_pos_per_image": 10.110714285714286,
  "val_pos_per_image": 4.958333333333333,
  "metrics": {
    "mAP": 0.15252961218357086,
    "per_class_ap": {
      "0": 0.09285714477300644,
      "1": 0.0,
      "2": 0.5977053642272949,
      "3": 0.0,
      "4": 0.06172839552164078,
      "5": 0.16288673877716064
    },
    "per_class_counts": {
      "0": {
        "gt": 14,
        "pred": 23,
        "tp": 3,
        "fp": 20,
        "final_recall": 0.2142857164144516,
        "final_precision": 0.1304347813129425
      },
      "2": {
        "gt": 18,
        "pred": 34,
        "tp": 14,
        "fp": 20,
        "final_recall": 0.7777777910232544,
        "final_precision": 0.4117647111415863
      },
      "4": {
        "gt": 9,
        "pred": 10,
        "tp": 2,
        "fp": 8,
        "final_recall": 0.2222222238779068,
        "final_precision": 0.20000000298023224
      },
      "5": {
        "gt": 67,
        "pred": 294,
        "tp": 46,
        "fp": 248,
        "final_recall": 0.6865671873092651,
        "final_precision": 0.15646257996559143
      }
    },
    "mean_iou": 0.742396410873958
  },
  "label_stats": {
    "train": {
      "label_dir": "C:\\Users\\54544\\OneDrive\\Documents\\GitHub\\YOLO_DDS\\Dental OPG XRAY Dataset\\Augmented_Data\\train\\labels",
      "num_images": 558,
      "total_valid_boxes": 5642,
      "invalid_boxes": 0,
      "per_class_counts": [
        853,
        172,
        729,
        69,
        526,
        3293
      ],
      "boxes_per_image": {
        "min": 1,
        "max": 25,
        "mean": 10.11111111111111
      }
    },
    "valid": {
      "label_dir": "C:\\Users\\54544\\OneDrive\\Documents\\GitHub\\YOLO_DDS\\Dental OPG XRAY Dataset\\Augmented_Data\\valid\\labels",
      "num_images": 23,
      "total_valid_boxes": 115,
      "invalid_boxes": 0,
      "per_class_counts": [
        14,
        4,
        18,
        3,
        9,
        67
      ],
      "boxes_per_image": {
        "min": 1,
        "max": 10,
        "mean": 5.0
      }
    },
    "test": {
      "label_dir": "C:\\Users\\54544\\OneDrive\\Documents\\GitHub\\YOLO_DDS\\Dental OPG XRAY Dataset\\Augmented_Data\\test\\labels",
      "num_images": 23,
      "total_valid_boxes": 102,
      "invalid_boxes": 0,
      "per_class_counts": [
        26,
        5,
        12,
        0,
        5,
        54
      ],
      "boxes_per_image": {
        "min": 2,
        "max": 9,
        "mean": 4.434782608695652
      }
    }
  },
  "val_debug_batch": {
    "images": [
      {
        "image_id": "105_jpg.rf.fc10e27e37bdacf62e154171aa518d6a",
        "orig_size": [
          640,
          315
        ],
        "num_gt": 3,
        "num_pred_val_thresh": 16,
        "avg_obj_logit": -5.9931440353393555,
        "num_pred_low_thresh": 30,
        "pred_to_gt_iou_mean": 0.09925328940153122,
        "gt_to_pred_iou_mean": 0.8177938461303711
      },
      {
        "image_id": "122_jpg.rf.7668820b59771bafa96b99ba5411b121",
        "orig_size": [
          640,
          311
        ],
        "num_gt": 7,
        "num_pred_val_thresh": 11,
        "avg_obj_logit": -6.078129291534424,
        "num_pred_low_thresh": 30,
        "pred_to_gt_iou_mean": 0.27037355303764343,
        "gt_to_pred_iou_mean": 0.675766110420227
      },
      {
        "image_id": "130_jpg.rf.f26cfd39dad7baef3d90c6f98aaa23ab",
        "orig_size": [
          640,
          278
        ],
        "num_gt": 2,
        "num_pred_val_thresh": 16,
        "avg_obj_logit": -5.9803876876831055,
        "num_pred_low_thresh": 30,
        "pred_to_gt_iou_mean": 0.06641677767038345,
        "gt_to_pred_iou_mean": 0.7136052846908569
      },
      {
        "image_id": "141_jpg.rf.a7d2f07e8fbc3051dd3f306d89babea4",
        "orig_size": [
          640,
          312
        ],
        "num_gt": 2,
        "num_pred_val_thresh": 14,
        "avg_obj_logit": -5.988553047180176,
        "num_pred_low_thresh": 30,
        "pred_to_gt_iou_mean": 0.06057571992278099,
        "gt_to_pred_iou_mean": 0.6795072555541992
      }
    ]
  }
}