{
  "epoch": 15,
  "train_loss": 0.26004334539175034,
  "val_loss": 1.154202898343404,
  "train_pos_per_image": 10.105357142857143,
  "val_pos_per_image": 4.958333333333333,
  "metrics": {
    "mAP": 0.07543272525072098,
    "per_class_ap": {
      "0": 0.1071428582072258,
      "1": 0.0,
      "2": 0.23765432834625244,
      "3": 0.0,
      "4": 0.0,
      "5": 0.10779914259910583
    },
    "mean_iou": 0.7026122212409973
  },
  "label_stats": {
    "label_dir": "C:\\Users\\54544\\OneDrive\\Documents\\GitHub\\YOLO_DDS\\Dental OPG XRAY Dataset\\Augmented_Data\\train\\labels",
    "num_images": 558,
    "total_valid_boxes": 5642,
    "invalid_boxes": 0,
    "per_class_counts": [
      853,
      172,
      729,
      69,
      526,
      3293
    ],
    "boxes_per_image": {
      "min": 1,
      "max": 25,
      "mean": 10.11111111111111
    }
  },
  "val_debug_batch": {
    "images": [
      {
        "image_id": "105_jpg.rf.fc10e27e37bdacf62e154171aa518d6a",
        "orig_size": [
          640,
          315
        ],
        "num_gt": 3,
        "num_pred_val_thresh": 16,
        "avg_obj_logit": -5.59914493560791,
        "num_pred_low_thresh": 30,
        "pred_to_gt_iou_mean": 0.0936451330780983,
        "gt_to_pred_iou_mean": 0.6352288722991943
      },
      {
        "image_id": "122_jpg.rf.7668820b59771bafa96b99ba5411b121",
        "orig_size": [
          640,
          311
        ],
        "num_gt": 7,
        "num_pred_val_thresh": 9,
        "avg_obj_logit": -5.707401752471924,
        "num_pred_low_thresh": 30,
        "pred_to_gt_iou_mean": 0.2150409072637558,
        "gt_to_pred_iou_mean": 0.6317331194877625
      },
      {
        "image_id": "130_jpg.rf.f26cfd39dad7baef3d90c6f98aaa23ab",
        "orig_size": [
          640,
          278
        ],
        "num_gt": 2,
        "num_pred_val_thresh": 15,
        "avg_obj_logit": -5.614304065704346,
        "num_pred_low_thresh": 30,
        "pred_to_gt_iou_mean": 0.08137757331132889,
        "gt_to_pred_iou_mean": 0.7635506391525269
      },
      {
        "image_id": "141_jpg.rf.a7d2f07e8fbc3051dd3f306d89babea4",
        "orig_size": [
          640,
          312
        ],
        "num_gt": 2,
        "num_pred_val_thresh": 12,
        "avg_obj_logit": -5.6698479652404785,
        "num_pred_low_thresh": 30,
        "pred_to_gt_iou_mean": 0.07732414454221725,
        "gt_to_pred_iou_mean": 0.5711898803710938
      }
    ]
  }
}