{
  "epoch": 40,
  "train_loss": 0.09899492662932191,
  "val_loss": 1.0666439930597942,
  "train_pos_per_image": 10.116071428571429,
  "val_pos_per_image": 4.958333333333333,
  "metrics": {
    "mAP": 0.1547037661075592,
    "per_class_ap": {
      "0": 0.0803571492433548,
      "1": 0.0,
      "2": 0.6058077812194824,
      "3": 0.0,
      "4": 0.0833333358168602,
      "5": 0.1587243229150772
    },
    "per_class_counts": {
      "0": {
        "gt": 14,
        "pred": 21,
        "tp": 2,
        "fp": 19,
        "final_recall": 0.1428571492433548,
        "final_precision": 0.095238097012043
      },
      "2": {
        "gt": 18,
        "pred": 27,
        "tp": 13,
        "fp": 14,
        "final_recall": 0.7222222089767456,
        "final_precision": 0.48148149251937866
      },
      "4": {
        "gt": 9,
        "pred": 9,
        "tp": 2,
        "fp": 7,
        "final_recall": 0.2222222238779068,
        "final_precision": 0.2222222238779068
      },
      "5": {
        "gt": 67,
        "pred": 299,
        "tp": 46,
        "fp": 253,
        "final_recall": 0.6865671873092651,
        "final_precision": 0.1538461595773697
      }
    },
    "mean_iou": 0.7299723742713391
  },
  "label_stats": {
    "train": {
      "label_dir": "C:\\Users\\54544\\OneDrive\\Documents\\GitHub\\YOLO_DDS\\Dental OPG XRAY Dataset\\Augmented_Data\\train\\labels",
      "num_images": 558,
      "total_valid_boxes": 5642,
      "invalid_boxes": 0,
      "per_class_counts": [
        853,
        172,
        729,
        69,
        526,
        3293
      ],
      "boxes_per_image": {
        "min": 1,
        "max": 25,
        "mean": 10.11111111111111
      }
    },
    "valid": {
      "label_dir": "C:\\Users\\54544\\OneDrive\\Documents\\GitHub\\YOLO_DDS\\Dental OPG XRAY Dataset\\Augmented_Data\\valid\\labels",
      "num_images": 23,
      "total_valid_boxes": 115,
      "invalid_boxes": 0,
      "per_class_counts": [
        14,
        4,
        18,
        3,
        9,
        67
      ],
      "boxes_per_image": {
        "min": 1,
        "max": 10,
        "mean": 5.0
      }
    },
    "test": {
      "label_dir": "C:\\Users\\54544\\OneDrive\\Documents\\GitHub\\YOLO_DDS\\Dental OPG XRAY Dataset\\Augmented_Data\\test\\labels",
      "num_images": 23,
      "total_valid_boxes": 102,
      "invalid_boxes": 0,
      "per_class_counts": [
        26,
        5,
        12,
        0,
        5,
        54
      ],
      "boxes_per_image": {
        "min": 2,
        "max": 9,
        "mean": 4.434782608695652
      }
    }
  },
  "val_debug_batch": {
    "images": [
      {
        "image_id": "105_jpg.rf.fc10e27e37bdacf62e154171aa518d6a",
        "orig_size": [
          640,
          315
        ],
        "num_gt": 3,
        "num_pred_val_thresh": 12,
        "avg_obj_logit": -6.019649982452393,
        "num_pred_low_thresh": 30,
        "pred_to_gt_iou_mean": 0.06866859644651413,
        "gt_to_pred_iou_mean": 0.5767965316772461
      },
      {
        "image_id": "122_jpg.rf.7668820b59771bafa96b99ba5411b121",
        "orig_size": [
          640,
          311
        ],
        "num_gt": 7,
        "num_pred_val_thresh": 9,
        "avg_obj_logit": -6.073169708251953,
        "num_pred_low_thresh": 30,
        "pred_to_gt_iou_mean": 0.2732856571674347,
        "gt_to_pred_iou_mean": 0.6893227696418762
      },
      {
        "image_id": "130_jpg.rf.f26cfd39dad7baef3d90c6f98aaa23ab",
        "orig_size": [
          640,
          278
        ],
        "num_gt": 2,
        "num_pred_val_thresh": 18,
        "avg_obj_logit": -6.0227437019348145,
        "num_pred_low_thresh": 30,
        "pred_to_gt_iou_mean": 0.0786639153957367,
        "gt_to_pred_iou_mean": 0.8115050792694092
      },
      {
        "image_id": "141_jpg.rf.a7d2f07e8fbc3051dd3f306d89babea4",
        "orig_size": [
          640,
          312
        ],
        "num_gt": 2,
        "num_pred_val_thresh": 10,
        "avg_obj_logit": -6.042974472045898,
        "num_pred_low_thresh": 30,
        "pred_to_gt_iou_mean": 0.07388762384653091,
        "gt_to_pred_iou_mean": 0.6320328712463379
      }
    ]
  }
}