{
  "epoch": 49,
  "train_loss": 0.08418558317103557,
  "val_loss": 1.0599286655584972,
  "train_pos_per_image": 10.1,
  "val_pos_per_image": 4.958333333333333,
  "metrics": {
    "mAP": 0.1638326495885849,
    "per_class_ap": {
      "0": 0.08163265883922577,
      "1": 0.0,
      "2": 0.6149505376815796,
      "3": 0.0,
      "4": 0.12222222983837128,
      "5": 0.16419044137001038
    },
    "per_class_counts": {
      "0": {
        "gt": 14,
        "pred": 28,
        "tp": 2,
        "fp": 26,
        "final_recall": 0.1428571492433548,
        "final_precision": 0.0714285746216774
      },
      "2": {
        "gt": 18,
        "pred": 32,
        "tp": 13,
        "fp": 19,
        "final_recall": 0.7222222089767456,
        "final_precision": 0.40625
      },
      "4": {
        "gt": 9,
        "pred": 10,
        "tp": 3,
        "fp": 7,
        "final_recall": 0.3333333432674408,
        "final_precision": 0.30000001192092896
      },
      "5": {
        "gt": 67,
        "pred": 309,
        "tp": 46,
        "fp": 263,
        "final_recall": 0.6865671873092651,
        "final_precision": 0.14886730909347534
      }
    },
    "mean_iou": 0.7286220921410455
  },
  "label_stats": {
    "train": {
      "label_dir": "C:\\Users\\54544\\OneDrive\\Documents\\GitHub\\YOLO_DDS\\Dental OPG XRAY Dataset\\Augmented_Data\\train\\labels",
      "num_images": 558,
      "total_valid_boxes": 5642,
      "invalid_boxes": 0,
      "per_class_counts": [
        853,
        172,
        729,
        69,
        526,
        3293
      ],
      "boxes_per_image": {
        "min": 1,
        "max": 25,
        "mean": 10.11111111111111
      }
    },
    "valid": {
      "label_dir": "C:\\Users\\54544\\OneDrive\\Documents\\GitHub\\YOLO_DDS\\Dental OPG XRAY Dataset\\Augmented_Data\\valid\\labels",
      "num_images": 23,
      "total_valid_boxes": 115,
      "invalid_boxes": 0,
      "per_class_counts": [
        14,
        4,
        18,
        3,
        9,
        67
      ],
      "boxes_per_image": {
        "min": 1,
        "max": 10,
        "mean": 5.0
      }
    },
    "test": {
      "label_dir": "C:\\Users\\54544\\OneDrive\\Documents\\GitHub\\YOLO_DDS\\Dental OPG XRAY Dataset\\Augmented_Data\\test\\labels",
      "num_images": 23,
      "total_valid_boxes": 102,
      "invalid_boxes": 0,
      "per_class_counts": [
        26,
        5,
        12,
        0,
        5,
        54
      ],
      "boxes_per_image": {
        "min": 2,
        "max": 9,
        "mean": 4.434782608695652
      }
    }
  },
  "val_debug_batch": {
    "images": [
      {
        "image_id": "105_jpg.rf.fc10e27e37bdacf62e154171aa518d6a",
        "orig_size": [
          640,
          315
        ],
        "num_gt": 3,
        "num_pred_val_thresh": 13,
        "avg_obj_logit": -6.032566070556641,
        "num_pred_low_thresh": 30,
        "pred_to_gt_iou_mean": 0.0698249489068985,
        "gt_to_pred_iou_mean": 0.5835974812507629
      },
      {
        "image_id": "122_jpg.rf.7668820b59771bafa96b99ba5411b121",
        "orig_size": [
          640,
          311
        ],
        "num_gt": 7,
        "num_pred_val_thresh": 11,
        "avg_obj_logit": -6.091753959655762,
        "num_pred_low_thresh": 30,
        "pred_to_gt_iou_mean": 0.24910788238048553,
        "gt_to_pred_iou_mean": 0.6390473246574402
      },
      {
        "image_id": "130_jpg.rf.f26cfd39dad7baef3d90c6f98aaa23ab",
        "orig_size": [
          640,
          278
        ],
        "num_gt": 2,
        "num_pred_val_thresh": 20,
        "avg_obj_logit": -6.034408092498779,
        "num_pred_low_thresh": 30,
        "pred_to_gt_iou_mean": 0.07845310866832733,
        "gt_to_pred_iou_mean": 0.8111832141876221
      },
      {
        "image_id": "141_jpg.rf.a7d2f07e8fbc3051dd3f306d89babea4",
        "orig_size": [
          640,
          312
        ],
        "num_gt": 2,
        "num_pred_val_thresh": 12,
        "avg_obj_logit": -6.063541889190674,
        "num_pred_low_thresh": 30,
        "pred_to_gt_iou_mean": 0.07333098351955414,
        "gt_to_pred_iou_mean": 0.6309179067611694
      }
    ]
  }
}