{
  "epoch": 21,
  "train_loss": 0.20347834559423583,
  "val_loss": 1.0849788586298625,
  "train_pos_per_image": 10.135714285714286,
  "val_pos_per_image": 4.958333333333333,
  "metrics": {
    "mAP": 0.11052197217941284,
    "per_class_ap": {
      "0": 0.08095238357782364,
      "1": 0.0,
      "2": 0.4034900367259979,
      "3": 0.0,
      "4": 0.02777777798473835,
      "5": 0.1509116291999817
    },
    "per_class_counts": {
      "0": {
        "gt": 14,
        "pred": 16,
        "tp": 2,
        "fp": 14,
        "final_recall": 0.1428571492433548,
        "final_precision": 0.125
      },
      "2": {
        "gt": 18,
        "pred": 28,
        "tp": 12,
        "fp": 16,
        "final_recall": 0.6666666865348816,
        "final_precision": 0.4285714328289032
      },
      "4": {
        "gt": 9,
        "pred": 4,
        "tp": 1,
        "fp": 3,
        "final_recall": 0.1111111119389534,
        "final_precision": 0.25
      },
      "5": {
        "gt": 67,
        "pred": 224,
        "tp": 38,
        "fp": 186,
        "final_recall": 0.5671641826629639,
        "final_precision": 0.1696428507566452
      }
    },
    "mean_iou": 0.7299854350941521
  },
  "label_stats": {
    "train": {
      "label_dir": "C:\\Users\\54544\\OneDrive\\Documents\\GitHub\\YOLO_DDS\\Dental OPG XRAY Dataset\\Augmented_Data\\train\\labels",
      "num_images": 558,
      "total_valid_boxes": 5642,
      "invalid_boxes": 0,
      "per_class_counts": [
        853,
        172,
        729,
        69,
        526,
        3293
      ],
      "boxes_per_image": {
        "min": 1,
        "max": 25,
        "mean": 10.11111111111111
      }
    },
    "valid": {
      "label_dir": "C:\\Users\\54544\\OneDrive\\Documents\\GitHub\\YOLO_DDS\\Dental OPG XRAY Dataset\\Augmented_Data\\valid\\labels",
      "num_images": 23,
      "total_valid_boxes": 115,
      "invalid_boxes": 0,
      "per_class_counts": [
        14,
        4,
        18,
        3,
        9,
        67
      ],
      "boxes_per_image": {
        "min": 1,
        "max": 10,
        "mean": 5.0
      }
    },
    "test": {
      "label_dir": "C:\\Users\\54544\\OneDrive\\Documents\\GitHub\\YOLO_DDS\\Dental OPG XRAY Dataset\\Augmented_Data\\test\\labels",
      "num_images": 23,
      "total_valid_boxes": 102,
      "invalid_boxes": 0,
      "per_class_counts": [
        26,
        5,
        12,
        0,
        5,
        54
      ],
      "boxes_per_image": {
        "min": 2,
        "max": 9,
        "mean": 4.434782608695652
      }
    }
  },
  "val_debug_batch": {
    "images": [
      {
        "image_id": "105_jpg.rf.fc10e27e37bdacf62e154171aa518d6a",
        "orig_size": [
          640,
          315
        ],
        "num_gt": 3,
        "num_pred_val_thresh": 14,
        "avg_obj_logit": -5.814329147338867,
        "num_pred_low_thresh": 30,
        "pred_to_gt_iou_mean": 0.1037096306681633,
        "gt_to_pred_iou_mean": 0.8185019493103027
      },
      {
        "image_id": "122_jpg.rf.7668820b59771bafa96b99ba5411b121",
        "orig_size": [
          640,
          311
        ],
        "num_gt": 7,
        "num_pred_val_thresh": 7,
        "avg_obj_logit": -5.87321662902832,
        "num_pred_low_thresh": 30,
        "pred_to_gt_iou_mean": 0.2695009112358093,
        "gt_to_pred_iou_mean": 0.704534649848938
      },
      {
        "image_id": "130_jpg.rf.f26cfd39dad7baef3d90c6f98aaa23ab",
        "orig_size": [
          640,
          278
        ],
        "num_gt": 2,
        "num_pred_val_thresh": 11,
        "avg_obj_logit": -5.823084354400635,
        "num_pred_low_thresh": 30,
        "pred_to_gt_iou_mean": 0.07860051095485687,
        "gt_to_pred_iou_mean": 0.8538983464241028
      },
      {
        "image_id": "141_jpg.rf.a7d2f07e8fbc3051dd3f306d89babea4",
        "orig_size": [
          640,
          312
        ],
        "num_gt": 2,
        "num_pred_val_thresh": 7,
        "avg_obj_logit": -5.784623146057129,
        "num_pred_low_thresh": 30,
        "pred_to_gt_iou_mean": 0.06335548311471939,
        "gt_to_pred_iou_mean": 0.6897046566009521
      }
    ]
  }
}