{
  "epoch": 40,
  "train_loss": 0.10267339689391,
  "val_loss": 1.1120080351829529,
  "train_pos_per_image": 10.116071428571429,
  "val_pos_per_image": 4.958333333333333,
  "metrics": {
    "mAP": 0.11509951949119568,
    "per_class_ap": {
      "0": 0.12184874713420868,
      "1": 0.0,
      "2": 0.3973073363304138,
      "3": 0.0,
      "4": 0.02777777798473835,
      "5": 0.14366325736045837
    },
    "mean_iou": 0.7355908439272926
  },
  "label_stats": {
    "label_dir": "C:\\Users\\54544\\OneDrive\\Documents\\GitHub\\YOLO_DDS\\Dental OPG XRAY Dataset\\Augmented_Data\\train\\labels",
    "num_images": 558,
    "total_valid_boxes": 5642,
    "invalid_boxes": 0,
    "per_class_counts": [
      853,
      172,
      729,
      69,
      526,
      3293
    ],
    "boxes_per_image": {
      "min": 1,
      "max": 25,
      "mean": 10.11111111111111
    }
  },
  "val_debug_batch": {
    "images": [
      {
        "image_id": "105_jpg.rf.fc10e27e37bdacf62e154171aa518d6a",
        "orig_size": [
          640,
          315
        ],
        "num_gt": 3,
        "num_pred_val_thresh": 15,
        "avg_obj_logit": -5.982083797454834,
        "num_pred_low_thresh": 30,
        "pred_to_gt_iou_mean": 0.0566592775285244,
        "gt_to_pred_iou_mean": 0.5310728549957275
      },
      {
        "image_id": "122_jpg.rf.7668820b59771bafa96b99ba5411b121",
        "orig_size": [
          640,
          311
        ],
        "num_gt": 7,
        "num_pred_val_thresh": 13,
        "avg_obj_logit": -6.088011741638184,
        "num_pred_low_thresh": 30,
        "pred_to_gt_iou_mean": 0.2621765732765198,
        "gt_to_pred_iou_mean": 0.6600467562675476
      },
      {
        "image_id": "130_jpg.rf.f26cfd39dad7baef3d90c6f98aaa23ab",
        "orig_size": [
          640,
          278
        ],
        "num_gt": 2,
        "num_pred_val_thresh": 13,
        "avg_obj_logit": -5.9864888191223145,
        "num_pred_low_thresh": 30,
        "pred_to_gt_iou_mean": 0.09231472760438919,
        "gt_to_pred_iou_mean": 0.8559660315513611
      },
      {
        "image_id": "141_jpg.rf.a7d2f07e8fbc3051dd3f306d89babea4",
        "orig_size": [
          640,
          312
        ],
        "num_gt": 2,
        "num_pred_val_thresh": 9,
        "avg_obj_logit": -6.041640758514404,
        "num_pred_low_thresh": 30,
        "pred_to_gt_iou_mean": 0.10010651499032974,
        "gt_to_pred_iou_mean": 0.5831989049911499
      }
    ]
  }
}