{
  "epoch": 16,
  "train_loss": 0.24939144902995655,
  "val_loss": 1.1167750457922618,
  "train_pos_per_image": 10.094642857142857,
  "val_pos_per_image": 4.958333333333333,
  "metrics": {
    "mAP": 0.09427521377801895,
    "per_class_ap": {
      "0": 0.05612245202064514,
      "1": 0.0,
      "2": 0.36155202984809875,
      "3": 0.0,
      "4": 0.0,
      "5": 0.14797678589820862
    },
    "per_class_counts": {
      "0": {
        "gt": 14,
        "pred": 17,
        "tp": 2,
        "fp": 15,
        "final_recall": 0.1428571492433548,
        "final_precision": 0.11764705926179886
      },
      "2": {
        "gt": 18,
        "pred": 23,
        "tp": 10,
        "fp": 13,
        "final_recall": 0.5555555820465088,
        "final_precision": 0.43478259444236755
      },
      "5": {
        "gt": 67,
        "pred": 275,
        "tp": 45,
        "fp": 230,
        "final_recall": 0.6716417670249939,
        "final_precision": 0.16363635659217834
      }
    },
    "mean_iou": 0.719017572586353
  },
  "label_stats": {
    "train": {
      "label_dir": "C:\\Users\\54544\\OneDrive\\Documents\\GitHub\\YOLO_DDS\\Dental OPG XRAY Dataset\\Augmented_Data\\train\\labels",
      "num_images": 558,
      "total_valid_boxes": 5642,
      "invalid_boxes": 0,
      "per_class_counts": [
        853,
        172,
        729,
        69,
        526,
        3293
      ],
      "boxes_per_image": {
        "min": 1,
        "max": 25,
        "mean": 10.11111111111111
      }
    },
    "valid": {
      "label_dir": "C:\\Users\\54544\\OneDrive\\Documents\\GitHub\\YOLO_DDS\\Dental OPG XRAY Dataset\\Augmented_Data\\valid\\labels",
      "num_images": 23,
      "total_valid_boxes": 115,
      "invalid_boxes": 0,
      "per_class_counts": [
        14,
        4,
        18,
        3,
        9,
        67
      ],
      "boxes_per_image": {
        "min": 1,
        "max": 10,
        "mean": 5.0
      }
    },
    "test": {
      "label_dir": "C:\\Users\\54544\\OneDrive\\Documents\\GitHub\\YOLO_DDS\\Dental OPG XRAY Dataset\\Augmented_Data\\test\\labels",
      "num_images": 23,
      "total_valid_boxes": 102,
      "invalid_boxes": 0,
      "per_class_counts": [
        26,
        5,
        12,
        0,
        5,
        54
      ],
      "boxes_per_image": {
        "min": 2,
        "max": 9,
        "mean": 4.434782608695652
      }
    }
  },
  "val_debug_batch": {
    "images": [
      {
        "image_id": "105_jpg.rf.fc10e27e37bdacf62e154171aa518d6a",
        "orig_size": [
          640,
          315
        ],
        "num_gt": 3,
        "num_pred_val_thresh": 11,
        "avg_obj_logit": -5.6341681480407715,
        "num_pred_low_thresh": 30,
        "pred_to_gt_iou_mean": 0.1113346666097641,
        "gt_to_pred_iou_mean": 0.7613563537597656
      },
      {
        "image_id": "122_jpg.rf.7668820b59771bafa96b99ba5411b121",
        "orig_size": [
          640,
          311
        ],
        "num_gt": 7,
        "num_pred_val_thresh": 8,
        "avg_obj_logit": -5.746303081512451,
        "num_pred_low_thresh": 30,
        "pred_to_gt_iou_mean": 0.25709405541419983,
        "gt_to_pred_iou_mean": 0.621842086315155
      },
      {
        "image_id": "130_jpg.rf.f26cfd39dad7baef3d90c6f98aaa23ab",
        "orig_size": [
          640,
          278
        ],
        "num_gt": 2,
        "num_pred_val_thresh": 19,
        "avg_obj_logit": -5.640710353851318,
        "num_pred_low_thresh": 30,
        "pred_to_gt_iou_mean": 0.07615430653095245,
        "gt_to_pred_iou_mean": 0.7643700838088989
      },
      {
        "image_id": "141_jpg.rf.a7d2f07e8fbc3051dd3f306d89babea4",
        "orig_size": [
          640,
          312
        ],
        "num_gt": 2,
        "num_pred_val_thresh": 12,
        "avg_obj_logit": -5.720529079437256,
        "num_pred_low_thresh": 30,
        "pred_to_gt_iou_mean": 0.05684681609272957,
        "gt_to_pred_iou_mean": 0.6240369081497192
      }
    ]
  }
}