{
  "epoch": 34,
  "train_loss": 0.12802748924919538,
  "train_loss_breakdown": {
    "giou": 0.08937219205711569,
    "objectness": 0.028752583817445807,
    "class": 0.009902713915133582
  },
  "val_loss": 1.0466531316439311,
  "val_loss_breakdown": {
    "giou": 0.2680097023646037,
    "objectness": 0.016745763986061018,
    "class": 0.7618976533412933
  },
  "train_pos_per_image": 10.1,
  "val_pos_per_image": 4.958333333333333,
  "metrics": {
    "mAP": 0.13624615967273712,
    "per_class_ap": {
      "0": 0.0773809552192688,
      "1": 0.0,
      "2": 0.528853714466095,
      "3": 0.0,
      "4": 0.0555555559694767,
      "5": 0.15568672120571136
    },
    "per_class_counts": {
      "0": {
        "gt": 14,
        "pred": 23,
        "tp": 3,
        "fp": 20,
        "final_recall": 0.2142857164144516,
        "final_precision": 0.1304347813129425
      },
      "2": {
        "gt": 18,
        "pred": 26,
        "tp": 12,
        "fp": 14,
        "final_recall": 0.6666666865348816,
        "final_precision": 0.4615384638309479
      },
      "4": {
        "gt": 9,
        "pred": 6,
        "tp": 1,
        "fp": 5,
        "final_recall": 0.1111111119389534,
        "final_precision": 0.1666666716337204
      },
      "5": {
        "gt": 67,
        "pred": 300,
        "tp": 45,
        "fp": 255,
        "final_recall": 0.6716417670249939,
        "final_precision": 0.15000000596046448
      }
    },
    "mean_iou": 0.7434610245805798
  },
  "val_confidence": {
    "count": 355,
    "mean": 0.34434667229652405,
    "median": 0.3138873875141144,
    "p90": 0.513563871383667
  },
  "label_stats": {
    "train": {
      "label_dir": "C:\\Users\\54544\\OneDrive\\Documents\\GitHub\\YOLO_DDS\\Dental OPG XRAY Dataset\\Augmented_Data\\train\\labels",
      "num_images": 558,
      "images_with_no_boxes": 0,
      "total_valid_boxes": 5642,
      "invalid_boxes": 0,
      "per_class_counts": [
        853,
        172,
        729,
        69,
        526,
        3293
      ],
      "per_class_image_freq": [
        392,
        104,
        322,
        58,
        225,
        550
      ],
      "class_presence_ratio": [
        0.7025089605734767,
        0.1863799283154122,
        0.5770609318996416,
        0.1039426523297491,
        0.4032258064516129,
        0.985663082437276
      ],
      "missing_classes": [],
      "class_imbalance_ratio": 47.72463768115942,
      "boxes_per_image": {
        "min": 1,
        "max": 25,
        "mean": 10.11111111111111
      }
    },
    "valid": {
      "label_dir": "C:\\Users\\54544\\OneDrive\\Documents\\GitHub\\YOLO_DDS\\Dental OPG XRAY Dataset\\Augmented_Data\\valid\\labels",
      "num_images": 23,
      "images_with_no_boxes": 0,
      "total_valid_boxes": 115,
      "invalid_boxes": 0,
      "per_class_counts": [
        14,
        4,
        18,
        3,
        9,
        67
      ],
      "per_class_image_freq": [
        8,
        3,
        7,
        3,
        6,
        22
      ],
      "class_presence_ratio": [
        0.34782608695652173,
        0.13043478260869565,
        0.30434782608695654,
        0.13043478260869565,
        0.2608695652173913,
        0.9565217391304348
      ],
      "missing_classes": [],
      "class_imbalance_ratio": 22.333333333333332,
      "boxes_per_image": {
        "min": 1,
        "max": 10,
        "mean": 5.0
      }
    },
    "test": {
      "label_dir": "C:\\Users\\54544\\OneDrive\\Documents\\GitHub\\YOLO_DDS\\Dental OPG XRAY Dataset\\Augmented_Data\\test\\labels",
      "num_images": 23,
      "images_with_no_boxes": 0,
      "total_valid_boxes": 102,
      "invalid_boxes": 0,
      "per_class_counts": [
        26,
        5,
        12,
        0,
        5,
        54
      ],
      "per_class_image_freq": [
        14,
        2,
        7,
        0,
        4,
        23
      ],
      "class_presence_ratio": [
        0.6086956521739131,
        0.08695652173913043,
        0.30434782608695654,
        0.0,
        0.17391304347826086,
        1.0
      ],
      "missing_classes": [
        3
      ],
      "class_imbalance_ratio": 10.8,
      "boxes_per_image": {
        "min": 2,
        "max": 9,
        "mean": 4.434782608695652
      }
    }
  },
  "val_debug_batch": {
    "images": [
      {
        "image_id": "105_jpg.rf.fc10e27e37bdacf62e154171aa518d6a",
        "orig_size": [
          640,
          315
        ],
        "num_gt": 3,
        "num_pred_val_thresh": 13,
        "avg_obj_logit": -6.034270763397217,
        "num_pred_low_thresh": 30,
        "pred_to_gt_iou_mean": 0.0826798677444458,
        "gt_to_pred_iou_mean": 0.7710685729980469
      },
      {
        "image_id": "122_jpg.rf.7668820b59771bafa96b99ba5411b121",
        "orig_size": [
          640,
          311
        ],
        "num_gt": 7,
        "num_pred_val_thresh": 12,
        "avg_obj_logit": -6.0984392166137695,
        "num_pred_low_thresh": 30,
        "pred_to_gt_iou_mean": 0.2881998121738434,
        "gt_to_pred_iou_mean": 0.6637383699417114
      },
      {
        "image_id": "130_jpg.rf.f26cfd39dad7baef3d90c6f98aaa23ab",
        "orig_size": [
          640,
          278
        ],
        "num_gt": 2,
        "num_pred_val_thresh": 14,
        "avg_obj_logit": -6.03552770614624,
        "num_pred_low_thresh": 30,
        "pred_to_gt_iou_mean": 0.07832493633031845,
        "gt_to_pred_iou_mean": 0.8325247764587402
      },
      {
        "image_id": "141_jpg.rf.a7d2f07e8fbc3051dd3f306d89babea4",
        "orig_size": [
          640,
          312
        ],
        "num_gt": 2,
        "num_pred_val_thresh": 11,
        "avg_obj_logit": -6.022831439971924,
        "num_pred_low_thresh": 30,
        "pred_to_gt_iou_mean": 0.0815286785364151,
        "gt_to_pred_iou_mean": 0.7339155077934265
      }
    ]
  }
}