{
  "epoch": 11,
  "train_loss": 0.3066219215946538,
  "val_loss": 0.9878171781698862,
  "train_pos_per_image": 10.1,
  "val_pos_per_image": 4.958333333333333,
  "metrics": {
    "mAP": 0.09676885604858398,
    "per_class_ap": {
      "0": 0.10000000149011612,
      "1": 0.0,
      "2": 0.35679012537002563,
      "3": 0.0,
      "4": 0.0,
      "5": 0.12382300943136215
    },
    "per_class_counts": {
      "0": {
        "gt": 14,
        "pred": 25,
        "tp": 3,
        "fp": 22,
        "final_recall": 0.2142857164144516,
        "final_precision": 0.11999999731779099
      },
      "2": {
        "gt": 18,
        "pred": 18,
        "tp": 10,
        "fp": 8,
        "final_recall": 0.5555555820465088,
        "final_precision": 0.5555555820465088
      },
      "5": {
        "gt": 67,
        "pred": 227,
        "tp": 37,
        "fp": 190,
        "final_recall": 0.5522388219833374,
        "final_precision": 0.1629955917596817
      }
    },
    "mean_iou": 0.7195327989125656
  },
  "label_stats": {
    "train": {
      "label_dir": "C:\\Users\\54544\\OneDrive\\Documents\\GitHub\\YOLO_DDS\\Dental OPG XRAY Dataset\\Augmented_Data\\train\\labels",
      "num_images": 558,
      "total_valid_boxes": 5642,
      "invalid_boxes": 0,
      "per_class_counts": [
        853,
        172,
        729,
        69,
        526,
        3293
      ],
      "boxes_per_image": {
        "min": 1,
        "max": 25,
        "mean": 10.11111111111111
      }
    },
    "valid": {
      "label_dir": "C:\\Users\\54544\\OneDrive\\Documents\\GitHub\\YOLO_DDS\\Dental OPG XRAY Dataset\\Augmented_Data\\valid\\labels",
      "num_images": 23,
      "total_valid_boxes": 115,
      "invalid_boxes": 0,
      "per_class_counts": [
        14,
        4,
        18,
        3,
        9,
        67
      ],
      "boxes_per_image": {
        "min": 1,
        "max": 10,
        "mean": 5.0
      }
    },
    "test": {
      "label_dir": "C:\\Users\\54544\\OneDrive\\Documents\\GitHub\\YOLO_DDS\\Dental OPG XRAY Dataset\\Augmented_Data\\test\\labels",
      "num_images": 23,
      "total_valid_boxes": 102,
      "invalid_boxes": 0,
      "per_class_counts": [
        26,
        5,
        12,
        0,
        5,
        54
      ],
      "boxes_per_image": {
        "min": 2,
        "max": 9,
        "mean": 4.434782608695652
      }
    }
  },
  "val_debug_batch": {
    "images": [
      {
        "image_id": "105_jpg.rf.fc10e27e37bdacf62e154171aa518d6a",
        "orig_size": [
          640,
          315
        ],
        "num_gt": 3,
        "num_pred_val_thresh": 8,
        "avg_obj_logit": -5.458662986755371,
        "num_pred_low_thresh": 30,
        "pred_to_gt_iou_mean": 0.06066911295056343,
        "gt_to_pred_iou_mean": 0.5602334141731262
      },
      {
        "image_id": "122_jpg.rf.7668820b59771bafa96b99ba5411b121",
        "orig_size": [
          640,
          311
        ],
        "num_gt": 7,
        "num_pred_val_thresh": 7,
        "avg_obj_logit": -5.510848045349121,
        "num_pred_low_thresh": 30,
        "pred_to_gt_iou_mean": 0.2669999301433563,
        "gt_to_pred_iou_mean": 0.6433303952217102
      },
      {
        "image_id": "130_jpg.rf.f26cfd39dad7baef3d90c6f98aaa23ab",
        "orig_size": [
          640,
          278
        ],
        "num_gt": 2,
        "num_pred_val_thresh": 14,
        "avg_obj_logit": -5.489226341247559,
        "num_pred_low_thresh": 30,
        "pred_to_gt_iou_mean": 0.06215294450521469,
        "gt_to_pred_iou_mean": 0.668189525604248
      },
      {
        "image_id": "141_jpg.rf.a7d2f07e8fbc3051dd3f306d89babea4",
        "orig_size": [
          640,
          312
        ],
        "num_gt": 2,
        "num_pred_val_thresh": 9,
        "avg_obj_logit": -5.47169828414917,
        "num_pred_low_thresh": 30,
        "pred_to_gt_iou_mean": 0.04971941187977791,
        "gt_to_pred_iou_mean": 0.6045664548873901
      }
    ]
  }
}