{
  "epoch": 41,
  "train_loss": 0.09664644689432213,
  "val_loss": 1.052923063437144,
  "train_pos_per_image": 10.10892857142857,
  "val_pos_per_image": 4.958333333333333,
  "metrics": {
    "mAP": 0.16765083372592926,
    "per_class_ap": {
      "0": 0.09285714477300644,
      "1": 0.0,
      "2": 0.6326127648353577,
      "3": 0.0,
      "4": 0.11616161465644836,
      "5": 0.16427351534366608
    },
    "per_class_counts": {
      "0": {
        "gt": 14,
        "pred": 30,
        "tp": 3,
        "fp": 27,
        "final_recall": 0.2142857164144516,
        "final_precision": 0.10000000149011612
      },
      "2": {
        "gt": 18,
        "pred": 34,
        "tp": 14,
        "fp": 20,
        "final_recall": 0.7777777910232544,
        "final_precision": 0.4117647111415863
      },
      "4": {
        "gt": 9,
        "pred": 11,
        "tp": 3,
        "fp": 8,
        "final_recall": 0.3333333432674408,
        "final_precision": 0.27272728085517883
      },
      "5": {
        "gt": 67,
        "pred": 307,
        "tp": 46,
        "fp": 261,
        "final_recall": 0.6865671873092651,
        "final_precision": 0.14983713626861572
      }
    },
    "mean_iou": 0.7258191044266159
  },
  "label_stats": {
    "train": {
      "label_dir": "C:\\Users\\54544\\OneDrive\\Documents\\GitHub\\YOLO_DDS\\Dental OPG XRAY Dataset\\Augmented_Data\\train\\labels",
      "num_images": 558,
      "total_valid_boxes": 5642,
      "invalid_boxes": 0,
      "per_class_counts": [
        853,
        172,
        729,
        69,
        526,
        3293
      ],
      "boxes_per_image": {
        "min": 1,
        "max": 25,
        "mean": 10.11111111111111
      }
    },
    "valid": {
      "label_dir": "C:\\Users\\54544\\OneDrive\\Documents\\GitHub\\YOLO_DDS\\Dental OPG XRAY Dataset\\Augmented_Data\\valid\\labels",
      "num_images": 23,
      "total_valid_boxes": 115,
      "invalid_boxes": 0,
      "per_class_counts": [
        14,
        4,
        18,
        3,
        9,
        67
      ],
      "boxes_per_image": {
        "min": 1,
        "max": 10,
        "mean": 5.0
      }
    },
    "test": {
      "label_dir": "C:\\Users\\54544\\OneDrive\\Documents\\GitHub\\YOLO_DDS\\Dental OPG XRAY Dataset\\Augmented_Data\\test\\labels",
      "num_images": 23,
      "total_valid_boxes": 102,
      "invalid_boxes": 0,
      "per_class_counts": [
        26,
        5,
        12,
        0,
        5,
        54
      ],
      "boxes_per_image": {
        "min": 2,
        "max": 9,
        "mean": 4.434782608695652
      }
    }
  },
  "val_debug_batch": {
    "images": [
      {
        "image_id": "105_jpg.rf.fc10e27e37bdacf62e154171aa518d6a",
        "orig_size": [
          640,
          315
        ],
        "num_gt": 3,
        "num_pred_val_thresh": 14,
        "avg_obj_logit": -5.991891384124756,
        "num_pred_low_thresh": 30,
        "pred_to_gt_iou_mean": 0.06948187202215195,
        "gt_to_pred_iou_mean": 0.576026976108551
      },
      {
        "image_id": "122_jpg.rf.7668820b59771bafa96b99ba5411b121",
        "orig_size": [
          640,
          311
        ],
        "num_gt": 7,
        "num_pred_val_thresh": 12,
        "avg_obj_logit": -6.0579118728637695,
        "num_pred_low_thresh": 30,
        "pred_to_gt_iou_mean": 0.25098270177841187,
        "gt_to_pred_iou_mean": 0.6387678980827332
      },
      {
        "image_id": "130_jpg.rf.f26cfd39dad7baef3d90c6f98aaa23ab",
        "orig_size": [
          640,
          278
        ],
        "num_gt": 2,
        "num_pred_val_thresh": 19,
        "avg_obj_logit": -5.991427898406982,
        "num_pred_low_thresh": 30,
        "pred_to_gt_iou_mean": 0.07927033305168152,
        "gt_to_pred_iou_mean": 0.8209550380706787
      },
      {
        "image_id": "141_jpg.rf.a7d2f07e8fbc3051dd3f306d89babea4",
        "orig_size": [
          640,
          312
        ],
        "num_gt": 2,
        "num_pred_val_thresh": 12,
        "avg_obj_logit": -6.026034355163574,
        "num_pred_low_thresh": 30,
        "pred_to_gt_iou_mean": 0.07395993918180466,
        "gt_to_pred_iou_mean": 0.6303905248641968
      }
    ]
  }
}