{
  "epoch": 37,
  "train_loss": 0.11097539035337312,
  "val_loss": 1.0688108503818512,
  "train_pos_per_image": 10.1125,
  "val_pos_per_image": 4.958333333333333,
  "metrics": {
    "mAP": 0.14921216666698456,
    "per_class_ap": {
      "0": 0.08241758495569229,
      "1": 0.0,
      "2": 0.5889351963996887,
      "3": 0.0,
      "4": 0.0555555559694767,
      "5": 0.16836467385292053
    },
    "per_class_counts": {
      "0": {
        "gt": 14,
        "pred": 22,
        "tp": 2,
        "fp": 20,
        "final_recall": 0.1428571492433548,
        "final_precision": 0.09090909361839294
      },
      "2": {
        "gt": 18,
        "pred": 28,
        "tp": 12,
        "fp": 16,
        "final_recall": 0.6666666865348816,
        "final_precision": 0.4285714328289032
      },
      "4": {
        "gt": 9,
        "pred": 7,
        "tp": 1,
        "fp": 6,
        "final_recall": 0.1111111119389534,
        "final_precision": 0.1428571492433548
      },
      "5": {
        "gt": 67,
        "pred": 282,
        "tp": 47,
        "fp": 235,
        "final_recall": 0.7014925479888916,
        "final_precision": 0.1666666716337204
      }
    },
    "mean_iou": 0.7273169246272765
  },
  "label_stats": {
    "train": {
      "label_dir": "C:\\Users\\54544\\OneDrive\\Documents\\GitHub\\YOLO_DDS\\Dental OPG XRAY Dataset\\Augmented_Data\\train\\labels",
      "num_images": 558,
      "total_valid_boxes": 5642,
      "invalid_boxes": 0,
      "per_class_counts": [
        853,
        172,
        729,
        69,
        526,
        3293
      ],
      "boxes_per_image": {
        "min": 1,
        "max": 25,
        "mean": 10.11111111111111
      }
    },
    "valid": {
      "label_dir": "C:\\Users\\54544\\OneDrive\\Documents\\GitHub\\YOLO_DDS\\Dental OPG XRAY Dataset\\Augmented_Data\\valid\\labels",
      "num_images": 23,
      "total_valid_boxes": 115,
      "invalid_boxes": 0,
      "per_class_counts": [
        14,
        4,
        18,
        3,
        9,
        67
      ],
      "boxes_per_image": {
        "min": 1,
        "max": 10,
        "mean": 5.0
      }
    },
    "test": {
      "label_dir": "C:\\Users\\54544\\OneDrive\\Documents\\GitHub\\YOLO_DDS\\Dental OPG XRAY Dataset\\Augmented_Data\\test\\labels",
      "num_images": 23,
      "total_valid_boxes": 102,
      "invalid_boxes": 0,
      "per_class_counts": [
        26,
        5,
        12,
        0,
        5,
        54
      ],
      "boxes_per_image": {
        "min": 2,
        "max": 9,
        "mean": 4.434782608695652
      }
    }
  },
  "val_debug_batch": {
    "images": [
      {
        "image_id": "105_jpg.rf.fc10e27e37bdacf62e154171aa518d6a",
        "orig_size": [
          640,
          315
        ],
        "num_gt": 3,
        "num_pred_val_thresh": 12,
        "avg_obj_logit": -6.027255535125732,
        "num_pred_low_thresh": 30,
        "pred_to_gt_iou_mean": 0.0688786432147026,
        "gt_to_pred_iou_mean": 0.5807525515556335
      },
      {
        "image_id": "122_jpg.rf.7668820b59771bafa96b99ba5411b121",
        "orig_size": [
          640,
          311
        ],
        "num_gt": 7,
        "num_pred_val_thresh": 8,
        "avg_obj_logit": -6.083683967590332,
        "num_pred_low_thresh": 30,
        "pred_to_gt_iou_mean": 0.25094059109687805,
        "gt_to_pred_iou_mean": 0.6386256217956543
      },
      {
        "image_id": "130_jpg.rf.f26cfd39dad7baef3d90c6f98aaa23ab",
        "orig_size": [
          640,
          278
        ],
        "num_gt": 2,
        "num_pred_val_thresh": 17,
        "avg_obj_logit": -6.02866792678833,
        "num_pred_low_thresh": 30,
        "pred_to_gt_iou_mean": 0.07921804487705231,
        "gt_to_pred_iou_mean": 0.7968591451644897
      },
      {
        "image_id": "141_jpg.rf.a7d2f07e8fbc3051dd3f306d89babea4",
        "orig_size": [
          640,
          312
        ],
        "num_gt": 2,
        "num_pred_val_thresh": 11,
        "avg_obj_logit": -6.057938575744629,
        "num_pred_low_thresh": 30,
        "pred_to_gt_iou_mean": 0.07051461189985275,
        "gt_to_pred_iou_mean": 0.6275639533996582
      }
    ]
  }
}