{
  "epoch": 42,
  "train_loss": 0.09381662287882396,
  "val_loss": 1.0533854564030964,
  "train_pos_per_image": 10.121428571428572,
  "val_pos_per_image": 4.958333333333333,
  "metrics": {
    "mAP": 0.15424804389476776,
    "per_class_ap": {
      "0": 0.08095238357782364,
      "1": 0.0,
      "2": 0.6016374826431274,
      "3": 0.0,
      "4": 0.0833333358168602,
      "5": 0.15956510603427887
    },
    "per_class_counts": {
      "0": {
        "gt": 14,
        "pred": 23,
        "tp": 2,
        "fp": 21,
        "final_recall": 0.1428571492433548,
        "final_precision": 0.08695652335882187
      },
      "2": {
        "gt": 18,
        "pred": 28,
        "tp": 13,
        "fp": 15,
        "final_recall": 0.7222222089767456,
        "final_precision": 0.4642857015132904
      },
      "4": {
        "gt": 9,
        "pred": 9,
        "tp": 2,
        "fp": 7,
        "final_recall": 0.2222222238779068,
        "final_precision": 0.2222222238779068
      },
      "5": {
        "gt": 67,
        "pred": 296,
        "tp": 46,
        "fp": 250,
        "final_recall": 0.6865671873092651,
        "final_precision": 0.15540540218353271
      }
    },
    "mean_iou": 0.7301213850437756
  },
  "label_stats": {
    "train": {
      "label_dir": "C:\\Users\\54544\\OneDrive\\Documents\\GitHub\\YOLO_DDS\\Dental OPG XRAY Dataset\\Augmented_Data\\train\\labels",
      "num_images": 558,
      "total_valid_boxes": 5642,
      "invalid_boxes": 0,
      "per_class_counts": [
        853,
        172,
        729,
        69,
        526,
        3293
      ],
      "boxes_per_image": {
        "min": 1,
        "max": 25,
        "mean": 10.11111111111111
      }
    },
    "valid": {
      "label_dir": "C:\\Users\\54544\\OneDrive\\Documents\\GitHub\\YOLO_DDS\\Dental OPG XRAY Dataset\\Augmented_Data\\valid\\labels",
      "num_images": 23,
      "total_valid_boxes": 115,
      "invalid_boxes": 0,
      "per_class_counts": [
        14,
        4,
        18,
        3,
        9,
        67
      ],
      "boxes_per_image": {
        "min": 1,
        "max": 10,
        "mean": 5.0
      }
    },
    "test": {
      "label_dir": "C:\\Users\\54544\\OneDrive\\Documents\\GitHub\\YOLO_DDS\\Dental OPG XRAY Dataset\\Augmented_Data\\test\\labels",
      "num_images": 23,
      "total_valid_boxes": 102,
      "invalid_boxes": 0,
      "per_class_counts": [
        26,
        5,
        12,
        0,
        5,
        54
      ],
      "boxes_per_image": {
        "min": 2,
        "max": 9,
        "mean": 4.434782608695652
      }
    }
  },
  "val_debug_batch": {
    "images": [
      {
        "image_id": "105_jpg.rf.fc10e27e37bdacf62e154171aa518d6a",
        "orig_size": [
          640,
          315
        ],
        "num_gt": 3,
        "num_pred_val_thresh": 10,
        "avg_obj_logit": -6.056344509124756,
        "num_pred_low_thresh": 30,
        "pred_to_gt_iou_mean": 0.0696529820561409,
        "gt_to_pred_iou_mean": 0.5794757008552551
      },
      {
        "image_id": "122_jpg.rf.7668820b59771bafa96b99ba5411b121",
        "orig_size": [
          640,
          311
        ],
        "num_gt": 7,
        "num_pred_val_thresh": 9,
        "avg_obj_logit": -6.117096900939941,
        "num_pred_low_thresh": 30,
        "pred_to_gt_iou_mean": 0.24826063215732574,
        "gt_to_pred_iou_mean": 0.6356024146080017
      },
      {
        "image_id": "130_jpg.rf.f26cfd39dad7baef3d90c6f98aaa23ab",
        "orig_size": [
          640,
          278
        ],
        "num_gt": 2,
        "num_pred_val_thresh": 20,
        "avg_obj_logit": -6.058034420013428,
        "num_pred_low_thresh": 30,
        "pred_to_gt_iou_mean": 0.07838843017816544,
        "gt_to_pred_iou_mean": 0.8127444386482239
      },
      {
        "image_id": "141_jpg.rf.a7d2f07e8fbc3051dd3f306d89babea4",
        "orig_size": [
          640,
          312
        ],
        "num_gt": 2,
        "num_pred_val_thresh": 10,
        "avg_obj_logit": -6.095173358917236,
        "num_pred_low_thresh": 30,
        "pred_to_gt_iou_mean": 0.07353942096233368,
        "gt_to_pred_iou_mean": 0.6258411407470703
      }
    ]
  }
}