{
  "epoch": 34,
  "train_loss": 0.12265033024762358,
  "val_loss": 1.0879929860432942,
  "train_pos_per_image": 10.1,
  "val_pos_per_image": 4.958333333333333,
  "metrics": {
    "mAP": 0.1439349204301834,
    "per_class_ap": {
      "0": 0.058441560715436935,
      "1": 0.0,
      "2": 0.5855307579040527,
      "3": 0.0,
      "4": 0.0555555559694767,
      "5": 0.16408169269561768
    },
    "per_class_counts": {
      "0": {
        "gt": 14,
        "pred": 24,
        "tp": 3,
        "fp": 21,
        "final_recall": 0.2142857164144516,
        "final_precision": 0.125
      },
      "2": {
        "gt": 18,
        "pred": 33,
        "tp": 13,
        "fp": 20,
        "final_recall": 0.7222222089767456,
        "final_precision": 0.39393940567970276
      },
      "4": {
        "gt": 9,
        "pred": 6,
        "tp": 1,
        "fp": 5,
        "final_recall": 0.1111111119389534,
        "final_precision": 0.1666666716337204
      },
      "5": {
        "gt": 67,
        "pred": 322,
        "tp": 47,
        "fp": 275,
        "final_recall": 0.7014925479888916,
        "final_precision": 0.14596273005008698
      }
    },
    "mean_iou": 0.7326380215786599
  },
  "label_stats": {
    "train": {
      "label_dir": "C:\\Users\\54544\\OneDrive\\Documents\\GitHub\\YOLO_DDS\\Dental OPG XRAY Dataset\\Augmented_Data\\train\\labels",
      "num_images": 558,
      "total_valid_boxes": 5642,
      "invalid_boxes": 0,
      "per_class_counts": [
        853,
        172,
        729,
        69,
        526,
        3293
      ],
      "boxes_per_image": {
        "min": 1,
        "max": 25,
        "mean": 10.11111111111111
      }
    },
    "valid": {
      "label_dir": "C:\\Users\\54544\\OneDrive\\Documents\\GitHub\\YOLO_DDS\\Dental OPG XRAY Dataset\\Augmented_Data\\valid\\labels",
      "num_images": 23,
      "total_valid_boxes": 115,
      "invalid_boxes": 0,
      "per_class_counts": [
        14,
        4,
        18,
        3,
        9,
        67
      ],
      "boxes_per_image": {
        "min": 1,
        "max": 10,
        "mean": 5.0
      }
    },
    "test": {
      "label_dir": "C:\\Users\\54544\\OneDrive\\Documents\\GitHub\\YOLO_DDS\\Dental OPG XRAY Dataset\\Augmented_Data\\test\\labels",
      "num_images": 23,
      "total_valid_boxes": 102,
      "invalid_boxes": 0,
      "per_class_counts": [
        26,
        5,
        12,
        0,
        5,
        54
      ],
      "boxes_per_image": {
        "min": 2,
        "max": 9,
        "mean": 4.434782608695652
      }
    }
  },
  "val_debug_batch": {
    "images": [
      {
        "image_id": "105_jpg.rf.fc10e27e37bdacf62e154171aa518d6a",
        "orig_size": [
          640,
          315
        ],
        "num_gt": 3,
        "num_pred_val_thresh": 13,
        "avg_obj_logit": -6.008660316467285,
        "num_pred_low_thresh": 30,
        "pred_to_gt_iou_mean": 0.06765143573284149,
        "gt_to_pred_iou_mean": 0.5701466202735901
      },
      {
        "image_id": "122_jpg.rf.7668820b59771bafa96b99ba5411b121",
        "orig_size": [
          640,
          311
        ],
        "num_gt": 7,
        "num_pred_val_thresh": 9,
        "avg_obj_logit": -6.076990604400635,
        "num_pred_low_thresh": 30,
        "pred_to_gt_iou_mean": 0.26541048288345337,
        "gt_to_pred_iou_mean": 0.6807479858398438
      },
      {
        "image_id": "130_jpg.rf.f26cfd39dad7baef3d90c6f98aaa23ab",
        "orig_size": [
          640,
          278
        ],
        "num_gt": 2,
        "num_pred_val_thresh": 20,
        "avg_obj_logit": -6.0139875411987305,
        "num_pred_low_thresh": 30,
        "pred_to_gt_iou_mean": 0.07792715728282928,
        "gt_to_pred_iou_mean": 0.814582347869873
      },
      {
        "image_id": "141_jpg.rf.a7d2f07e8fbc3051dd3f306d89babea4",
        "orig_size": [
          640,
          312
        ],
        "num_gt": 2,
        "num_pred_val_thresh": 13,
        "avg_obj_logit": -6.053441524505615,
        "num_pred_low_thresh": 30,
        "pred_to_gt_iou_mean": 0.07446049898862839,
        "gt_to_pred_iou_mean": 0.6257613897323608
      }
    ]
  }
}