{
  "epoch": 37,
  "train_loss": 0.11244474899555956,
  "val_loss": 1.1026229560375214,
  "train_pos_per_image": 10.1125,
  "val_pos_per_image": 4.958333333333333,
  "metrics": {
    "mAP": 0.11974862962961197,
    "per_class_ap": {
      "0": 0.1428571492433548,
      "1": 0.0,
      "2": 0.4026945233345032,
      "3": 0.0,
      "4": 0.02777777798473835,
      "5": 0.14516232907772064
    },
    "mean_iou": 0.7371241052945455
  },
  "label_stats": {
    "label_dir": "C:\\Users\\54544\\OneDrive\\Documents\\GitHub\\YOLO_DDS\\Dental OPG XRAY Dataset\\Augmented_Data\\train\\labels",
    "num_images": 558,
    "total_valid_boxes": 5642,
    "invalid_boxes": 0,
    "per_class_counts": [
      853,
      172,
      729,
      69,
      526,
      3293
    ],
    "boxes_per_image": {
      "min": 1,
      "max": 25,
      "mean": 10.11111111111111
    }
  },
  "val_debug_batch": {
    "images": [
      {
        "image_id": "105_jpg.rf.fc10e27e37bdacf62e154171aa518d6a",
        "orig_size": [
          640,
          315
        ],
        "num_gt": 3,
        "num_pred_val_thresh": 17,
        "avg_obj_logit": -5.95900297164917,
        "num_pred_low_thresh": 30,
        "pred_to_gt_iou_mean": 0.0591181255877018,
        "gt_to_pred_iou_mean": 0.5393118858337402
      },
      {
        "image_id": "122_jpg.rf.7668820b59771bafa96b99ba5411b121",
        "orig_size": [
          640,
          311
        ],
        "num_gt": 7,
        "num_pred_val_thresh": 12,
        "avg_obj_logit": -6.054877281188965,
        "num_pred_low_thresh": 30,
        "pred_to_gt_iou_mean": 0.26418957114219666,
        "gt_to_pred_iou_mean": 0.6667953729629517
      },
      {
        "image_id": "130_jpg.rf.f26cfd39dad7baef3d90c6f98aaa23ab",
        "orig_size": [
          640,
          278
        ],
        "num_gt": 2,
        "num_pred_val_thresh": 14,
        "avg_obj_logit": -5.962019920349121,
        "num_pred_low_thresh": 30,
        "pred_to_gt_iou_mean": 0.09111258387565613,
        "gt_to_pred_iou_mean": 0.8536794781684875
      },
      {
        "image_id": "141_jpg.rf.a7d2f07e8fbc3051dd3f306d89babea4",
        "orig_size": [
          640,
          312
        ],
        "num_gt": 2,
        "num_pred_val_thresh": 9,
        "avg_obj_logit": -6.009873867034912,
        "num_pred_low_thresh": 30,
        "pred_to_gt_iou_mean": 0.10069774836301804,
        "gt_to_pred_iou_mean": 0.5888521075248718
      }
    ]
  }
}