{
  "epoch": 17,
  "train_loss": 0.23442494262542043,
  "val_loss": 1.004020482301712,
  "train_pos_per_image": 10.092857142857143,
  "val_pos_per_image": 4.958333333333333,
  "metrics": {
    "mAP": 0.12686125934123993,
    "per_class_ap": {
      "0": 0.1071428582072258,
      "1": 0.0,
      "2": 0.5,
      "3": 0.0,
      "4": 0.018518518656492233,
      "5": 0.13550619781017303
    },
    "per_class_counts": {
      "0": {
        "gt": 14,
        "pred": 19,
        "tp": 3,
        "fp": 16,
        "final_recall": 0.2142857164144516,
        "final_precision": 0.15789473056793213
      },
      "2": {
        "gt": 18,
        "pred": 20,
        "tp": 10,
        "fp": 10,
        "final_recall": 0.5555555820465088,
        "final_precision": 0.5
      },
      "4": {
        "gt": 9,
        "pred": 6,
        "tp": 1,
        "fp": 5,
        "final_recall": 0.1111111119389534,
        "final_precision": 0.1666666716337204
      },
      "5": {
        "gt": 67,
        "pred": 274,
        "tp": 39,
        "fp": 235,
        "final_recall": 0.5820895433425903,
        "final_precision": 0.14233577251434326
      }
    },
    "mean_iou": 0.7321623458016303
  },
  "label_stats": {
    "train": {
      "label_dir": "C:\\Users\\54544\\OneDrive\\Documents\\GitHub\\YOLO_DDS\\Dental OPG XRAY Dataset\\Augmented_Data\\train\\labels",
      "num_images": 558,
      "total_valid_boxes": 5642,
      "invalid_boxes": 0,
      "per_class_counts": [
        853,
        172,
        729,
        69,
        526,
        3293
      ],
      "boxes_per_image": {
        "min": 1,
        "max": 25,
        "mean": 10.11111111111111
      }
    },
    "valid": {
      "label_dir": "C:\\Users\\54544\\OneDrive\\Documents\\GitHub\\YOLO_DDS\\Dental OPG XRAY Dataset\\Augmented_Data\\valid\\labels",
      "num_images": 23,
      "total_valid_boxes": 115,
      "invalid_boxes": 0,
      "per_class_counts": [
        14,
        4,
        18,
        3,
        9,
        67
      ],
      "boxes_per_image": {
        "min": 1,
        "max": 10,
        "mean": 5.0
      }
    },
    "test": {
      "label_dir": "C:\\Users\\54544\\OneDrive\\Documents\\GitHub\\YOLO_DDS\\Dental OPG XRAY Dataset\\Augmented_Data\\test\\labels",
      "num_images": 23,
      "total_valid_boxes": 102,
      "invalid_boxes": 0,
      "per_class_counts": [
        26,
        5,
        12,
        0,
        5,
        54
      ],
      "boxes_per_image": {
        "min": 2,
        "max": 9,
        "mean": 4.434782608695652
      }
    }
  },
  "val_debug_batch": {
    "images": [
      {
        "image_id": "105_jpg.rf.fc10e27e37bdacf62e154171aa518d6a",
        "orig_size": [
          640,
          315
        ],
        "num_gt": 3,
        "num_pred_val_thresh": 10,
        "avg_obj_logit": -5.686354160308838,
        "num_pred_low_thresh": 30,
        "pred_to_gt_iou_mean": 0.0629955604672432,
        "gt_to_pred_iou_mean": 0.5818443298339844
      },
      {
        "image_id": "122_jpg.rf.7668820b59771bafa96b99ba5411b121",
        "orig_size": [
          640,
          311
        ],
        "num_gt": 7,
        "num_pred_val_thresh": 8,
        "avg_obj_logit": -5.752168655395508,
        "num_pred_low_thresh": 30,
        "pred_to_gt_iou_mean": 0.24428623914718628,
        "gt_to_pred_iou_mean": 0.6635532379150391
      },
      {
        "image_id": "130_jpg.rf.f26cfd39dad7baef3d90c6f98aaa23ab",
        "orig_size": [
          640,
          278
        ],
        "num_gt": 2,
        "num_pred_val_thresh": 16,
        "avg_obj_logit": -5.700071811676025,
        "num_pred_low_thresh": 30,
        "pred_to_gt_iou_mean": 0.0683121532201767,
        "gt_to_pred_iou_mean": 0.6753697395324707
      },
      {
        "image_id": "141_jpg.rf.a7d2f07e8fbc3051dd3f306d89babea4",
        "orig_size": [
          640,
          312
        ],
        "num_gt": 2,
        "num_pred_val_thresh": 12,
        "avg_obj_logit": -5.716369152069092,
        "num_pred_low_thresh": 30,
        "pred_to_gt_iou_mean": 0.074647918343544,
        "gt_to_pred_iou_mean": 0.6297380924224854
      }
    ]
  }
}