{
  "epoch": 20,
  "train_loss": 0.21040844651205198,
  "train_loss_breakdown": {
    "giou": 0.15930795344923224,
    "objectness": 0.03191921760195068,
    "class": 0.019181275966444186
  },
  "val_loss": 0.9974461595217387,
  "val_loss_breakdown": {
    "giou": 0.3015584995349248,
    "objectness": 0.017889787753423054,
    "class": 0.6779978970686594
  },
  "train_pos_per_image": 10.110714285714286,
  "val_pos_per_image": 4.958333333333333,
  "metrics": {
    "mAP": 0.10404770821332932,
    "per_class_ap": {
      "0": 0.05228758603334427,
      "1": 0.0,
      "2": 0.4321325421333313,
      "3": 0.0,
      "4": 0.03703703731298447,
      "5": 0.10282906144857407
    },
    "per_class_counts": {
      "0": {
        "gt": 14,
        "pred": 20,
        "tp": 3,
        "fp": 17,
        "final_recall": 0.2142857164144516,
        "final_precision": 0.15000000596046448
      },
      "2": {
        "gt": 18,
        "pred": 23,
        "tp": 11,
        "fp": 12,
        "final_recall": 0.6111111044883728,
        "final_precision": 0.47826087474823
      },
      "4": {
        "gt": 9,
        "pred": 4,
        "tp": 1,
        "fp": 3,
        "final_recall": 0.1111111119389534,
        "final_precision": 0.25
      },
      "5": {
        "gt": 67,
        "pred": 194,
        "tp": 31,
        "fp": 163,
        "final_recall": 0.46268656849861145,
        "final_precision": 0.15979380905628204
      }
    },
    "mean_iou": 0.7030531358211598
  },
  "val_confidence": {
    "count": 241,
    "mean": 0.30282190442085266,
    "median": 0.28277891874313354,
    "p90": 0.4320477247238159
  },
  "label_stats": {
    "train": {
      "label_dir": "C:\\Users\\54544\\OneDrive\\Documents\\GitHub\\YOLO_DDS\\Dental OPG XRAY Dataset\\Augmented_Data\\train\\labels",
      "num_images": 558,
      "images_with_no_boxes": 0,
      "total_valid_boxes": 5642,
      "invalid_boxes": 0,
      "per_class_counts": [
        853,
        172,
        729,
        69,
        526,
        3293
      ],
      "per_class_image_freq": [
        392,
        104,
        322,
        58,
        225,
        550
      ],
      "class_presence_ratio": [
        0.7025089605734767,
        0.1863799283154122,
        0.5770609318996416,
        0.1039426523297491,
        0.4032258064516129,
        0.985663082437276
      ],
      "missing_classes": [],
      "class_imbalance_ratio": 47.72463768115942,
      "boxes_per_image": {
        "min": 1,
        "max": 25,
        "mean": 10.11111111111111
      }
    },
    "valid": {
      "label_dir": "C:\\Users\\54544\\OneDrive\\Documents\\GitHub\\YOLO_DDS\\Dental OPG XRAY Dataset\\Augmented_Data\\valid\\labels",
      "num_images": 23,
      "images_with_no_boxes": 0,
      "total_valid_boxes": 115,
      "invalid_boxes": 0,
      "per_class_counts": [
        14,
        4,
        18,
        3,
        9,
        67
      ],
      "per_class_image_freq": [
        8,
        3,
        7,
        3,
        6,
        22
      ],
      "class_presence_ratio": [
        0.34782608695652173,
        0.13043478260869565,
        0.30434782608695654,
        0.13043478260869565,
        0.2608695652173913,
        0.9565217391304348
      ],
      "missing_classes": [],
      "class_imbalance_ratio": 22.333333333333332,
      "boxes_per_image": {
        "min": 1,
        "max": 10,
        "mean": 5.0
      }
    },
    "test": {
      "label_dir": "C:\\Users\\54544\\OneDrive\\Documents\\GitHub\\YOLO_DDS\\Dental OPG XRAY Dataset\\Augmented_Data\\test\\labels",
      "num_images": 23,
      "images_with_no_boxes": 0,
      "total_valid_boxes": 102,
      "invalid_boxes": 0,
      "per_class_counts": [
        26,
        5,
        12,
        0,
        5,
        54
      ],
      "per_class_image_freq": [
        14,
        2,
        7,
        0,
        4,
        23
      ],
      "class_presence_ratio": [
        0.6086956521739131,
        0.08695652173913043,
        0.30434782608695654,
        0.0,
        0.17391304347826086,
        1.0
      ],
      "missing_classes": [
        3
      ],
      "class_imbalance_ratio": 10.8,
      "boxes_per_image": {
        "min": 2,
        "max": 9,
        "mean": 4.434782608695652
      }
    }
  },
  "val_debug_batch": {
    "images": [
      {
        "image_id": "105_jpg.rf.fc10e27e37bdacf62e154171aa518d6a",
        "orig_size": [
          640,
          315
        ],
        "num_gt": 3,
        "num_pred_val_thresh": 11,
        "avg_obj_logit": -5.840425968170166,
        "num_pred_low_thresh": 30,
        "pred_to_gt_iou_mean": 0.09719976037740707,
        "gt_to_pred_iou_mean": 0.7134184837341309
      },
      {
        "image_id": "122_jpg.rf.7668820b59771bafa96b99ba5411b121",
        "orig_size": [
          640,
          311
        ],
        "num_gt": 7,
        "num_pred_val_thresh": 7,
        "avg_obj_logit": -5.923079967498779,
        "num_pred_low_thresh": 30,
        "pred_to_gt_iou_mean": 0.32475265860557556,
        "gt_to_pred_iou_mean": 0.6405473947525024
      },
      {
        "image_id": "130_jpg.rf.f26cfd39dad7baef3d90c6f98aaa23ab",
        "orig_size": [
          640,
          278
        ],
        "num_gt": 2,
        "num_pred_val_thresh": 9,
        "avg_obj_logit": -5.851019859313965,
        "num_pred_low_thresh": 30,
        "pred_to_gt_iou_mean": 0.07660810649394989,
        "gt_to_pred_iou_mean": 0.7440191507339478
      },
      {
        "image_id": "141_jpg.rf.a7d2f07e8fbc3051dd3f306d89babea4",
        "orig_size": [
          640,
          312
        ],
        "num_gt": 2,
        "num_pred_val_thresh": 6,
        "avg_obj_logit": -5.840822696685791,
        "num_pred_low_thresh": 30,
        "pred_to_gt_iou_mean": 0.07197684794664383,
        "gt_to_pred_iou_mean": 0.7051560878753662
      }
    ]
  }
}