{
  "epoch": 37,
  "train_loss": 0.11163005764995303,
  "train_loss_breakdown": {
    "giou": 0.07401426040700504,
    "objectness": 0.028414863853582314,
    "class": 0.009200933450899486
  },
  "val_loss": 1.0562081237634022,
  "val_loss_breakdown": {
    "giou": 0.2731529672940572,
    "objectness": 0.016966716075936954,
    "class": 0.7660884310801824
  },
  "train_pos_per_image": 10.1125,
  "val_pos_per_image": 4.958333333333333,
  "metrics": {
    "mAP": 0.1451892852783203,
    "per_class_ap": {
      "0": 0.11471862345933914,
      "1": 0.0,
      "2": 0.5609925389289856,
      "3": 0.0,
      "4": 0.0555555559694767,
      "5": 0.13986900448799133
    },
    "per_class_counts": {
      "0": {
        "gt": 14,
        "pred": 27,
        "tp": 3,
        "fp": 24,
        "final_recall": 0.2142857164144516,
        "final_precision": 0.1111111119389534
      },
      "2": {
        "gt": 18,
        "pred": 32,
        "tp": 13,
        "fp": 19,
        "final_recall": 0.7222222089767456,
        "final_precision": 0.40625
      },
      "4": {
        "gt": 9,
        "pred": 7,
        "tp": 1,
        "fp": 6,
        "final_recall": 0.1111111119389534,
        "final_precision": 0.1428571492433548
      },
      "5": {
        "gt": 67,
        "pred": 321,
        "tp": 44,
        "fp": 277,
        "final_recall": 0.6567164063453674,
        "final_precision": 0.1370716542005539
      }
    },
    "mean_iou": 0.7388306910341437
  },
  "val_confidence": {
    "count": 387,
    "mean": 0.34853625297546387,
    "median": 0.31361615657806396,
    "p90": 0.5339320302009583
  },
  "label_stats": {
    "train": {
      "label_dir": "C:\\Users\\54544\\OneDrive\\Documents\\GitHub\\YOLO_DDS\\Dental OPG XRAY Dataset\\Augmented_Data\\train\\labels",
      "num_images": 558,
      "images_with_no_boxes": 0,
      "total_valid_boxes": 5642,
      "invalid_boxes": 0,
      "per_class_counts": [
        853,
        172,
        729,
        69,
        526,
        3293
      ],
      "per_class_image_freq": [
        392,
        104,
        322,
        58,
        225,
        550
      ],
      "class_presence_ratio": [
        0.7025089605734767,
        0.1863799283154122,
        0.5770609318996416,
        0.1039426523297491,
        0.4032258064516129,
        0.985663082437276
      ],
      "missing_classes": [],
      "class_imbalance_ratio": 47.72463768115942,
      "boxes_per_image": {
        "min": 1,
        "max": 25,
        "mean": 10.11111111111111
      }
    },
    "valid": {
      "label_dir": "C:\\Users\\54544\\OneDrive\\Documents\\GitHub\\YOLO_DDS\\Dental OPG XRAY Dataset\\Augmented_Data\\valid\\labels",
      "num_images": 23,
      "images_with_no_boxes": 0,
      "total_valid_boxes": 115,
      "invalid_boxes": 0,
      "per_class_counts": [
        14,
        4,
        18,
        3,
        9,
        67
      ],
      "per_class_image_freq": [
        8,
        3,
        7,
        3,
        6,
        22
      ],
      "class_presence_ratio": [
        0.34782608695652173,
        0.13043478260869565,
        0.30434782608695654,
        0.13043478260869565,
        0.2608695652173913,
        0.9565217391304348
      ],
      "missing_classes": [],
      "class_imbalance_ratio": 22.333333333333332,
      "boxes_per_image": {
        "min": 1,
        "max": 10,
        "mean": 5.0
      }
    },
    "test": {
      "label_dir": "C:\\Users\\54544\\OneDrive\\Documents\\GitHub\\YOLO_DDS\\Dental OPG XRAY Dataset\\Augmented_Data\\test\\labels",
      "num_images": 23,
      "images_with_no_boxes": 0,
      "total_valid_boxes": 102,
      "invalid_boxes": 0,
      "per_class_counts": [
        26,
        5,
        12,
        0,
        5,
        54
      ],
      "per_class_image_freq": [
        14,
        2,
        7,
        0,
        4,
        23
      ],
      "class_presence_ratio": [
        0.6086956521739131,
        0.08695652173913043,
        0.30434782608695654,
        0.0,
        0.17391304347826086,
        1.0
      ],
      "missing_classes": [
        3
      ],
      "class_imbalance_ratio": 10.8,
      "boxes_per_image": {
        "min": 2,
        "max": 9,
        "mean": 4.434782608695652
      }
    }
  },
  "val_debug_batch": {
    "images": [
      {
        "image_id": "105_jpg.rf.fc10e27e37bdacf62e154171aa518d6a",
        "orig_size": [
          640,
          315
        ],
        "num_gt": 3,
        "num_pred_val_thresh": 13,
        "avg_obj_logit": -5.99875545501709,
        "num_pred_low_thresh": 30,
        "pred_to_gt_iou_mean": 0.09136518090963364,
        "gt_to_pred_iou_mean": 0.7703987956047058
      },
      {
        "image_id": "122_jpg.rf.7668820b59771bafa96b99ba5411b121",
        "orig_size": [
          640,
          311
        ],
        "num_gt": 7,
        "num_pred_val_thresh": 13,
        "avg_obj_logit": -6.075472354888916,
        "num_pred_low_thresh": 30,
        "pred_to_gt_iou_mean": 0.3058575391769409,
        "gt_to_pred_iou_mean": 0.647689938545227
      },
      {
        "image_id": "130_jpg.rf.f26cfd39dad7baef3d90c6f98aaa23ab",
        "orig_size": [
          640,
          278
        ],
        "num_gt": 2,
        "num_pred_val_thresh": 18,
        "avg_obj_logit": -5.990827560424805,
        "num_pred_low_thresh": 30,
        "pred_to_gt_iou_mean": 0.07783789932727814,
        "gt_to_pred_iou_mean": 0.8215693235397339
      },
      {
        "image_id": "141_jpg.rf.a7d2f07e8fbc3051dd3f306d89babea4",
        "orig_size": [
          640,
          312
        ],
        "num_gt": 2,
        "num_pred_val_thresh": 12,
        "avg_obj_logit": -5.9988603591918945,
        "num_pred_low_thresh": 30,
        "pred_to_gt_iou_mean": 0.07290497422218323,
        "gt_to_pred_iou_mean": 0.7117520570755005
      }
    ]
  }
}