{
  "epoch": 48,
  "train_loss": 0.08755646209631647,
  "val_loss": 1.0975426336129506,
  "train_pos_per_image": 10.121428571428572,
  "val_pos_per_image": 4.958333333333333,
  "metrics": {
    "mAP": 0.12407785654067993,
    "per_class_ap": {
      "0": 0.1734693944454193,
      "1": 0.0,
      "2": 0.40043988823890686,
      "3": 0.0,
      "4": 0.02777777798473835,
      "5": 0.1427800953388214
    },
    "mean_iou": 0.7358622588217258
  },
  "label_stats": {
    "label_dir": "C:\\Users\\54544\\OneDrive\\Documents\\GitHub\\YOLO_DDS\\Dental OPG XRAY Dataset\\Augmented_Data\\train\\labels",
    "num_images": 558,
    "total_valid_boxes": 5642,
    "invalid_boxes": 0,
    "per_class_counts": [
      853,
      172,
      729,
      69,
      526,
      3293
    ],
    "boxes_per_image": {
      "min": 1,
      "max": 25,
      "mean": 10.11111111111111
    }
  },
  "val_debug_batch": {
    "images": [
      {
        "image_id": "105_jpg.rf.fc10e27e37bdacf62e154171aa518d6a",
        "orig_size": [
          640,
          315
        ],
        "num_gt": 3,
        "num_pred_val_thresh": 14,
        "avg_obj_logit": -5.994442462921143,
        "num_pred_low_thresh": 30,
        "pred_to_gt_iou_mean": 0.056770458817481995,
        "gt_to_pred_iou_mean": 0.5319083333015442
      },
      {
        "image_id": "122_jpg.rf.7668820b59771bafa96b99ba5411b121",
        "orig_size": [
          640,
          311
        ],
        "num_gt": 7,
        "num_pred_val_thresh": 13,
        "avg_obj_logit": -6.091753959655762,
        "num_pred_low_thresh": 30,
        "pred_to_gt_iou_mean": 0.267851859331131,
        "gt_to_pred_iou_mean": 0.6761682629585266
      },
      {
        "image_id": "130_jpg.rf.f26cfd39dad7baef3d90c6f98aaa23ab",
        "orig_size": [
          640,
          278
        ],
        "num_gt": 2,
        "num_pred_val_thresh": 14,
        "avg_obj_logit": -5.999687671661377,
        "num_pred_low_thresh": 30,
        "pred_to_gt_iou_mean": 0.09277070313692093,
        "gt_to_pred_iou_mean": 0.8572632670402527
      },
      {
        "image_id": "141_jpg.rf.a7d2f07e8fbc3051dd3f306d89babea4",
        "orig_size": [
          640,
          312
        ],
        "num_gt": 2,
        "num_pred_val_thresh": 9,
        "avg_obj_logit": -6.047882556915283,
        "num_pred_low_thresh": 30,
        "pred_to_gt_iou_mean": 0.09945958107709885,
        "gt_to_pred_iou_mean": 0.5768266916275024
      }
    ]
  }
}