{
  "epoch": 21,
  "train_loss": 0.20341557913592884,
  "val_loss": 1.0783065557479858,
  "train_pos_per_image": 10.135714285714286,
  "val_pos_per_image": 4.958333333333333,
  "metrics": {
    "mAP": 0.14507833123207092,
    "per_class_ap": {
      "0": 0.0833333358168602,
      "1": 0.0,
      "2": 0.5202564001083374,
      "3": 0.0,
      "4": 0.1111111119389534,
      "5": 0.15576915442943573
    },
    "per_class_counts": {
      "0": {
        "gt": 14,
        "pred": 14,
        "tp": 2,
        "fp": 12,
        "final_recall": 0.1428571492433548,
        "final_precision": 0.1428571492433548
      },
      "2": {
        "gt": 18,
        "pred": 26,
        "tp": 12,
        "fp": 14,
        "final_recall": 0.6666666865348816,
        "final_precision": 0.4615384638309479
      },
      "4": {
        "gt": 9,
        "pred": 3,
        "tp": 1,
        "fp": 2,
        "final_recall": 0.1111111119389534,
        "final_precision": 0.3333333432674408
      },
      "5": {
        "gt": 67,
        "pred": 262,
        "tp": 43,
        "fp": 219,
        "final_recall": 0.641791045665741,
        "final_precision": 0.16412213444709778
      }
    },
    "mean_iou": 0.6999193411607009
  },
  "label_stats": {
    "train": {
      "label_dir": "C:\\Users\\54544\\OneDrive\\Documents\\GitHub\\YOLO_DDS\\Dental OPG XRAY Dataset\\Augmented_Data\\train\\labels",
      "num_images": 558,
      "total_valid_boxes": 5642,
      "invalid_boxes": 0,
      "per_class_counts": [
        853,
        172,
        729,
        69,
        526,
        3293
      ],
      "boxes_per_image": {
        "min": 1,
        "max": 25,
        "mean": 10.11111111111111
      }
    },
    "valid": {
      "label_dir": "C:\\Users\\54544\\OneDrive\\Documents\\GitHub\\YOLO_DDS\\Dental OPG XRAY Dataset\\Augmented_Data\\valid\\labels",
      "num_images": 23,
      "total_valid_boxes": 115,
      "invalid_boxes": 0,
      "per_class_counts": [
        14,
        4,
        18,
        3,
        9,
        67
      ],
      "boxes_per_image": {
        "min": 1,
        "max": 10,
        "mean": 5.0
      }
    },
    "test": {
      "label_dir": "C:\\Users\\54544\\OneDrive\\Documents\\GitHub\\YOLO_DDS\\Dental OPG XRAY Dataset\\Augmented_Data\\test\\labels",
      "num_images": 23,
      "total_valid_boxes": 102,
      "invalid_boxes": 0,
      "per_class_counts": [
        26,
        5,
        12,
        0,
        5,
        54
      ],
      "boxes_per_image": {
        "min": 2,
        "max": 9,
        "mean": 4.434782608695652
      }
    }
  },
  "val_debug_batch": {
    "images": [
      {
        "image_id": "105_jpg.rf.fc10e27e37bdacf62e154171aa518d6a",
        "orig_size": [
          640,
          315
        ],
        "num_gt": 3,
        "num_pred_val_thresh": 13,
        "avg_obj_logit": -5.845524311065674,
        "num_pred_low_thresh": 30,
        "pred_to_gt_iou_mean": 0.06331111490726471,
        "gt_to_pred_iou_mean": 0.5827890038490295
      },
      {
        "image_id": "122_jpg.rf.7668820b59771bafa96b99ba5411b121",
        "orig_size": [
          640,
          311
        ],
        "num_gt": 7,
        "num_pred_val_thresh": 5,
        "avg_obj_logit": -5.916772842407227,
        "num_pred_low_thresh": 30,
        "pred_to_gt_iou_mean": 0.2461327761411667,
        "gt_to_pred_iou_mean": 0.6543951630592346
      },
      {
        "image_id": "130_jpg.rf.f26cfd39dad7baef3d90c6f98aaa23ab",
        "orig_size": [
          640,
          278
        ],
        "num_gt": 2,
        "num_pred_val_thresh": 19,
        "avg_obj_logit": -5.8627166748046875,
        "num_pred_low_thresh": 30,
        "pred_to_gt_iou_mean": 0.07804326713085175,
        "gt_to_pred_iou_mean": 0.7878015041351318
      },
      {
        "image_id": "141_jpg.rf.a7d2f07e8fbc3051dd3f306d89babea4",
        "orig_size": [
          640,
          312
        ],
        "num_gt": 2,
        "num_pred_val_thresh": 10,
        "avg_obj_logit": -5.890677452087402,
        "num_pred_low_thresh": 30,
        "pred_to_gt_iou_mean": 0.053051095455884933,
        "gt_to_pred_iou_mean": 0.5605254173278809
      }
    ]
  }
}