{
  "epoch": 49,
  "train_loss": 0.08659040943852493,
  "val_loss": 1.0774546762307484,
  "train_pos_per_image": 10.1,
  "val_pos_per_image": 4.958333333333333,
  "metrics": {
    "mAP": 0.1596803069114685,
    "per_class_ap": {
      "0": 0.09006211906671524,
      "1": 0.0,
      "2": 0.584423840045929,
      "3": 0.0,
      "4": 0.091269850730896,
      "5": 0.19232603907585144
    },
    "per_class_counts": {
      "0": {
        "gt": 14,
        "pred": 25,
        "tp": 3,
        "fp": 22,
        "final_recall": 0.2142857164144516,
        "final_precision": 0.11999999731779099
      },
      "2": {
        "gt": 18,
        "pred": 33,
        "tp": 14,
        "fp": 19,
        "final_recall": 0.7777777910232544,
        "final_precision": 0.42424243688583374
      },
      "4": {
        "gt": 9,
        "pred": 12,
        "tp": 3,
        "fp": 9,
        "final_recall": 0.3333333432674408,
        "final_precision": 0.25
      },
      "5": {
        "gt": 67,
        "pred": 309,
        "tp": 50,
        "fp": 259,
        "final_recall": 0.746268630027771,
        "final_precision": 0.16181229054927826
      }
    },
    "mean_iou": 0.7284283514146681
  },
  "label_stats": {
    "train": {
      "label_dir": "C:\\Users\\54544\\OneDrive\\Documents\\GitHub\\YOLO_DDS\\Dental OPG XRAY Dataset\\Augmented_Data\\train\\labels",
      "num_images": 558,
      "total_valid_boxes": 5642,
      "invalid_boxes": 0,
      "per_class_counts": [
        853,
        172,
        729,
        69,
        526,
        3293
      ],
      "boxes_per_image": {
        "min": 1,
        "max": 25,
        "mean": 10.11111111111111
      }
    },
    "valid": {
      "label_dir": "C:\\Users\\54544\\OneDrive\\Documents\\GitHub\\YOLO_DDS\\Dental OPG XRAY Dataset\\Augmented_Data\\valid\\labels",
      "num_images": 23,
      "total_valid_boxes": 115,
      "invalid_boxes": 0,
      "per_class_counts": [
        14,
        4,
        18,
        3,
        9,
        67
      ],
      "boxes_per_image": {
        "min": 1,
        "max": 10,
        "mean": 5.0
      }
    },
    "test": {
      "label_dir": "C:\\Users\\54544\\OneDrive\\Documents\\GitHub\\YOLO_DDS\\Dental OPG XRAY Dataset\\Augmented_Data\\test\\labels",
      "num_images": 23,
      "total_valid_boxes": 102,
      "invalid_boxes": 0,
      "per_class_counts": [
        26,
        5,
        12,
        0,
        5,
        54
      ],
      "boxes_per_image": {
        "min": 2,
        "max": 9,
        "mean": 4.434782608695652
      }
    }
  },
  "val_debug_batch": {
    "images": [
      {
        "image_id": "105_jpg.rf.fc10e27e37bdacf62e154171aa518d6a",
        "orig_size": [
          640,
          315
        ],
        "num_gt": 3,
        "num_pred_val_thresh": 15,
        "avg_obj_logit": -6.007092475891113,
        "num_pred_low_thresh": 30,
        "pred_to_gt_iou_mean": 0.0917673408985138,
        "gt_to_pred_iou_mean": 0.8121919631958008
      },
      {
        "image_id": "122_jpg.rf.7668820b59771bafa96b99ba5411b121",
        "orig_size": [
          640,
          311
        ],
        "num_gt": 7,
        "num_pred_val_thresh": 13,
        "avg_obj_logit": -6.088552951812744,
        "num_pred_low_thresh": 30,
        "pred_to_gt_iou_mean": 0.29662206768989563,
        "gt_to_pred_iou_mean": 0.6898253560066223
      },
      {
        "image_id": "130_jpg.rf.f26cfd39dad7baef3d90c6f98aaa23ab",
        "orig_size": [
          640,
          278
        ],
        "num_gt": 2,
        "num_pred_val_thresh": 18,
        "avg_obj_logit": -5.996866226196289,
        "num_pred_low_thresh": 30,
        "pred_to_gt_iou_mean": 0.06788668781518936,
        "gt_to_pred_iou_mean": 0.7291499376296997
      },
      {
        "image_id": "141_jpg.rf.a7d2f07e8fbc3051dd3f306d89babea4",
        "orig_size": [
          640,
          312
        ],
        "num_gt": 2,
        "num_pred_val_thresh": 15,
        "avg_obj_logit": -5.99854850769043,
        "num_pred_low_thresh": 30,
        "pred_to_gt_iou_mean": 0.06231691688299179,
        "gt_to_pred_iou_mean": 0.6788784265518188
      }
    ]
  }
}