{
  "epoch": 23,
  "train_loss": 0.18611967212387492,
  "val_loss": 0.9790999293327332,
  "train_pos_per_image": 10.098214285714286,
  "val_pos_per_image": 4.958333333333333,
  "metrics": {
    "mAP": 0.1358078271150589,
    "per_class_ap": {
      "0": 0.10204081982374191,
      "1": 0.0,
      "2": 0.5162944793701172,
      "3": 0.0,
      "4": 0.0555555559694767,
      "5": 0.14095616340637207
    },
    "per_class_counts": {
      "0": {
        "gt": 14,
        "pred": 16,
        "tp": 3,
        "fp": 13,
        "final_recall": 0.2142857164144516,
        "final_precision": 0.1875
      },
      "2": {
        "gt": 18,
        "pred": 36,
        "tp": 11,
        "fp": 25,
        "final_recall": 0.6111111044883728,
        "final_precision": 0.3055555522441864
      },
      "4": {
        "gt": 9,
        "pred": 10,
        "tp": 2,
        "fp": 8,
        "final_recall": 0.2222222238779068,
        "final_precision": 0.20000000298023224
      },
      "5": {
        "gt": 67,
        "pred": 269,
        "tp": 39,
        "fp": 230,
        "final_recall": 0.5820895433425903,
        "final_precision": 0.14498141407966614
      }
    },
    "mean_iou": 0.7151053235644386
  },
  "label_stats": {
    "train": {
      "label_dir": "C:\\Users\\54544\\OneDrive\\Documents\\GitHub\\YOLO_DDS\\Dental OPG XRAY Dataset\\Augmented_Data\\train\\labels",
      "num_images": 558,
      "total_valid_boxes": 5642,
      "invalid_boxes": 0,
      "per_class_counts": [
        853,
        172,
        729,
        69,
        526,
        3293
      ],
      "boxes_per_image": {
        "min": 1,
        "max": 25,
        "mean": 10.11111111111111
      }
    },
    "valid": {
      "label_dir": "C:\\Users\\54544\\OneDrive\\Documents\\GitHub\\YOLO_DDS\\Dental OPG XRAY Dataset\\Augmented_Data\\valid\\labels",
      "num_images": 23,
      "total_valid_boxes": 115,
      "invalid_boxes": 0,
      "per_class_counts": [
        14,
        4,
        18,
        3,
        9,
        67
      ],
      "boxes_per_image": {
        "min": 1,
        "max": 10,
        "mean": 5.0
      }
    },
    "test": {
      "label_dir": "C:\\Users\\54544\\OneDrive\\Documents\\GitHub\\YOLO_DDS\\Dental OPG XRAY Dataset\\Augmented_Data\\test\\labels",
      "num_images": 23,
      "total_valid_boxes": 102,
      "invalid_boxes": 0,
      "per_class_counts": [
        26,
        5,
        12,
        0,
        5,
        54
      ],
      "boxes_per_image": {
        "min": 2,
        "max": 9,
        "mean": 4.434782608695652
      }
    }
  },
  "val_debug_batch": {
    "images": [
      {
        "image_id": "105_jpg.rf.fc10e27e37bdacf62e154171aa518d6a",
        "orig_size": [
          640,
          315
        ],
        "num_gt": 3,
        "num_pred_val_thresh": 10,
        "avg_obj_logit": -5.886371612548828,
        "num_pred_low_thresh": 30,
        "pred_to_gt_iou_mean": 0.08658003062009811,
        "gt_to_pred_iou_mean": 0.7520112991333008
      },
      {
        "image_id": "122_jpg.rf.7668820b59771bafa96b99ba5411b121",
        "orig_size": [
          640,
          311
        ],
        "num_gt": 7,
        "num_pred_val_thresh": 10,
        "avg_obj_logit": -5.933673858642578,
        "num_pred_low_thresh": 30,
        "pred_to_gt_iou_mean": 0.28593406081199646,
        "gt_to_pred_iou_mean": 0.6618226170539856
      },
      {
        "image_id": "130_jpg.rf.f26cfd39dad7baef3d90c6f98aaa23ab",
        "orig_size": [
          640,
          278
        ],
        "num_gt": 2,
        "num_pred_val_thresh": 17,
        "avg_obj_logit": -5.906937122344971,
        "num_pred_low_thresh": 30,
        "pred_to_gt_iou_mean": 0.07415714859962463,
        "gt_to_pred_iou_mean": 0.7413362264633179
      },
      {
        "image_id": "141_jpg.rf.a7d2f07e8fbc3051dd3f306d89babea4",
        "orig_size": [
          640,
          312
        ],
        "num_gt": 2,
        "num_pred_val_thresh": 14,
        "avg_obj_logit": -5.901893138885498,
        "num_pred_low_thresh": 30,
        "pred_to_gt_iou_mean": 0.057109858840703964,
        "gt_to_pred_iou_mean": 0.6140152215957642
      }
    ]
  }
}