{
  "epoch": 5,
  "train_loss": 0.5670420150671687,
  "val_loss": 1.24954487880071,
  "train_pos_per_image": 10.132142857142858,
  "val_pos_per_image": 4.958333333333333,
  "metrics": {
    "mAP": 0.04176720604300499,
    "per_class_ap": {
      "0": 0.0714285746216774,
      "1": 0.0,
      "2": 0.0555555559694767,
      "3": 0.0,
      "4": 0.0,
      "5": 0.12361909449100494
    },
    "mean_iou": 0.6783400750160218
  },
  "label_stats": {
    "label_dir": "C:\\Users\\54544\\OneDrive\\Documents\\GitHub\\YOLO_DDS\\Dental OPG XRAY Dataset\\Augmented_Data\\train\\labels",
    "num_images": 558,
    "total_valid_boxes": 5642,
    "invalid_boxes": 0,
    "per_class_counts": [
      853,
      172,
      729,
      69,
      526,
      3293
    ],
    "boxes_per_image": {
      "min": 1,
      "max": 25,
      "mean": 10.11111111111111
    }
  },
  "val_debug_batch": {
    "images": [
      {
        "image_id": "105_jpg.rf.fc10e27e37bdacf62e154171aa518d6a",
        "orig_size": [
          640,
          315
        ],
        "num_gt": 3,
        "num_pred_val_thresh": 23,
        "avg_obj_logit": -4.954963684082031,
        "num_pred_low_thresh": 30,
        "pred_to_gt_iou_mean": 0.07974501699209213,
        "gt_to_pred_iou_mean": 0.7082710266113281
      },
      {
        "image_id": "122_jpg.rf.7668820b59771bafa96b99ba5411b121",
        "orig_size": [
          640,
          311
        ],
        "num_gt": 7,
        "num_pred_val_thresh": 7,
        "avg_obj_logit": -5.041463375091553,
        "num_pred_low_thresh": 30,
        "pred_to_gt_iou_mean": 0.2065042108297348,
        "gt_to_pred_iou_mean": 0.5983758568763733
      },
      {
        "image_id": "130_jpg.rf.f26cfd39dad7baef3d90c6f98aaa23ab",
        "orig_size": [
          640,
          278
        ],
        "num_gt": 2,
        "num_pred_val_thresh": 17,
        "avg_obj_logit": -5.002501964569092,
        "num_pred_low_thresh": 30,
        "pred_to_gt_iou_mean": 0.06761058419942856,
        "gt_to_pred_iou_mean": 0.6791081428527832
      },
      {
        "image_id": "141_jpg.rf.a7d2f07e8fbc3051dd3f306d89babea4",
        "orig_size": [
          640,
          312
        ],
        "num_gt": 2,
        "num_pred_val_thresh": 14,
        "avg_obj_logit": -4.982800483703613,
        "num_pred_low_thresh": 30,
        "pred_to_gt_iou_mean": 0.038297247141599655,
        "gt_to_pred_iou_mean": 0.36248090863227844
      }
    ]
  }
}