{
  "epoch": 21,
  "train_loss": 0.20929346563560622,
  "val_loss": 1.1024648646513622,
  "train_pos_per_image": 10.135714285714286,
  "val_pos_per_image": 4.958333333333333,
  "metrics": {
    "mAP": 0.0824723020195961,
    "per_class_ap": {
      "0": 0.0714285746216774,
      "1": 0.0,
      "2": 0.2940841317176819,
      "3": 0.0,
      "4": 0.0,
      "5": 0.12932108342647552
    },
    "mean_iou": 0.742878815302482
  },
  "label_stats": {
    "label_dir": "C:\\Users\\54544\\OneDrive\\Documents\\GitHub\\YOLO_DDS\\Dental OPG XRAY Dataset\\Augmented_Data\\train\\labels",
    "num_images": 558,
    "total_valid_boxes": 5642,
    "invalid_boxes": 0,
    "per_class_counts": [
      853,
      172,
      729,
      69,
      526,
      3293
    ],
    "boxes_per_image": {
      "min": 1,
      "max": 25,
      "mean": 10.11111111111111
    }
  },
  "val_debug_batch": {
    "images": [
      {
        "image_id": "105_jpg.rf.fc10e27e37bdacf62e154171aa518d6a",
        "orig_size": [
          640,
          315
        ],
        "num_gt": 3,
        "num_pred_val_thresh": 16,
        "avg_obj_logit": -5.804656505584717,
        "num_pred_low_thresh": 30,
        "pred_to_gt_iou_mean": 0.05755472183227539,
        "gt_to_pred_iou_mean": 0.5662211179733276
      },
      {
        "image_id": "122_jpg.rf.7668820b59771bafa96b99ba5411b121",
        "orig_size": [
          640,
          311
        ],
        "num_gt": 7,
        "num_pred_val_thresh": 7,
        "avg_obj_logit": -5.901230812072754,
        "num_pred_low_thresh": 30,
        "pred_to_gt_iou_mean": 0.2338765412569046,
        "gt_to_pred_iou_mean": 0.6218715906143188
      },
      {
        "image_id": "130_jpg.rf.f26cfd39dad7baef3d90c6f98aaa23ab",
        "orig_size": [
          640,
          278
        ],
        "num_gt": 2,
        "num_pred_val_thresh": 16,
        "avg_obj_logit": -5.820136070251465,
        "num_pred_low_thresh": 30,
        "pred_to_gt_iou_mean": 0.08183059096336365,
        "gt_to_pred_iou_mean": 0.7642994523048401
      },
      {
        "image_id": "141_jpg.rf.a7d2f07e8fbc3051dd3f306d89babea4",
        "orig_size": [
          640,
          312
        ],
        "num_gt": 2,
        "num_pred_val_thresh": 7,
        "avg_obj_logit": -5.868692874908447,
        "num_pred_low_thresh": 30,
        "pred_to_gt_iou_mean": 0.07202203571796417,
        "gt_to_pred_iou_mean": 0.5685362815856934
      }
    ]
  }
}