{
  "epoch": 22,
  "train_loss": 0.1980340584048203,
  "val_loss": 1.0142777562141418,
  "train_pos_per_image": 10.105357142857143,
  "val_pos_per_image": 4.958333333333333,
  "metrics": {
    "mAP": 0.10923552513122559,
    "per_class_ap": {
      "0": 0.14148205518722534,
      "1": 0.0,
      "2": 0.35085469484329224,
      "3": 0.0,
      "4": 0.02777777798473835,
      "5": 0.13529862463474274
    },
    "mean_iou": 0.73663045246093
  },
  "label_stats": {
    "label_dir": "C:\\Users\\54544\\OneDrive\\Documents\\GitHub\\YOLO_DDS\\Dental OPG XRAY Dataset\\Augmented_Data\\train\\labels",
    "num_images": 558,
    "total_valid_boxes": 5642,
    "invalid_boxes": 0,
    "per_class_counts": [
      853,
      172,
      729,
      69,
      526,
      3293
    ],
    "boxes_per_image": {
      "min": 1,
      "max": 25,
      "mean": 10.11111111111111
    }
  },
  "val_debug_batch": {
    "images": [
      {
        "image_id": "105_jpg.rf.fc10e27e37bdacf62e154171aa518d6a",
        "orig_size": [
          640,
          315
        ],
        "num_gt": 3,
        "num_pred_val_thresh": 16,
        "avg_obj_logit": -5.79280948638916,
        "num_pred_low_thresh": 30,
        "pred_to_gt_iou_mean": 0.05517448112368584,
        "gt_to_pred_iou_mean": 0.5028282403945923
      },
      {
        "image_id": "122_jpg.rf.7668820b59771bafa96b99ba5411b121",
        "orig_size": [
          640,
          311
        ],
        "num_gt": 7,
        "num_pred_val_thresh": 12,
        "avg_obj_logit": -5.920869827270508,
        "num_pred_low_thresh": 30,
        "pred_to_gt_iou_mean": 0.23056766390800476,
        "gt_to_pred_iou_mean": 0.5682243704795837
      },
      {
        "image_id": "130_jpg.rf.f26cfd39dad7baef3d90c6f98aaa23ab",
        "orig_size": [
          640,
          278
        ],
        "num_gt": 2,
        "num_pred_val_thresh": 15,
        "avg_obj_logit": -5.808475971221924,
        "num_pred_low_thresh": 30,
        "pred_to_gt_iou_mean": 0.08908753842115402,
        "gt_to_pred_iou_mean": 0.8295863270759583
      },
      {
        "image_id": "141_jpg.rf.a7d2f07e8fbc3051dd3f306d89babea4",
        "orig_size": [
          640,
          312
        ],
        "num_gt": 2,
        "num_pred_val_thresh": 8,
        "avg_obj_logit": -5.862148761749268,
        "num_pred_low_thresh": 30,
        "pred_to_gt_iou_mean": 0.06625951826572418,
        "gt_to_pred_iou_mean": 0.7033793926239014
      }
    ]
  }
}