{
  "epoch": 32,
  "train_loss": 0.133888432223882,
  "val_loss": 1.0784797469774883,
  "train_pos_per_image": 10.139285714285714,
  "val_pos_per_image": 4.958333333333333,
  "metrics": {
    "mAP": 0.15416650474071503,
    "per_class_ap": {
      "0": 0.08571428805589676,
      "1": 0.0,
      "2": 0.5698765516281128,
      "3": 0.0,
      "4": 0.1111111119389534,
      "5": 0.15829706192016602
    },
    "per_class_counts": {
      "0": {
        "gt": 14,
        "pred": 15,
        "tp": 2,
        "fp": 13,
        "final_recall": 0.1428571492433548,
        "final_precision": 0.13333334028720856
      },
      "2": {
        "gt": 18,
        "pred": 25,
        "tp": 12,
        "fp": 13,
        "final_recall": 0.6666666865348816,
        "final_precision": 0.47999998927116394
      },
      "4": {
        "gt": 9,
        "pred": 6,
        "tp": 2,
        "fp": 4,
        "final_recall": 0.2222222238779068,
        "final_precision": 0.3333333432674408
      },
      "5": {
        "gt": 67,
        "pred": 279,
        "tp": 46,
        "fp": 233,
        "final_recall": 0.6865671873092651,
        "final_precision": 0.16487455368041992
      }
    },
    "mean_iou": 0.7306270693029676
  },
  "label_stats": {
    "train": {
      "label_dir": "C:\\Users\\54544\\OneDrive\\Documents\\GitHub\\YOLO_DDS\\Dental OPG XRAY Dataset\\Augmented_Data\\train\\labels",
      "num_images": 558,
      "total_valid_boxes": 5642,
      "invalid_boxes": 0,
      "per_class_counts": [
        853,
        172,
        729,
        69,
        526,
        3293
      ],
      "boxes_per_image": {
        "min": 1,
        "max": 25,
        "mean": 10.11111111111111
      }
    },
    "valid": {
      "label_dir": "C:\\Users\\54544\\OneDrive\\Documents\\GitHub\\YOLO_DDS\\Dental OPG XRAY Dataset\\Augmented_Data\\valid\\labels",
      "num_images": 23,
      "total_valid_boxes": 115,
      "invalid_boxes": 0,
      "per_class_counts": [
        14,
        4,
        18,
        3,
        9,
        67
      ],
      "boxes_per_image": {
        "min": 1,
        "max": 10,
        "mean": 5.0
      }
    },
    "test": {
      "label_dir": "C:\\Users\\54544\\OneDrive\\Documents\\GitHub\\YOLO_DDS\\Dental OPG XRAY Dataset\\Augmented_Data\\test\\labels",
      "num_images": 23,
      "total_valid_boxes": 102,
      "invalid_boxes": 0,
      "per_class_counts": [
        26,
        5,
        12,
        0,
        5,
        54
      ],
      "boxes_per_image": {
        "min": 2,
        "max": 9,
        "mean": 4.434782608695652
      }
    }
  },
  "val_debug_batch": {
    "images": [
      {
        "image_id": "105_jpg.rf.fc10e27e37bdacf62e154171aa518d6a",
        "orig_size": [
          640,
          315
        ],
        "num_gt": 3,
        "num_pred_val_thresh": 12,
        "avg_obj_logit": -6.030823230743408,
        "num_pred_low_thresh": 30,
        "pred_to_gt_iou_mean": 0.06585592776536942,
        "gt_to_pred_iou_mean": 0.5741518139839172
      },
      {
        "image_id": "122_jpg.rf.7668820b59771bafa96b99ba5411b121",
        "orig_size": [
          640,
          311
        ],
        "num_gt": 7,
        "num_pred_val_thresh": 8,
        "avg_obj_logit": -6.091330528259277,
        "num_pred_low_thresh": 30,
        "pred_to_gt_iou_mean": 0.26551178097724915,
        "gt_to_pred_iou_mean": 0.6494974493980408
      },
      {
        "image_id": "130_jpg.rf.f26cfd39dad7baef3d90c6f98aaa23ab",
        "orig_size": [
          640,
          278
        ],
        "num_gt": 2,
        "num_pred_val_thresh": 18,
        "avg_obj_logit": -6.042591094970703,
        "num_pred_low_thresh": 30,
        "pred_to_gt_iou_mean": 0.07827991992235184,
        "gt_to_pred_iou_mean": 0.8073512315750122
      },
      {
        "image_id": "141_jpg.rf.a7d2f07e8fbc3051dd3f306d89babea4",
        "orig_size": [
          640,
          312
        ],
        "num_gt": 2,
        "num_pred_val_thresh": 9,
        "avg_obj_logit": -6.0684895515441895,
        "num_pred_low_thresh": 30,
        "pred_to_gt_iou_mean": 0.07358770817518234,
        "gt_to_pred_iou_mean": 0.6186190247535706
      }
    ]
  }
}